user_id,username,country,plan,age_group,signup_date
1,user_1,UK,free,18-24,2023-10-05
2,user_2,France,free,18-24,2023-01-16
3,user_3,Germany,premium,18-24,2024-06-08
4,user_4,Brazil,free,25-34,2023-12-22
5,user_5,US,premium,25-34,2023-12-22
6,user_6,US,free,35-44,2024-08-21
7,user_7,US,premium,13-17,2023-03-19
8,user_8,Mexico,premium,25-34,2023-03-08
9,user_9,Brazil,free,35-44,2024-12-23
10,user_10,Germany,free,35-44,2023-08-02
11,user_11,US,free,35-44,2024-11-27
12,user_12,Australia,premium,25-34,2024-03-24
13,user_13,Mexico,free,45+,2024-03-08
14,user_14,US,premium,18-24,2024-06-28
15,user_15,US,free,25-34,2023-04-25
16,user_16,US,free,13-17,2024-02-24
17,user_17,UK,free,13-17,2024-05-13
18,user_18,India,free,18-24,2024-12-10
19,user_19,India,free,18-24,2024-01-15
20,user_20,US,premium,18-24,2023-05-23
21,user_21,Brazil,premium,18-24,2024-09-23
22,user_22,US,free,13-17,2023-01-24
23,user_23,US,premium,45+,2024-06-22
24,user_24,UK,premium,13-17,2023-03-16
25,user_25,India,premium,35-44,2024-06-18
26,user_26,Japan,free,18-24,2024-11-03
27,user_27,US,free,45+,2023-02-10
28,user_28,India,free,35-44,2024-07-21
29,user_29,Brazil,premium,25-34,2024-02-17
30,user_30,US,free,25-34,2024-02-19
31,user_31,Brazil,free,13-17,2024-03-24
32,user_32,US,free,45+,2024-09-01
33,user_33,US,free,35-44,2024-10-19
34,user_34,France,premium,35-44,2024-03-11
35,user_35,Australia,free,25-34,2024-07-05
36,user_36,Japan,free,18-24,2024-12-05
37,user_37,UK,premium,35-44,2023-08-27
38,user_38,US,premium,18-24,2023-02-11
39,user_39,Germany,premium,25-34,2024-12-08
40,user_40,India,premium,18-24,2023-01-10
41,user_41,US,premium,45+,2023-09-22
42,user_42,India,free,18-24,2024-08-03
43,user_43,US,free,18-24,2024-03-20
44,user_44,Canada,premium,25-34,2023-05-19
45,user_45,US,premium,35-44,2023-07-15
46,user_46,Brazil,premium,25-34,2023-03-15
47,user_47,UK,free,18-24,2024-09-06
48,user_48,India,free,13-17,2023-08-13
49,user_49,India,free,35-44,2024-09-26
50,user_50,US,free,45+,2023-04-12
51,user_51,Australia,free,35-44,2023-09-21
52,user_52,Japan,premium,25-34,2023-06-10
53,user_53,France,free,45+,2023-08-21
54,user_54,Canada,free,25-34,2024-05-05
55,user_55,Brazil,free,25-34,2023-11-07
56,user_56,France,premium,25-34,2024-10-12
57,user_57,US,free,25-34,2023-08-15
58,user_58,US,free,35-44,2023-09-30
59,user_59,US,free,25-34,2023-11-13
60,user_60,UK,free,18-24,2023-03-27
61,user_61,UK,premium,18-24,2023-10-18
62,user_62,US,premium,13-17,2024-04-13
63,user_63,Mexico,free,25-34,2024-12-29
64,user_64,UK,free,18-24,2024-07-31
65,user_65,US,premium,18-24,2024-10-08
66,user_66,India,free,25-34,2024-02-08
67,user_67,US,free,25-34,2024-03-02
68,user_68,Japan,free,35-44,2024-01-10
69,user_69,US,premium,25-34,2024-07-20
70,user_70,Australia,free,35-44,2023-09-09
71,user_71,Japan,free,45+,2024-06-16
72,user_72,US,premium,35-44,2023-11-03
73,user_73,US,free,25-34,2024-03-05
74,user_74,Japan,free,18-24,2024-11-05
75,user_75,Germany,premium,45+,2023-09-21
76,user_76,Germany,free,18-24,2023-03-09
77,user_77,Japan,premium,18-24,2023-04-17
78,user_78,US,free,25-34,2024-02-04
79,user_79,UK,free,13-17,2024-08-01
80,user_80,US,free,45+,2023-07-18
81,user_81,Mexico,free,25-34,2023-07-11
82,user_82,Brazil,free,25-34,2024-05-28
83,user_83,UK,premium,25-34,2024-03-17
84,user_84,US,free,25-34,2023-01-01
85,user_85,UK,free,13-17,2023-12-24
86,user_86,UK,free,25-34,2023-04-25
87,user_87,Germany,premium,25-34,2024-08-22
88,user_88,Brazil,free,25-34,2023-07-16
89,user_89,Canada,free,35-44,2024-08-26
90,user_90,India,free,18-24,2023-10-01
91,user_91,US,free,18-24,2023-06-09
92,user_92,Germany,free,18-24,2023-06-22
93,user_93,Japan,premium,18-24,2024-06-28
94,user_94,India,free,35-44,2024-04-02
95,user_95,Japan,free,35-44,2024-08-07
96,user_96,India,free,25-34,2024-03-08
97,user_97,India,premium,25-34,2024-04-25
98,user_98,India,free,25-34,2024-03-30
99,user_99,US,free,18-24,2023-07-15
100,user_100,US,free,18-24,2024-08-21
101,user_101,US,free,45+,2023-11-05
102,user_102,Brazil,free,25-34,2024-07-09
103,user_103,UK,free,45+,2024-05-08
104,user_104,India,free,18-24,2024-03-14
105,user_105,Canada,free,25-34,2024-10-11
106,user_106,US,free,18-24,2023-12-25
107,user_107,UK,free,18-24,2023-02-05
108,user_108,Japan,free,25-34,2023-02-03
109,user_109,US,premium,18-24,2023-03-29
110,user_110,US,premium,18-24,2024-10-19
111,user_111,US,premium,18-24,2023-01-16
112,user_112,US,premium,13-17,2024-02-25
113,user_113,France,premium,25-34,2024-07-06
114,user_114,Japan,premium,25-34,2023-05-06
115,user_115,Brazil,free,18-24,2023-01-08
116,user_116,Canada,premium,18-24,2024-04-16
117,user_117,Japan,free,18-24,2024-04-12
118,user_118,US,free,25-34,2024-05-24
119,user_119,Canada,premium,18-24,2024-02-06
120,user_120,India,free,35-44,2023-06-25
121,user_121,Japan,free,13-17,2024-01-02
122,user_122,Canada,premium,18-24,2024-05-02
123,user_123,UK,free,35-44,2023-01-18
124,user_124,US,free,25-34,2023-02-25
125,user_125,US,premium,13-17,2023-02-04
126,user_126,India,premium,35-44,2024-09-21
127,user_127,Japan,free,25-34,2024-12-25
128,user_128,Mexico,free,35-44,2024-07-26
129,user_129,US,free,25-34,2024-08-22
130,user_130,India,premium,25-34,2023-12-13
131,user_131,UK,free,45+,2023-02-01
132,user_132,US,free,18-24,2023-05-13
133,user_133,US,free,25-34,2024-07-29
134,user_134,UK,free,25-34,2023-07-18
135,user_135,France,premium,13-17,2023-09-13
136,user_136,UK,free,13-17,2023-12-08
137,user_137,India,premium,18-24,2024-10-28
138,user_138,Germany,free,25-34,2023-08-19
139,user_139,UK,premium,25-34,2023-10-28
140,user_140,Australia,premium,25-34,2024-06-30
141,user_141,Australia,free,13-17,2023-01-26
142,user_142,US,free,25-34,2024-06-18
143,user_143,India,free,45+,2024-10-14
144,user_144,UK,premium,25-34,2024-04-18
145,user_145,US,free,25-34,2024-01-22
146,user_146,US,premium,35-44,2023-10-12
147,user_147,Brazil,premium,35-44,2024-03-25
148,user_148,India,premium,25-34,2023-11-16
149,user_149,US,premium,35-44,2023-06-05
150,user_150,US,free,25-34,2024-04-15
151,user_151,Canada,free,35-44,2024-02-24
152,user_152,US,free,18-24,2023-04-23
153,user_153,US,premium,18-24,2024-10-12
154,user_154,India,premium,13-17,2024-02-26
155,user_155,Australia,premium,35-44,2024-12-21
156,user_156,US,free,25-34,2024-08-20
157,user_157,Germany,free,18-24,2023-10-12
158,user_158,Japan,premium,18-24,2024-07-25
159,user_159,US,free,45+,2023-02-23
160,user_160,Germany,free,35-44,2024-08-27
161,user_161,UK,premium,25-34,2023-11-21
162,user_162,Brazil,free,25-34,2024-04-02
163,user_163,Brazil,free,25-34,2023-09-22
164,user_164,India,free,25-34,2024-01-17
165,user_165,US,free,45+,2023-08-01
166,user_166,Mexico,premium,18-24,2023-11-29
167,user_167,UK,free,25-34,2023-01-10
168,user_168,US,free,18-24,2023-12-24
169,user_169,US,free,25-34,2023-07-22
170,user_170,Brazil,premium,25-34,2024-12-08
171,user_171,Germany,free,25-34,2023-02-27
172,user_172,US,free,18-24,2024-05-08
173,user_173,India,free,25-34,2024-05-24
174,user_174,US,free,18-24,2023-08-11
175,user_175,Brazil,free,18-24,2024-01-04
176,user_176,US,premium,13-17,2024-11-22
177,user_177,Germany,premium,35-44,2024-02-22
178,user_178,UK,free,25-34,2024-06-30
179,user_179,France,free,25-34,2023-04-13
180,user_180,US,premium,25-34,2023-06-10
181,user_181,UK,free,25-34,2023-07-19
182,user_182,US,premium,25-34,2023-06-09
183,user_183,France,free,25-34,2024-11-25
184,user_184,Canada,premium,18-24,2023-05-16
185,user_185,US,premium,25-34,2024-02-02
186,user_186,Brazil,premium,25-34,2024-01-27
187,user_187,Japan,premium,35-44,2023-04-16
188,user_188,India,free,35-44,2024-08-05
189,user_189,India,premium,18-24,2024-08-11
190,user_190,US,free,18-24,2023-02-23
191,user_191,US,free,25-34,2023-10-04
192,user_192,Canada,premium,18-24,2023-04-21
193,user_193,Canada,premium,13-17,2023-08-12
194,user_194,Brazil,premium,35-44,2023-03-16
195,user_195,UK,free,18-24,2024-05-20
196,user_196,UK,premium,45+,2023-01-14
197,user_197,Germany,premium,25-34,2024-04-26
198,user_198,Canada,free,35-44,2023-07-08
199,user_199,Canada,free,18-24,2023-12-30
200,user_200,Japan,free,18-24,2023-08-27
201,user_201,Brazil,free,25-34,2024-02-05
202,user_202,US,premium,18-24,2023-10-31
203,user_203,US,premium,18-24,2023-04-01
204,user_204,Canada,premium,18-24,2024-01-27
205,user_205,Brazil,premium,18-24,2023-07-03
206,user_206,US,free,18-24,2023-01-17
207,user_207,US,premium,35-44,2023-01-12
208,user_208,Brazil,free,18-24,2023-06-15
209,user_209,US,premium,13-17,2023-05-26
210,user_210,US,free,25-34,2023-10-09
211,user_211,India,premium,45+,2024-07-02
212,user_212,Germany,free,18-24,2024-08-04
213,user_213,Brazil,free,18-24,2023-06-18
214,user_214,US,premium,25-34,2023-06-19
215,user_215,Germany,free,45+,2023-12-12
216,user_216,US,premium,35-44,2024-05-13
217,user_217,UK,free,25-34,2024-04-04
218,user_218,Germany,premium,18-24,2023-10-24
219,user_219,Brazil,free,25-34,2023-05-22
220,user_220,Mexico,free,18-24,2024-11-25
221,user_221,Brazil,free,25-34,2023-02-22
222,user_222,India,free,25-34,2023-04-28
223,user_223,US,free,45+,2023-12-31
224,user_224,UK,free,18-24,2024-11-01
225,user_225,US,free,13-17,2023-05-16
226,user_226,US,free,25-34,2024-02-18
227,user_227,Australia,free,25-34,2023-03-18
228,user_228,UK,premium,35-44,2024-07-10
229,user_229,Canada,free,18-24,2023-01-18
230,user_230,Brazil,free,18-24,2024-02-07
231,user_231,Japan,premium,25-34,2023-07-24
232,user_232,India,free,18-24,2024-05-13
233,user_233,Brazil,premium,35-44,2023-11-20
234,user_234,India,free,25-34,2024-08-17
235,user_235,US,free,35-44,2024-07-15
236,user_236,Germany,free,25-34,2023-10-08
237,user_237,US,premium,35-44,2023-06-15
238,user_238,US,premium,18-24,2023-08-31
239,user_239,Brazil,free,35-44,2024-04-23
240,user_240,US,free,18-24,2023-06-13
241,user_241,France,premium,25-34,2023-11-20
242,user_242,France,free,18-24,2024-07-21
243,user_243,Canada,free,25-34,2024-07-04
244,user_244,UK,premium,18-24,2024-10-01
245,user_245,US,premium,18-24,2024-09-25
246,user_246,France,free,45+,2024-11-28
247,user_247,India,premium,18-24,2023-07-27
248,user_248,Australia,premium,35-44,2023-11-11
249,user_249,Australia,free,45+,2023-10-31
250,user_250,Mexico,free,13-17,2023-08-27
251,user_251,US,free,25-34,2024-12-27
252,user_252,UK,premium,18-24,2023-08-12
253,user_253,Mexico,premium,13-17,2023-03-29
254,user_254,UK,free,25-34,2024-06-20
255,user_255,US,premium,45+,2024-03-04
256,user_256,India,free,13-17,2023-08-08
257,user_257,France,free,25-34,2023-10-02
258,user_258,Germany,free,25-34,2024-10-08
259,user_259,Brazil,free,35-44,2023-03-07
260,user_260,US,premium,18-24,2024-08-14
261,user_261,Brazil,free,25-34,2024-02-27
262,user_262,Australia,premium,25-34,2023-09-12
263,user_263,US,free,25-34,2023-05-05
264,user_264,India,free,45+,2023-05-26
265,user_265,Canada,premium,35-44,2024-09-06
266,user_266,Germany,free,13-17,2024-01-20
267,user_267,Germany,free,25-34,2024-03-22
268,user_268,Germany,free,25-34,2024-01-22
269,user_269,UK,premium,18-24,2024-01-18
270,user_270,US,free,25-34,2023-10-04
271,user_271,Japan,free,25-34,2024-01-17
272,user_272,Japan,free,25-34,2023-05-04
273,user_273,Mexico,free,45+,2023-09-24
274,user_274,Canada,premium,18-24,2023-04-21
275,user_275,India,free,45+,2024-01-16
276,user_276,India,free,25-34,2024-08-23
277,user_277,Japan,free,25-34,2023-06-07
278,user_278,Brazil,free,35-44,2024-12-28
279,user_279,Germany,premium,18-24,2024-07-01
280,user_280,Japan,free,25-34,2024-08-21
281,user_281,Canada,premium,25-34,2023-04-28
282,user_282,UK,free,18-24,2023-11-24
283,user_283,UK,free,45+,2024-11-24
284,user_284,US,premium,35-44,2023-03-09
285,user_285,Brazil,free,18-24,2024-03-09
286,user_286,US,premium,18-24,2023-12-25
287,user_287,India,premium,25-34,2024-11-01
288,user_288,India,free,18-24,2024-03-18
289,user_289,US,free,25-34,2023-06-13
290,user_290,Brazil,premium,18-24,2023-12-27
291,user_291,US,free,25-34,2024-08-07
292,user_292,US,free,13-17,2023-04-29
293,user_293,Mexico,free,18-24,2023-07-14
294,user_294,UK,free,25-34,2024-08-23
295,user_295,US,premium,25-34,2024-08-10
296,user_296,India,free,45+,2024-10-12
297,user_297,Japan,free,35-44,2023-08-29
298,user_298,US,premium,18-24,2024-05-23
299,user_299,Brazil,free,13-17,2024-10-27
300,user_300,US,free,35-44,2024-07-18
301,user_301,US,premium,45+,2023-05-22
302,user_302,India,free,35-44,2023-01-31
303,user_303,India,premium,18-24,2023-08-11
304,user_304,Brazil,premium,45+,2023-09-23
305,user_305,Germany,free,18-24,2023-10-09
306,user_306,Australia,free,25-34,2024-01-16
307,user_307,India,free,45+,2024-07-09
308,user_308,UK,free,18-24,2023-03-03
309,user_309,Japan,premium,45+,2024-12-13
310,user_310,US,premium,18-24,2024-06-04
311,user_311,India,free,45+,2023-03-12
312,user_312,US,premium,18-24,2024-08-24
313,user_313,US,premium,45+,2024-06-19
314,user_314,Australia,premium,13-17,2023-05-20
315,user_315,Mexico,free,25-34,2023-11-12
316,user_316,Germany,free,25-34,2023-12-06
317,user_317,UK,free,25-34,2024-08-12
318,user_318,US,premium,18-24,2024-12-26
319,user_319,US,free,25-34,2024-06-11
320,user_320,US,free,18-24,2024-06-24
321,user_321,India,free,25-34,2024-02-20
322,user_322,Germany,free,18-24,2024-04-11
323,user_323,Brazil,free,45+,2024-01-10
324,user_324,US,premium,13-17,2023-10-18
325,user_325,France,free,18-24,2023-02-12
326,user_326,Germany,free,18-24,2023-02-22
327,user_327,India,free,25-34,2023-08-20
328,user_328,Brazil,free,18-24,2023-07-31
329,user_329,UK,free,25-34,2023-01-08
330,user_330,US,free,35-44,2024-09-25
331,user_331,UK,free,25-34,2024-04-27
332,user_332,Japan,free,25-34,2023-02-11
333,user_333,US,free,18-24,2023-11-29
334,user_334,US,free,25-34,2023-08-21
335,user_335,US,premium,18-24,2023-03-11
336,user_336,US,premium,35-44,2023-01-16
337,user_337,Mexico,free,18-24,2023-03-10
338,user_338,Germany,free,25-34,2023-02-22
339,user_339,India,premium,18-24,2024-11-15
340,user_340,US,free,35-44,2024-01-14
341,user_341,India,premium,18-24,2024-04-07
342,user_342,India,premium,25-34,2024-06-10
343,user_343,US,free,18-24,2024-11-09
344,user_344,India,free,25-34,2023-03-04
345,user_345,UK,premium,45+,2023-09-18
346,user_346,Brazil,free,25-34,2024-05-14
347,user_347,Brazil,free,25-34,2023-05-01
348,user_348,US,free,45+,2023-08-28
349,user_349,UK,free,25-34,2024-04-09
350,user_350,Brazil,premium,25-34,2023-04-17
351,user_351,India,premium,25-34,2023-06-29
352,user_352,Mexico,premium,25-34,2023-01-16
353,user_353,Brazil,free,18-24,2023-12-21
354,user_354,US,free,35-44,2023-11-05
355,user_355,US,free,25-34,2024-12-27
356,user_356,Brazil,free,13-17,2024-08-11
357,user_357,US,free,35-44,2024-08-27
358,user_358,Brazil,premium,18-24,2023-06-30
359,user_359,France,premium,18-24,2023-06-23
360,user_360,Brazil,free,25-34,2023-12-20
361,user_361,UK,premium,35-44,2023-12-20
362,user_362,Brazil,free,35-44,2023-08-07
363,user_363,India,free,45+,2024-10-16
364,user_364,India,premium,35-44,2023-11-11
365,user_365,France,free,13-17,2024-03-09
366,user_366,UK,premium,25-34,2023-10-09
367,user_367,Australia,premium,35-44,2023-09-16
368,user_368,Canada,free,18-24,2024-07-12
369,user_369,US,premium,25-34,2023-01-05
370,user_370,US,free,25-34,2024-07-27
371,user_371,US,free,18-24,2024-08-18
372,user_372,US,free,45+,2024-10-06
373,user_373,US,free,25-34,2024-01-29
374,user_374,Germany,premium,25-34,2023-12-02
375,user_375,US,free,45+,2023-03-04
376,user_376,UK,premium,25-34,2023-02-13
377,user_377,Mexico,free,18-24,2023-06-02
378,user_378,US,free,25-34,2024-11-13
379,user_379,Japan,premium,35-44,2023-06-05
380,user_380,US,free,35-44,2024-04-22
381,user_381,US,free,35-44,2023-10-02
382,user_382,Germany,free,25-34,2023-12-24
383,user_383,Brazil,free,18-24,2024-03-01
384,user_384,Canada,free,35-44,2024-06-15
385,user_385,Germany,premium,35-44,2024-04-27
386,user_386,Japan,free,18-24,2023-08-02
387,user_387,US,free,18-24,2023-03-20
388,user_388,US,premium,45+,2023-05-19
389,user_389,Japan,free,35-44,2023-04-08
390,user_390,Japan,premium,35-44,2024-10-25
391,user_391,Australia,free,35-44,2023-07-17
392,user_392,UK,free,25-34,2023-06-05
393,user_393,UK,premium,25-34,2023-02-19
394,user_394,Japan,free,25-34,2024-04-23
395,user_395,UK,premium,13-17,2023-08-16
396,user_396,France,free,35-44,2024-04-01
397,user_397,Mexico,free,25-34,2024-06-05
398,user_398,India,free,25-34,2023-05-29
399,user_399,Japan,free,25-34,2023-02-27
400,user_400,Japan,premium,25-34,2023-06-11
401,user_401,US,free,18-24,2024-04-21
402,user_402,Canada,premium,18-24,2023-04-17
403,user_403,India,premium,18-24,2024-03-02
404,user_404,Mexico,free,18-24,2024-01-30
405,user_405,UK,free,45+,2023-07-05
406,user_406,Canada,premium,18-24,2024-07-11
407,user_407,UK,premium,18-24,2024-03-21
408,user_408,US,free,25-34,2024-10-02
409,user_409,Canada,free,25-34,2024-03-23
410,user_410,US,free,18-24,2023-03-28
411,user_411,UK,premium,35-44,2023-09-06
412,user_412,France,free,35-44,2024-03-15
413,user_413,France,premium,18-24,2023-09-14
414,user_414,Brazil,free,18-24,2023-10-04
415,user_415,Brazil,free,45+,2024-03-13
416,user_416,India,free,35-44,2024-05-30
417,user_417,US,free,25-34,2024-07-30
418,user_418,UK,free,18-24,2023-07-21
419,user_419,Germany,free,25-34,2024-07-28
420,user_420,Japan,free,25-34,2024-10-16
421,user_421,Japan,free,18-24,2023-06-29
422,user_422,Japan,free,25-34,2024-11-16
423,user_423,US,premium,25-34,2023-11-21
424,user_424,India,free,18-24,2024-09-14
425,user_425,US,free,35-44,2024-11-17
426,user_426,India,free,35-44,2024-04-19
427,user_427,India,premium,18-24,2024-10-26
428,user_428,Canada,free,35-44,2024-02-04
429,user_429,UK,premium,18-24,2023-08-05
430,user_430,US,premium,35-44,2024-03-28
431,user_431,US,premium,18-24,2024-02-08
432,user_432,Japan,free,18-24,2023-08-28
433,user_433,Brazil,premium,25-34,2023-07-05
434,user_434,US,free,25-34,2023-02-17
435,user_435,US,free,45+,2024-01-21
436,user_436,Germany,premium,18-24,2023-07-27
437,user_437,US,free,18-24,2023-06-06
438,user_438,Mexico,premium,25-34,2023-08-13
439,user_439,Germany,free,25-34,2023-05-24
440,user_440,US,premium,18-24,2024-02-23
441,user_441,US,free,25-34,2023-04-21
442,user_442,Australia,free,35-44,2024-04-09
443,user_443,UK,free,35-44,2023-05-12
444,user_444,UK,premium,45+,2024-09-16
445,user_445,Japan,free,18-24,2024-08-23
446,user_446,France,free,25-34,2024-11-03
447,user_447,Australia,free,25-34,2023-11-30
448,user_448,Japan,premium,25-34,2023-03-16
449,user_449,UK,free,25-34,2024-02-16
450,user_450,US,free,45+,2024-06-02
451,user_451,Japan,free,25-34,2024-09-16
452,user_452,India,free,45+,2023-02-05
453,user_453,India,free,35-44,2024-09-16
454,user_454,Canada,free,45+,2023-08-11
455,user_455,US,premium,35-44,2024-12-23
456,user_456,India,free,25-34,2024-06-13
457,user_457,US,free,18-24,2023-08-29
458,user_458,India,free,18-24,2023-05-14
459,user_459,US,premium,13-17,2024-01-26
460,user_460,US,premium,25-34,2023-04-12
461,user_461,US,premium,25-34,2024-10-13
462,user_462,Brazil,free,25-34,2024-11-11
463,user_463,Germany,free,45+,2024-05-12
464,user_464,Brazil,free,45+,2024-05-25
465,user_465,Australia,free,18-24,2024-12-03
466,user_466,UK,free,18-24,2024-06-20
467,user_467,US,premium,25-34,2024-06-28
468,user_468,Mexico,premium,18-24,2023-12-09
469,user_469,US,premium,35-44,2023-01-06
470,user_470,Australia,free,25-34,2023-07-13
471,user_471,US,premium,25-34,2023-05-17
472,user_472,Australia,free,35-44,2024-04-17
473,user_473,US,free,35-44,2023-08-04
474,user_474,Canada,premium,18-24,2023-12-15
475,user_475,India,free,25-34,2023-07-02
476,user_476,Australia,free,25-34,2023-06-17
477,user_477,US,free,18-24,2023-02-07
478,user_478,India,premium,13-17,2024-11-05
479,user_479,Australia,premium,25-34,2024-04-15
480,user_480,India,free,18-24,2024-03-27
481,user_481,Brazil,premium,18-24,2024-05-04
482,user_482,Germany,free,25-34,2023-05-22
483,user_483,India,free,35-44,2023-04-13
484,user_484,Brazil,premium,18-24,2024-12-11
485,user_485,Brazil,premium,13-17,2024-12-12
486,user_486,Canada,premium,35-44,2023-02-11
487,user_487,US,free,13-17,2023-05-27
488,user_488,US,premium,45+,2023-03-07
489,user_489,France,premium,25-34,2023-07-12
490,user_490,Canada,premium,18-24,2023-10-25
491,user_491,India,free,18-24,2023-02-07
492,user_492,Brazil,premium,13-17,2024-05-16
493,user_493,US,free,18-24,2024-10-14
494,user_494,US,free,18-24,2024-09-09
495,user_495,India,free,25-34,2024-03-03
496,user_496,UK,free,18-24,2024-10-25
497,user_497,Brazil,free,25-34,2023-12-18
498,user_498,US,premium,25-34,2023-11-22
499,user_499,Australia,free,18-24,2023-02-07
500,user_500,Australia,premium,13-17,2023-04-07
501,user_501,Germany,free,13-17,2023-04-18
502,user_502,India,free,13-17,2024-09-22
503,user_503,UK,free,35-44,2023-05-31
504,user_504,Japan,free,18-24,2023-03-15
505,user_505,Germany,free,35-44,2023-02-26
506,user_506,US,free,25-34,2023-12-01
507,user_507,Canada,free,25-34,2023-09-09
508,user_508,Mexico,free,25-34,2023-09-11
509,user_509,France,free,25-34,2024-01-20
510,user_510,Germany,free,18-24,2024-03-31
511,user_511,Brazil,free,18-24,2023-09-16
512,user_512,UK,premium,25-34,2024-04-09
513,user_513,France,premium,18-24,2023-02-03
514,user_514,Mexico,premium,25-34,2024-05-09
515,user_515,US,free,25-34,2023-11-22
516,user_516,US,premium,25-34,2023-08-26
517,user_517,UK,premium,25-34,2024-11-21
518,user_518,Japan,premium,25-34,2024-09-07
519,user_519,Australia,free,35-44,2024-06-24
520,user_520,US,premium,25-34,2024-04-10
521,user_521,Brazil,premium,25-34,2023-10-31
522,user_522,UK,free,25-34,2023-04-27
523,user_523,Australia,premium,35-44,2023-07-26
524,user_524,Mexico,free,25-34,2024-11-27
525,user_525,Mexico,free,25-34,2024-04-25
526,user_526,India,free,35-44,2024-10-11
527,user_527,UK,premium,25-34,2024-02-07
528,user_528,US,free,13-17,2024-11-06
529,user_529,US,free,35-44,2024-08-09
530,user_530,Mexico,free,13-17,2023-08-21
531,user_531,Japan,free,35-44,2023-10-11
532,user_532,Australia,free,35-44,2024-04-24
533,user_533,Australia,premium,45+,2023-01-09
534,user_534,India,premium,13-17,2024-12-15
535,user_535,Japan,free,25-34,2024-01-14
536,user_536,France,free,25-34,2024-08-25
537,user_537,Mexico,free,18-24,2024-01-16
538,user_538,US,premium,18-24,2024-10-23
539,user_539,India,free,25-34,2023-12-26
540,user_540,US,free,25-34,2023-06-25
541,user_541,France,free,18-24,2024-04-29
542,user_542,Brazil,premium,25-34,2024-02-09
543,user_543,US,premium,35-44,2023-02-02
544,user_544,Germany,premium,35-44,2024-04-09
545,user_545,Brazil,premium,45+,2024-11-26
546,user_546,UK,free,25-34,2023-06-06
547,user_547,US,free,45+,2024-07-18
548,user_548,Germany,free,35-44,2023-07-21
549,user_549,India,free,18-24,2023-06-24
550,user_550,Japan,free,18-24,2023-09-01
551,user_551,India,free,25-34,2023-09-26
552,user_552,Mexico,free,25-34,2024-03-21
553,user_553,India,premium,25-34,2023-03-15
554,user_554,India,premium,25-34,2023-04-06
555,user_555,Canada,premium,35-44,2023-06-22
556,user_556,UK,premium,25-34,2024-02-10
557,user_557,US,free,18-24,2023-06-04
558,user_558,US,premium,35-44,2023-07-02
559,user_559,Japan,free,18-24,2023-11-19
560,user_560,Brazil,premium,45+,2023-10-16
561,user_561,Germany,free,18-24,2023-09-15
562,user_562,US,premium,45+,2024-08-09
563,user_563,US,free,18-24,2023-06-23
564,user_564,US,free,18-24,2023-11-26
565,user_565,UK,premium,13-17,2023-08-19
566,user_566,Brazil,free,25-34,2023-06-10
567,user_567,UK,premium,35-44,2023-07-05
568,user_568,India,premium,25-34,2023-05-23
569,user_569,Canada,premium,45+,2023-10-09
570,user_570,UK,premium,25-34,2024-10-01
571,user_571,India,premium,25-34,2024-11-08
572,user_572,Japan,free,35-44,2023-01-27
573,user_573,UK,premium,18-24,2023-09-03
574,user_574,Brazil,premium,18-24,2024-05-01
575,user_575,Mexico,premium,45+,2024-10-08
576,user_576,France,free,45+,2023-07-21
577,user_577,US,premium,45+,2023-01-21
578,user_578,France,premium,45+,2024-08-13
579,user_579,India,premium,18-24,2024-10-31
580,user_580,US,free,35-44,2023-04-04
581,user_581,India,free,25-34,2023-01-08
582,user_582,Australia,free,45+,2024-04-16
583,user_583,India,premium,25-34,2023-12-05
584,user_584,UK,premium,25-34,2023-09-16
585,user_585,Brazil,free,25-34,2023-02-24
586,user_586,US,free,18-24,2024-07-01
587,user_587,US,free,13-17,2023-01-06
588,user_588,US,free,35-44,2024-01-12
589,user_589,US,premium,35-44,2024-07-07
590,user_590,US,premium,18-24,2023-02-19
591,user_591,US,free,35-44,2023-04-22
592,user_592,Brazil,free,25-34,2023-05-26
593,user_593,US,free,25-34,2023-08-18
594,user_594,UK,premium,18-24,2024-12-23
595,user_595,Canada,free,35-44,2024-05-11
596,user_596,India,free,25-34,2023-11-02
597,user_597,Brazil,free,25-34,2024-06-25
598,user_598,US,premium,25-34,2024-04-05
599,user_599,US,premium,18-24,2024-09-19
600,user_600,US,premium,25-34,2023-08-14
601,user_601,US,free,18-24,2023-02-28
602,user_602,US,free,18-24,2023-03-17
603,user_603,US,free,25-34,2024-03-03
604,user_604,US,premium,45+,2024-12-28
605,user_605,US,free,25-34,2023-05-12
606,user_606,India,free,18-24,2024-05-12
607,user_607,US,premium,25-34,2024-08-15
608,user_608,UK,premium,35-44,2023-11-01
609,user_609,India,free,35-44,2023-03-08
610,user_610,Germany,free,35-44,2023-08-18
611,user_611,US,free,25-34,2023-11-29
612,user_612,Japan,premium,35-44,2023-10-04
613,user_613,Brazil,premium,18-24,2024-08-06
614,user_614,US,free,18-24,2024-12-21
615,user_615,Canada,free,25-34,2023-05-24
616,user_616,France,premium,25-34,2023-09-08
617,user_617,US,premium,45+,2024-11-21
618,user_618,US,free,35-44,2023-03-21
619,user_619,Japan,free,18-24,2023-02-26
620,user_620,Germany,free,18-24,2024-01-01
621,user_621,US,free,18-24,2023-11-04
622,user_622,US,premium,18-24,2023-06-23
623,user_623,UK,premium,25-34,2024-04-06
624,user_624,India,premium,45+,2024-11-08
625,user_625,Brazil,free,45+,2024-08-18
626,user_626,UK,premium,25-34,2024-05-07
627,user_627,India,free,35-44,2024-07-13
628,user_628,Germany,free,25-34,2024-09-30
629,user_629,US,free,18-24,2024-11-11
630,user_630,US,free,25-34,2024-01-09
631,user_631,Germany,premium,25-34,2023-12-15
632,user_632,Canada,free,35-44,2023-03-08
633,user_633,India,free,18-24,2023-11-26
634,user_634,India,free,18-24,2023-07-13
635,user_635,US,free,18-24,2023-06-04
636,user_636,India,free,45+,2023-06-09
637,user_637,India,free,25-34,2024-11-26
638,user_638,US,premium,35-44,2023-09-23
639,user_639,US,free,35-44,2023-06-17
640,user_640,UK,free,18-24,2023-05-25
641,user_641,US,free,25-34,2023-07-05
642,user_642,UK,premium,35-44,2024-02-27
643,user_643,US,free,25-34,2024-04-01
644,user_644,UK,free,45+,2023-12-11
645,user_645,US,free,18-24,2024-07-07
646,user_646,Canada,free,13-17,2024-05-30
647,user_647,Brazil,free,35-44,2024-12-05
648,user_648,Germany,premium,35-44,2023-04-14
649,user_649,Japan,premium,45+,2023-09-04
650,user_650,India,free,25-34,2023-01-23
651,user_651,US,premium,45+,2024-06-08
652,user_652,India,premium,35-44,2023-05-24
653,user_653,Brazil,free,35-44,2024-12-30
654,user_654,Germany,free,25-34,2024-11-25
655,user_655,India,free,25-34,2023-07-12
656,user_656,US,free,45+,2024-04-09
657,user_657,US,premium,25-34,2024-01-10
658,user_658,UK,premium,25-34,2024-11-07
659,user_659,Brazil,premium,25-34,2024-11-22
660,user_660,Brazil,premium,25-34,2024-09-20
661,user_661,UK,free,25-34,2023-09-23
662,user_662,Australia,free,13-17,2024-01-13
663,user_663,Brazil,premium,35-44,2024-07-03
664,user_664,US,free,25-34,2024-07-09
665,user_665,US,premium,25-34,2023-03-15
666,user_666,US,premium,18-24,2024-03-13
667,user_667,US,premium,13-17,2023-08-14
668,user_668,US,premium,18-24,2023-11-04
669,user_669,US,free,25-34,2023-12-14
670,user_670,US,premium,18-24,2024-04-20
671,user_671,US,premium,45+,2023-11-11
672,user_672,Canada,free,18-24,2024-06-08
673,user_673,US,premium,18-24,2024-02-29
674,user_674,India,free,18-24,2024-06-07
675,user_675,UK,premium,13-17,2024-07-15
676,user_676,Australia,free,35-44,2023-09-06
677,user_677,US,free,35-44,2024-09-22
678,user_678,UK,free,25-34,2024-07-22
679,user_679,Australia,premium,18-24,2023-07-01
680,user_680,Mexico,free,18-24,2023-04-16
681,user_681,Japan,free,25-34,2023-07-10
682,user_682,US,free,45+,2023-05-17
683,user_683,US,premium,18-24,2024-11-30
684,user_684,Brazil,free,35-44,2023-04-30
685,user_685,France,free,25-34,2023-03-13
686,user_686,India,premium,18-24,2023-05-11
687,user_687,Brazil,free,25-34,2024-04-01
688,user_688,US,premium,13-17,2024-04-23
689,user_689,Japan,free,35-44,2023-02-21
690,user_690,US,premium,18-24,2024-07-27
691,user_691,UK,free,25-34,2023-04-29
692,user_692,India,free,13-17,2023-09-21
693,user_693,India,premium,45+,2023-08-27
694,user_694,US,free,18-24,2023-12-17
695,user_695,US,premium,35-44,2023-09-12
696,user_696,Brazil,free,35-44,2024-11-15
697,user_697,US,free,45+,2023-11-05
698,user_698,Brazil,free,25-34,2024-08-29
699,user_699,US,premium,25-34,2024-05-09
700,user_700,India,free,18-24,2023-02-26
701,user_701,India,free,18-24,2024-02-07
702,user_702,US,free,25-34,2023-03-08
703,user_703,UK,free,18-24,2023-02-15
704,user_704,US,free,45+,2024-08-28
705,user_705,US,premium,18-24,2024-10-11
706,user_706,Australia,free,25-34,2024-01-04
707,user_707,UK,premium,25-34,2024-08-27
708,user_708,Japan,free,25-34,2023-08-20
709,user_709,US,premium,25-34,2024-02-06
710,user_710,Germany,premium,18-24,2024-07-14
711,user_711,Japan,free,25-34,2023-01-23
712,user_712,Brazil,premium,18-24,2024-07-27
713,user_713,India,free,45+,2023-09-24
714,user_714,UK,premium,35-44,2023-04-28
715,user_715,UK,premium,45+,2024-08-22
716,user_716,France,free,13-17,2024-08-23
717,user_717,Mexico,free,18-24,2023-02-24
718,user_718,Australia,free,18-24,2023-06-02
719,user_719,US,free,13-17,2023-08-27
720,user_720,Germany,free,18-24,2023-09-22
721,user_721,France,free,25-34,2023-09-25
722,user_722,US,free,18-24,2023-04-23
723,user_723,US,premium,25-34,2023-06-15
724,user_724,Germany,free,35-44,2024-10-29
725,user_725,Brazil,free,25-34,2023-01-08
726,user_726,Mexico,premium,25-34,2024-12-14
727,user_727,US,free,18-24,2023-08-05
728,user_728,Japan,free,25-34,2024-03-06
729,user_729,US,free,18-24,2023-10-19
730,user_730,US,premium,25-34,2023-02-19
731,user_731,US,premium,18-24,2023-04-17
732,user_732,Japan,free,35-44,2023-01-09
733,user_733,Brazil,premium,35-44,2024-11-30
734,user_734,India,free,25-34,2024-03-31
735,user_735,UK,premium,18-24,2023-11-19
736,user_736,Canada,premium,18-24,2023-11-05
737,user_737,UK,premium,35-44,2024-09-13
738,user_738,Japan,free,25-34,2023-05-25
739,user_739,India,free,18-24,2024-02-16
740,user_740,UK,free,18-24,2023-04-24
741,user_741,India,premium,18-24,2024-07-28
742,user_742,UK,free,35-44,2024-02-03
743,user_743,Germany,premium,18-24,2023-10-02
744,user_744,India,premium,25-34,2023-05-04
745,user_745,US,free,25-34,2023-03-27
746,user_746,Canada,premium,25-34,2024-08-04
747,user_747,UK,premium,35-44,2023-02-16
748,user_748,India,premium,35-44,2024-12-11
749,user_749,Canada,premium,25-34,2023-07-20
750,user_750,Brazil,premium,13-17,2023-10-03
751,user_751,US,free,25-34,2024-07-02
752,user_752,France,premium,25-34,2024-12-15
753,user_753,Brazil,free,25-34,2023-05-10
754,user_754,UK,premium,25-34,2024-03-23
755,user_755,US,premium,18-24,2024-01-24
756,user_756,Japan,free,25-34,2024-07-29
757,user_757,Brazil,premium,18-24,2023-09-20
758,user_758,India,free,35-44,2024-09-23
759,user_759,Canada,free,18-24,2023-10-05
760,user_760,Japan,free,25-34,2024-12-14
761,user_761,US,premium,13-17,2023-02-15
762,user_762,UK,premium,25-34,2023-06-17
763,user_763,US,premium,25-34,2024-03-20
764,user_764,Germany,free,18-24,2024-09-13
765,user_765,US,premium,35-44,2023-02-15
766,user_766,India,premium,25-34,2024-12-24
767,user_767,Japan,free,25-34,2024-06-23
768,user_768,Canada,free,18-24,2023-03-28
769,user_769,UK,free,25-34,2024-01-20
770,user_770,Mexico,premium,25-34,2024-10-30
771,user_771,US,premium,25-34,2023-09-22
772,user_772,Mexico,premium,25-34,2023-01-22
773,user_773,US,free,25-34,2024-12-03
774,user_774,UK,premium,18-24,2024-03-25
775,user_775,Japan,free,18-24,2023-08-20
776,user_776,US,free,13-17,2023-07-05
777,user_777,US,premium,18-24,2023-11-22
778,user_778,Germany,free,35-44,2023-07-02
779,user_779,Germany,premium,35-44,2024-02-01
780,user_780,Brazil,free,18-24,2024-04-25
781,user_781,Germany,premium,45+,2024-02-07
782,user_782,India,free,25-34,2024-04-07
783,user_783,US,free,45+,2024-02-21
784,user_784,UK,free,25-34,2023-07-21
785,user_785,US,free,25-34,2023-03-06
786,user_786,Canada,premium,18-24,2024-07-08
787,user_787,Brazil,free,18-24,2023-01-17
788,user_788,UK,premium,13-17,2023-07-02
789,user_789,India,premium,25-34,2024-01-26
790,user_790,France,free,18-24,2023-02-13
791,user_791,US,free,35-44,2024-11-30
792,user_792,Brazil,premium,18-24,2024-04-26
793,user_793,India,premium,35-44,2023-09-20
794,user_794,Brazil,premium,18-24,2023-06-23
795,user_795,US,free,18-24,2024-03-16
796,user_796,Canada,premium,18-24,2024-07-19
797,user_797,France,free,25-34,2023-08-08
798,user_798,India,premium,18-24,2024-07-11
799,user_799,Germany,premium,35-44,2024-01-29
800,user_800,France,free,18-24,2023-07-14
801,user_801,Germany,free,18-24,2024-02-13
802,user_802,US,free,35-44,2024-04-15
803,user_803,Brazil,free,13-17,2023-12-13
804,user_804,Brazil,premium,45+,2024-04-06
805,user_805,India,free,45+,2023-03-02
806,user_806,Germany,free,18-24,2023-06-15
807,user_807,France,free,18-24,2024-11-02
808,user_808,France,premium,18-24,2023-05-31
809,user_809,India,premium,35-44,2023-04-21
810,user_810,US,free,25-34,2024-05-02
811,user_811,Australia,free,25-34,2024-07-02
812,user_812,Mexico,premium,35-44,2023-01-03
813,user_813,US,premium,18-24,2024-04-27
814,user_814,France,free,35-44,2023-01-13
815,user_815,Mexico,free,25-34,2023-06-11
816,user_816,India,free,25-34,2023-12-10
817,user_817,Brazil,free,35-44,2024-03-24
818,user_818,UK,free,25-34,2023-11-28
819,user_819,US,premium,18-24,2023-09-21
820,user_820,UK,free,25-34,2023-03-24
821,user_821,Japan,premium,25-34,2023-11-30
822,user_822,US,free,13-17,2024-01-15
823,user_823,UK,premium,45+,2023-08-07
824,user_824,UK,premium,18-24,2024-10-19
825,user_825,India,free,25-34,2024-03-29
826,user_826,Canada,free,25-34,2024-11-03
827,user_827,UK,premium,13-17,2023-03-30
828,user_828,UK,free,45+,2023-11-29
829,user_829,Germany,free,35-44,2023-11-06
830,user_830,India,free,25-34,2024-12-27
831,user_831,US,premium,18-24,2024-02-24
832,user_832,India,free,18-24,2024-08-31
833,user_833,US,premium,18-24,2024-12-25
834,user_834,US,free,18-24,2023-12-20
835,user_835,India,premium,25-34,2023-04-10
836,user_836,UK,free,45+,2023-05-25
837,user_837,Canada,premium,25-34,2023-01-10
838,user_838,UK,free,35-44,2023-02-13
839,user_839,Brazil,premium,25-34,2024-01-21
840,user_840,Brazil,premium,25-34,2024-05-09
841,user_841,US,free,35-44,2024-05-07
842,user_842,Brazil,free,25-34,2023-06-18
843,user_843,US,free,35-44,2024-10-03
844,user_844,Australia,free,18-24,2024-06-14
845,user_845,US,premium,18-24,2023-12-02
846,user_846,UK,free,35-44,2024-05-27
847,user_847,US,free,25-34,2023-05-10
848,user_848,Australia,premium,35-44,2024-06-22
849,user_849,India,free,45+,2024-05-28
850,user_850,Brazil,free,13-17,2023-09-07
851,user_851,US,free,25-34,2023-05-18
852,user_852,Germany,premium,18-24,2023-10-02
853,user_853,US,premium,25-34,2024-04-08
854,user_854,Canada,premium,35-44,2023-05-21
855,user_855,US,free,18-24,2023-09-13
856,user_856,US,premium,25-34,2024-03-31
857,user_857,US,free,25-34,2024-03-09
858,user_858,India,free,18-24,2024-08-29
859,user_859,India,free,35-44,2023-06-22
860,user_860,US,free,25-34,2024-04-17
861,user_861,Japan,free,45+,2024-02-27
862,user_862,India,free,18-24,2024-03-14
863,user_863,India,free,18-24,2023-02-26
864,user_864,India,free,25-34,2024-05-12
865,user_865,UK,premium,18-24,2024-09-05
866,user_866,India,free,45+,2023-06-18
867,user_867,US,premium,13-17,2024-08-04
868,user_868,US,free,35-44,2024-07-14
869,user_869,Mexico,premium,25-34,2024-03-03
870,user_870,France,free,18-24,2024-02-23
871,user_871,UK,free,13-17,2023-12-13
872,user_872,US,free,25-34,2024-05-31
873,user_873,Brazil,premium,25-34,2024-03-30
874,user_874,UK,premium,18-24,2024-12-14
875,user_875,US,free,45+,2023-07-21
876,user_876,US,free,18-24,2023-06-28
877,user_877,Germany,premium,25-34,2023-02-26
878,user_878,Brazil,premium,25-34,2024-11-28
879,user_879,US,free,18-24,2024-08-26
880,user_880,US,free,45+,2024-05-15
881,user_881,US,free,18-24,2023-04-22
882,user_882,Germany,premium,18-24,2023-05-28
883,user_883,US,free,25-34,2024-12-15
884,user_884,US,premium,25-34,2024-01-13
885,user_885,Japan,free,25-34,2023-12-14
886,user_886,US,free,25-34,2023-12-24
887,user_887,Brazil,free,13-17,2023-02-25
888,user_888,US,premium,18-24,2023-11-12
889,user_889,US,premium,35-44,2023-07-04
890,user_890,US,free,13-17,2023-02-23
891,user_891,Germany,premium,35-44,2023-02-06
892,user_892,Mexico,free,18-24,2024-12-23
893,user_893,Mexico,free,35-44,2023-09-27
894,user_894,UK,free,18-24,2024-05-22
895,user_895,Brazil,free,25-34,2023-08-16
896,user_896,US,free,18-24,2024-03-03
897,user_897,US,premium,13-17,2024-12-23
898,user_898,Canada,free,18-24,2023-01-01
899,user_899,US,premium,18-24,2023-01-23
900,user_900,US,free,18-24,2024-05-17
901,user_901,US,premium,25-34,2024-03-23
902,user_902,US,free,25-34,2024-05-10
903,user_903,US,free,35-44,2024-02-29
904,user_904,Brazil,free,25-34,2024-11-30
905,user_905,India,free,25-34,2023-01-18
906,user_906,Canada,premium,25-34,2024-03-20
907,user_907,Japan,free,25-34,2024-07-14
908,user_908,UK,premium,25-34,2024-07-12
909,user_909,US,free,35-44,2024-09-18
910,user_910,UK,free,18-24,2023-02-08
911,user_911,Brazil,free,13-17,2024-12-29
912,user_912,US,premium,25-34,2023-07-29
913,user_913,Brazil,premium,18-24,2023-07-30
914,user_914,UK,free,35-44,2024-07-18
915,user_915,India,free,35-44,2023-10-08
916,user_916,India,free,13-17,2023-05-13
917,user_917,US,premium,18-24,2024-03-24
918,user_918,France,premium,25-34,2023-09-21
919,user_919,Japan,free,25-34,2023-04-21
920,user_920,US,free,18-24,2024-07-08
921,user_921,Mexico,free,25-34,2023-08-26
922,user_922,India,premium,25-34,2024-04-01
923,user_923,Canada,free,18-24,2024-05-30
924,user_924,Japan,premium,13-17,2023-06-22
925,user_925,India,free,35-44,2023-07-12
926,user_926,US,premium,18-24,2024-05-29
927,user_927,US,premium,35-44,2024-07-21
928,user_928,India,premium,25-34,2024-02-13
929,user_929,Brazil,premium,25-34,2024-11-18
930,user_930,US,premium,35-44,2024-09-19
931,user_931,US,free,35-44,2023-03-25
932,user_932,Mexico,free,18-24,2024-11-01
933,user_933,Australia,free,18-24,2023-03-21
934,user_934,India,premium,35-44,2024-07-31
935,user_935,US,free,25-34,2023-07-28
936,user_936,US,premium,18-24,2024-06-05
937,user_937,US,premium,45+,2023-07-18
938,user_938,Canada,free,18-24,2024-07-24
939,user_939,US,free,13-17,2023-08-22
940,user_940,Brazil,free,13-17,2023-09-01
941,user_941,US,free,25-34,2024-01-28
942,user_942,India,free,25-34,2024-07-19
943,user_943,Brazil,free,18-24,2024-03-21
944,user_944,Mexico,premium,18-24,2024-01-28
945,user_945,US,premium,18-24,2023-01-09
946,user_946,US,free,25-34,2024-09-04
947,user_947,US,free,13-17,2024-12-15
948,user_948,Canada,free,45+,2023-06-02
949,user_949,Canada,premium,18-24,2023-04-20
950,user_950,Brazil,premium,45+,2023-09-23
951,user_951,Brazil,free,18-24,2024-01-08
952,user_952,Brazil,free,35-44,2023-06-01
953,user_953,US,premium,18-24,2024-08-17
954,user_954,Canada,premium,18-24,2024-02-19
955,user_955,UK,free,35-44,2024-10-07
956,user_956,UK,premium,35-44,2023-11-22
957,user_957,India,free,25-34,2024-11-02
958,user_958,US,free,25-34,2024-07-04
959,user_959,US,premium,25-34,2023-06-25
960,user_960,Germany,premium,35-44,2024-06-08
961,user_961,US,free,18-24,2023-11-11
962,user_962,Brazil,premium,25-34,2023-03-08
963,user_963,US,free,25-34,2024-07-06
964,user_964,UK,premium,18-24,2023-07-03
965,user_965,US,free,35-44,2023-02-04
966,user_966,UK,premium,18-24,2024-05-19
967,user_967,Germany,premium,18-24,2023-03-17
968,user_968,US,free,25-34,2024-04-16
969,user_969,India,premium,25-34,2024-08-04
970,user_970,India,premium,18-24,2024-06-06
971,user_971,Brazil,premium,25-34,2023-10-10
972,user_972,France,free,45+,2024-06-19
973,user_973,Germany,premium,18-24,2023-10-01
974,user_974,US,premium,25-34,2024-06-22
975,user_975,US,free,35-44,2023-02-23
976,user_976,US,premium,25-34,2023-02-24
977,user_977,Brazil,free,45+,2023-10-04
978,user_978,US,free,35-44,2024-03-18
979,user_979,India,free,25-34,2024-02-22
980,user_980,Brazil,free,25-34,2024-09-23
981,user_981,UK,premium,25-34,2023-08-13
982,user_982,Japan,free,25-34,2024-07-23
983,user_983,US,premium,35-44,2023-09-12
984,user_984,US,free,18-24,2023-06-25
985,user_985,Germany,free,18-24,2024-07-19
986,user_986,India,free,18-24,2023-05-26
987,user_987,Germany,free,13-17,2024-10-25
988,user_988,India,premium,13-17,2024-01-20
989,user_989,US,premium,35-44,2023-09-19
990,user_990,Japan,premium,25-34,2024-06-14
991,user_991,Japan,free,25-34,2024-01-06
992,user_992,Germany,free,25-34,2024-11-13
993,user_993,US,free,35-44,2023-07-16
994,user_994,Brazil,free,25-34,2024-08-07
995,user_995,UK,free,35-44,2024-08-19
996,user_996,US,premium,18-24,2023-10-11
997,user_997,Canada,free,45+,2023-10-29
998,user_998,US,premium,25-34,2023-05-12
999,user_999,France,free,18-24,2023-04-30
1000,user_1000,India,free,25-34,2024-12-28
1001,user_1001,US,premium,25-34,2023-05-16
1002,user_1002,India,free,18-24,2024-09-19
1003,user_1003,Canada,premium,25-34,2024-07-26
1004,user_1004,Germany,premium,18-24,2024-06-12
1005,user_1005,Japan,free,13-17,2023-02-03
1006,user_1006,Brazil,premium,45+,2024-06-15
1007,user_1007,Germany,free,25-34,2023-07-27
1008,user_1008,Mexico,free,35-44,2024-11-04
1009,user_1009,US,premium,25-34,2023-10-26
1010,user_1010,India,free,18-24,2024-06-05
1011,user_1011,US,premium,25-34,2023-04-04
1012,user_1012,Australia,premium,25-34,2024-02-18
1013,user_1013,France,premium,45+,2024-01-06
1014,user_1014,US,free,18-24,2024-02-13
1015,user_1015,Germany,free,35-44,2024-01-18
1016,user_1016,France,premium,45+,2024-03-16
1017,user_1017,US,free,25-34,2024-03-22
1018,user_1018,India,free,45+,2024-09-10
1019,user_1019,Canada,free,25-34,2024-09-08
1020,user_1020,US,free,45+,2023-03-12
1021,user_1021,Germany,free,25-34,2023-03-25
1022,user_1022,US,premium,13-17,2023-07-28
1023,user_1023,France,premium,45+,2023-09-16
1024,user_1024,Australia,free,25-34,2023-08-27
1025,user_1025,France,free,25-34,2023-10-29
1026,user_1026,India,free,25-34,2023-08-20
1027,user_1027,Mexico,premium,18-24,2023-10-09
1028,user_1028,Mexico,free,25-34,2024-01-29
1029,user_1029,UK,premium,35-44,2024-02-22
1030,user_1030,Mexico,free,13-17,2023-07-25
1031,user_1031,US,premium,18-24,2023-09-21
1032,user_1032,Brazil,free,13-17,2023-11-07
1033,user_1033,US,premium,25-34,2024-11-27
1034,user_1034,US,free,25-34,2024-09-17
1035,user_1035,US,premium,35-44,2023-03-20
1036,user_1036,Germany,free,45+,2023-12-08
1037,user_1037,UK,premium,25-34,2024-07-15
1038,user_1038,Germany,premium,18-24,2023-04-05
1039,user_1039,US,free,45+,2023-12-17
1040,user_1040,UK,premium,35-44,2023-03-03
1041,user_1041,India,free,25-34,2023-05-22
1042,user_1042,Japan,free,25-34,2023-04-21
1043,user_1043,UK,free,45+,2024-09-07
1044,user_1044,Brazil,free,25-34,2024-06-10
1045,user_1045,Canada,premium,18-24,2024-11-01
1046,user_1046,Brazil,premium,25-34,2023-06-06
1047,user_1047,US,free,13-17,2024-06-22
1048,user_1048,US,free,25-34,2024-08-19
1049,user_1049,Canada,premium,25-34,2023-01-09
1050,user_1050,US,premium,18-24,2023-10-03
1051,user_1051,Canada,free,13-17,2023-08-15
1052,user_1052,India,premium,18-24,2023-07-05
1053,user_1053,France,free,25-34,2024-08-13
1054,user_1054,Japan,free,35-44,2023-08-04
1055,user_1055,Australia,premium,45+,2024-03-08
1056,user_1056,UK,free,18-24,2024-07-22
1057,user_1057,Japan,free,25-34,2024-10-17
1058,user_1058,UK,free,45+,2023-12-22
1059,user_1059,India,premium,18-24,2024-01-27
1060,user_1060,Brazil,premium,25-34,2024-08-01
1061,user_1061,Canada,free,35-44,2023-10-02
1062,user_1062,Australia,free,18-24,2024-05-08
1063,user_1063,Japan,free,35-44,2024-09-08
1064,user_1064,UK,free,35-44,2024-03-26
1065,user_1065,India,free,13-17,2024-02-24
1066,user_1066,Germany,premium,18-24,2024-11-30
1067,user_1067,US,free,13-17,2023-06-13
1068,user_1068,US,free,18-24,2024-07-16
1069,user_1069,UK,free,25-34,2024-09-29
1070,user_1070,US,free,25-34,2024-08-14
1071,user_1071,US,premium,18-24,2023-07-02
1072,user_1072,US,free,45+,2023-11-06
1073,user_1073,US,free,18-24,2023-01-17
1074,user_1074,US,free,13-17,2024-03-21
1075,user_1075,Australia,free,18-24,2023-06-19
1076,user_1076,India,free,25-34,2023-10-07
1077,user_1077,UK,free,25-34,2023-12-06
1078,user_1078,Germany,free,18-24,2024-12-26
1079,user_1079,US,free,18-24,2024-12-10
1080,user_1080,France,free,35-44,2024-06-02
1081,user_1081,Japan,free,45+,2023-01-11
1082,user_1082,US,premium,18-24,2024-06-07
1083,user_1083,UK,free,25-34,2024-09-13
1084,user_1084,Canada,free,25-34,2023-05-13
1085,user_1085,France,free,25-34,2024-10-01
1086,user_1086,India,free,25-34,2023-05-28
1087,user_1087,Brazil,premium,45+,2024-07-19
1088,user_1088,US,free,25-34,2023-03-20
1089,user_1089,Australia,premium,25-34,2023-12-12
1090,user_1090,US,free,25-34,2024-08-31
1091,user_1091,France,free,45+,2023-09-06
1092,user_1092,Brazil,premium,35-44,2024-09-30
1093,user_1093,Brazil,free,13-17,2024-06-25
1094,user_1094,India,free,18-24,2023-01-24
1095,user_1095,US,free,25-34,2024-04-15
1096,user_1096,US,premium,18-24,2023-07-20
1097,user_1097,US,free,25-34,2023-05-11
1098,user_1098,US,premium,35-44,2024-09-25
1099,user_1099,Japan,free,35-44,2023-12-22
1100,user_1100,UK,premium,45+,2023-05-30
1101,user_1101,US,free,18-24,2024-06-09
1102,user_1102,Australia,premium,35-44,2023-10-31
1103,user_1103,Canada,free,35-44,2024-06-24
1104,user_1104,France,premium,18-24,2023-02-19
1105,user_1105,Australia,free,35-44,2024-04-08
1106,user_1106,US,free,18-24,2023-08-28
1107,user_1107,UK,free,35-44,2024-04-26
1108,user_1108,Japan,free,25-34,2024-03-30
1109,user_1109,Germany,free,18-24,2023-10-10
1110,user_1110,US,premium,25-34,2023-12-01
1111,user_1111,Japan,premium,25-34,2023-12-18
1112,user_1112,US,free,18-24,2024-10-29
1113,user_1113,US,premium,13-17,2024-10-10
1114,user_1114,India,free,25-34,2023-11-23
1115,user_1115,Brazil,free,25-34,2023-12-02
1116,user_1116,Brazil,premium,35-44,2024-10-27
1117,user_1117,US,premium,45+,2023-03-22
1118,user_1118,Canada,premium,25-34,2023-03-28
1119,user_1119,US,free,35-44,2023-09-15
1120,user_1120,US,premium,25-34,2023-07-04
1121,user_1121,Canada,free,35-44,2024-11-22
1122,user_1122,France,free,18-24,2024-11-28
1123,user_1123,Mexico,free,18-24,2023-05-03
1124,user_1124,Japan,premium,25-34,2023-04-06
1125,user_1125,Brazil,premium,13-17,2024-08-27
1126,user_1126,India,premium,25-34,2024-05-29
1127,user_1127,US,free,35-44,2024-03-18
1128,user_1128,UK,free,25-34,2024-05-28
1129,user_1129,UK,free,25-34,2024-01-06
1130,user_1130,US,free,35-44,2023-11-01
1131,user_1131,Germany,free,35-44,2023-12-23
1132,user_1132,India,premium,18-24,2023-05-28
1133,user_1133,US,free,18-24,2023-10-12
1134,user_1134,US,free,25-34,2024-10-18
1135,user_1135,Germany,free,25-34,2023-09-19
1136,user_1136,US,free,18-24,2024-07-27
1137,user_1137,Mexico,free,18-24,2024-05-05
1138,user_1138,India,premium,35-44,2023-01-31
1139,user_1139,India,premium,25-34,2024-12-02
1140,user_1140,Brazil,premium,45+,2023-09-25
1141,user_1141,Mexico,free,35-44,2023-01-12
1142,user_1142,UK,free,45+,2023-07-10
1143,user_1143,Germany,free,18-24,2024-02-04
1144,user_1144,India,premium,35-44,2024-06-20
1145,user_1145,US,premium,13-17,2023-04-01
1146,user_1146,Canada,free,25-34,2024-08-22
1147,user_1147,Japan,free,25-34,2024-05-15
1148,user_1148,Brazil,free,18-24,2023-10-28
1149,user_1149,Mexico,premium,35-44,2023-04-21
1150,user_1150,Mexico,premium,35-44,2023-03-21
1151,user_1151,Germany,free,13-17,2024-10-13
1152,user_1152,Mexico,free,25-34,2024-03-08
1153,user_1153,Germany,free,18-24,2024-02-21
1154,user_1154,Germany,free,25-34,2023-08-02
1155,user_1155,Brazil,free,35-44,2024-03-22
1156,user_1156,Japan,free,18-24,2023-01-18
1157,user_1157,US,premium,45+,2023-02-23
1158,user_1158,Canada,premium,18-24,2024-08-31
1159,user_1159,Canada,free,25-34,2023-08-28
1160,user_1160,US,premium,25-34,2024-02-22
1161,user_1161,Mexico,free,18-24,2024-04-30
1162,user_1162,US,free,18-24,2024-03-19
1163,user_1163,UK,free,35-44,2024-07-19
1164,user_1164,Germany,free,35-44,2024-08-21
1165,user_1165,US,free,18-24,2023-05-03
1166,user_1166,Japan,free,25-34,2024-02-24
1167,user_1167,Mexico,free,13-17,2024-07-19
1168,user_1168,India,premium,18-24,2023-08-04
1169,user_1169,US,free,25-34,2024-02-24
1170,user_1170,US,free,18-24,2024-12-09
1171,user_1171,Brazil,free,35-44,2024-07-04
1172,user_1172,Australia,premium,25-34,2023-08-16
1173,user_1173,Brazil,free,45+,2023-08-25
1174,user_1174,US,premium,25-34,2024-10-05
1175,user_1175,Brazil,free,45+,2023-11-26
1176,user_1176,India,free,25-34,2024-04-13
1177,user_1177,Japan,free,25-34,2024-11-10
1178,user_1178,US,free,45+,2024-05-01
1179,user_1179,Japan,free,25-34,2024-07-02
1180,user_1180,India,free,13-17,2024-08-01
1181,user_1181,Australia,free,25-34,2024-09-14
1182,user_1182,UK,free,45+,2024-02-19
1183,user_1183,Brazil,free,35-44,2023-08-07
1184,user_1184,France,premium,25-34,2024-12-21
1185,user_1185,US,free,25-34,2024-01-16
1186,user_1186,France,premium,45+,2023-03-28
1187,user_1187,Germany,premium,18-24,2024-04-05
1188,user_1188,US,free,25-34,2024-02-15
1189,user_1189,UK,free,18-24,2024-11-21
1190,user_1190,Germany,free,25-34,2024-06-08
1191,user_1191,US,premium,25-34,2024-03-22
1192,user_1192,Brazil,premium,18-24,2023-10-27
1193,user_1193,UK,premium,18-24,2024-02-12
1194,user_1194,Brazil,premium,25-34,2024-09-28
1195,user_1195,US,premium,18-24,2024-01-10
1196,user_1196,Canada,free,18-24,2023-08-21
1197,user_1197,Australia,free,35-44,2024-09-29
1198,user_1198,Australia,premium,18-24,2024-10-11
1199,user_1199,Germany,free,25-34,2023-02-18
1200,user_1200,US,free,45+,2023-07-05
1201,user_1201,Japan,premium,18-24,2023-07-24
1202,user_1202,US,free,25-34,2023-03-19
1203,user_1203,US,premium,25-34,2024-04-25
1204,user_1204,UK,premium,35-44,2024-01-21
1205,user_1205,India,free,45+,2023-07-13
1206,user_1206,Japan,premium,45+,2023-04-13
1207,user_1207,Germany,free,35-44,2024-09-08
1208,user_1208,India,free,18-24,2024-01-11
1209,user_1209,US,free,13-17,2023-10-14
1210,user_1210,Australia,free,25-34,2024-04-26
1211,user_1211,India,free,18-24,2024-12-23
1212,user_1212,India,free,25-34,2023-09-07
1213,user_1213,US,free,25-34,2023-07-20
1214,user_1214,Japan,free,13-17,2024-06-19
1215,user_1215,Germany,premium,35-44,2024-04-05
1216,user_1216,US,premium,18-24,2023-10-27
1217,user_1217,US,free,25-34,2024-04-22
1218,user_1218,Germany,free,25-34,2023-03-24
1219,user_1219,Brazil,free,25-34,2024-04-02
1220,user_1220,US,free,25-34,2024-11-21
1221,user_1221,France,premium,13-17,2023-10-25
1222,user_1222,US,premium,25-34,2023-12-30
1223,user_1223,India,free,35-44,2024-12-18
1224,user_1224,France,free,45+,2023-02-09
1225,user_1225,UK,free,25-34,2024-09-16
1226,user_1226,Brazil,premium,25-34,2023-12-06
1227,user_1227,UK,free,25-34,2024-05-30
1228,user_1228,US,premium,45+,2023-04-18
1229,user_1229,Australia,premium,18-24,2023-11-12
1230,user_1230,UK,free,25-34,2023-04-24
1231,user_1231,Canada,free,35-44,2023-06-16
1232,user_1232,US,premium,25-34,2023-09-18
1233,user_1233,US,free,18-24,2024-09-09
1234,user_1234,US,free,25-34,2023-08-12
1235,user_1235,Brazil,free,18-24,2023-09-19
1236,user_1236,UK,premium,25-34,2023-09-08
1237,user_1237,Mexico,premium,25-34,2024-06-09
1238,user_1238,India,premium,35-44,2024-12-10
1239,user_1239,Australia,premium,25-34,2023-05-06
1240,user_1240,US,premium,18-24,2023-07-25
1241,user_1241,Mexico,premium,18-24,2023-05-20
1242,user_1242,Japan,free,35-44,2023-03-03
1243,user_1243,Japan,free,18-24,2023-10-10
1244,user_1244,Mexico,premium,25-34,2023-02-23
1245,user_1245,Japan,premium,18-24,2023-12-12
1246,user_1246,Brazil,premium,35-44,2024-06-07
1247,user_1247,US,free,25-34,2023-05-16
1248,user_1248,US,premium,18-24,2023-11-26
1249,user_1249,France,premium,18-24,2023-05-24
1250,user_1250,Brazil,free,35-44,2024-03-11
1251,user_1251,Japan,free,25-34,2023-10-09
1252,user_1252,India,free,25-34,2023-05-16
1253,user_1253,US,free,35-44,2024-05-03
1254,user_1254,US,free,45+,2024-12-21
1255,user_1255,Germany,free,18-24,2024-02-05
1256,user_1256,India,free,45+,2024-03-24
1257,user_1257,US,premium,13-17,2024-09-26
1258,user_1258,India,premium,18-24,2024-09-19
1259,user_1259,US,premium,35-44,2024-10-30
1260,user_1260,Brazil,free,18-24,2023-09-27
1261,user_1261,US,free,18-24,2023-01-17
1262,user_1262,Japan,premium,18-24,2023-09-26
1263,user_1263,UK,free,25-34,2024-04-26
1264,user_1264,India,premium,25-34,2023-08-07
1265,user_1265,US,premium,25-34,2023-11-15
1266,user_1266,US,free,35-44,2023-08-26
1267,user_1267,UK,premium,25-34,2024-06-28
1268,user_1268,India,free,18-24,2023-10-12
1269,user_1269,Brazil,free,45+,2023-02-06
1270,user_1270,US,premium,18-24,2023-04-13
1271,user_1271,Germany,free,18-24,2024-12-23
1272,user_1272,Mexico,premium,18-24,2024-03-05
1273,user_1273,Japan,free,25-34,2024-10-15
1274,user_1274,US,free,18-24,2023-08-27
1275,user_1275,India,free,18-24,2024-10-06
1276,user_1276,US,premium,18-24,2023-05-05
1277,user_1277,US,free,18-24,2024-07-18
1278,user_1278,Australia,free,25-34,2024-08-22
1279,user_1279,US,premium,35-44,2024-09-01
1280,user_1280,India,free,35-44,2024-08-29
1281,user_1281,Brazil,premium,18-24,2023-07-07
1282,user_1282,Germany,free,18-24,2023-09-13
1283,user_1283,India,premium,45+,2024-08-07
1284,user_1284,US,premium,13-17,2024-06-13
1285,user_1285,UK,free,35-44,2024-11-06
1286,user_1286,India,free,18-24,2024-01-27
1287,user_1287,US,premium,45+,2024-10-19
1288,user_1288,UK,free,18-24,2024-04-12
1289,user_1289,US,premium,25-34,2023-09-10
1290,user_1290,US,free,25-34,2024-11-02
1291,user_1291,UK,free,25-34,2024-07-14
1292,user_1292,US,free,18-24,2023-06-25
1293,user_1293,India,premium,25-34,2024-04-10
1294,user_1294,Germany,free,35-44,2024-07-30
1295,user_1295,Japan,premium,13-17,2023-10-16
1296,user_1296,US,premium,13-17,2023-02-19
1297,user_1297,US,free,25-34,2023-01-04
1298,user_1298,US,free,18-24,2024-09-22
1299,user_1299,Brazil,premium,25-34,2024-05-14
1300,user_1300,Germany,free,18-24,2024-11-06
1301,user_1301,US,premium,25-34,2023-08-11
1302,user_1302,France,free,18-24,2024-10-29
1303,user_1303,US,free,25-34,2023-09-19
1304,user_1304,India,premium,18-24,2024-11-15
1305,user_1305,Germany,free,13-17,2024-06-18
1306,user_1306,Canada,free,13-17,2024-01-11
1307,user_1307,Germany,free,45+,2023-03-02
1308,user_1308,Japan,free,18-24,2023-12-22
1309,user_1309,UK,free,25-34,2024-10-07
1310,user_1310,Japan,premium,13-17,2023-01-24
1311,user_1311,US,free,18-24,2023-10-20
1312,user_1312,Canada,free,25-34,2024-07-10
1313,user_1313,India,premium,25-34,2024-11-21
1314,user_1314,Japan,free,45+,2023-12-22
1315,user_1315,India,free,45+,2024-07-28
1316,user_1316,Brazil,premium,35-44,2023-01-29
1317,user_1317,India,premium,25-34,2023-12-23
1318,user_1318,Germany,free,25-34,2023-12-31
1319,user_1319,US,premium,18-24,2024-08-30
1320,user_1320,US,free,45+,2024-02-13
1321,user_1321,US,premium,25-34,2023-09-23
1322,user_1322,US,free,25-34,2023-10-18
1323,user_1323,Canada,free,18-24,2024-07-20
1324,user_1324,US,free,13-17,2023-06-02
1325,user_1325,Australia,free,45+,2023-08-07
1326,user_1326,UK,free,18-24,2023-06-22
1327,user_1327,US,premium,25-34,2024-08-30
1328,user_1328,Japan,free,18-24,2024-09-26
1329,user_1329,Brazil,free,35-44,2023-01-12
1330,user_1330,India,free,13-17,2024-05-30
1331,user_1331,India,free,35-44,2023-12-28
1332,user_1332,Germany,premium,18-24,2024-08-01
1333,user_1333,US,free,35-44,2024-10-18
1334,user_1334,Australia,free,25-34,2024-04-21
1335,user_1335,Australia,free,18-24,2024-07-30
1336,user_1336,Brazil,premium,25-34,2023-03-23
1337,user_1337,US,free,18-24,2024-09-08
1338,user_1338,Germany,free,18-24,2024-11-23
1339,user_1339,US,free,35-44,2023-12-06
1340,user_1340,US,free,25-34,2024-03-16
1341,user_1341,US,free,25-34,2024-09-08
1342,user_1342,India,premium,18-24,2023-08-14
1343,user_1343,Mexico,premium,25-34,2024-01-06
1344,user_1344,Germany,premium,35-44,2023-01-28
1345,user_1345,Germany,free,18-24,2023-01-16
1346,user_1346,India,free,45+,2023-10-04
1347,user_1347,UK,free,45+,2023-11-29
1348,user_1348,UK,premium,18-24,2024-04-27
1349,user_1349,Australia,free,18-24,2024-07-19
1350,user_1350,US,premium,35-44,2023-10-15
1351,user_1351,Mexico,free,25-34,2023-04-24
1352,user_1352,Brazil,free,13-17,2023-02-07
1353,user_1353,India,free,18-24,2024-03-29
1354,user_1354,Germany,free,25-34,2023-06-15
1355,user_1355,India,premium,35-44,2024-11-24
1356,user_1356,Canada,premium,18-24,2023-07-24
1357,user_1357,Canada,free,18-24,2023-09-02
1358,user_1358,India,free,45+,2023-11-29
1359,user_1359,US,premium,35-44,2024-01-31
1360,user_1360,Brazil,premium,25-34,2024-05-21
1361,user_1361,Canada,free,35-44,2023-05-01
1362,user_1362,US,free,25-34,2023-09-16
1363,user_1363,Brazil,free,35-44,2024-12-22
1364,user_1364,Brazil,free,18-24,2024-02-14
1365,user_1365,Germany,free,18-24,2023-11-06
1366,user_1366,US,free,25-34,2024-12-06
1367,user_1367,Germany,free,25-34,2023-03-09
1368,user_1368,Canada,free,45+,2023-04-24
1369,user_1369,US,free,18-24,2023-08-08
1370,user_1370,US,premium,45+,2023-08-08
1371,user_1371,Australia,premium,45+,2024-04-17
1372,user_1372,US,free,18-24,2024-12-30
1373,user_1373,Mexico,premium,35-44,2024-01-21
1374,user_1374,India,premium,25-34,2023-10-25
1375,user_1375,US,free,45+,2024-08-28
1376,user_1376,Canada,free,25-34,2023-09-10
1377,user_1377,India,premium,35-44,2024-02-09
1378,user_1378,India,premium,25-34,2024-05-06
1379,user_1379,UK,premium,18-24,2023-12-23
1380,user_1380,Brazil,premium,18-24,2024-03-03
1381,user_1381,US,premium,25-34,2023-08-03
1382,user_1382,UK,free,35-44,2024-01-15
1383,user_1383,Australia,free,25-34,2023-08-02
1384,user_1384,US,free,25-34,2023-04-08
1385,user_1385,Brazil,free,18-24,2024-06-11
1386,user_1386,UK,premium,25-34,2024-10-27
1387,user_1387,Japan,free,13-17,2024-06-11
1388,user_1388,US,premium,35-44,2024-12-10
1389,user_1389,Australia,free,45+,2024-09-11
1390,user_1390,India,free,25-34,2024-06-18
1391,user_1391,US,free,13-17,2024-07-07
1392,user_1392,US,free,18-24,2024-07-02
1393,user_1393,US,premium,25-34,2023-11-24
1394,user_1394,India,premium,25-34,2023-06-14
1395,user_1395,UK,premium,35-44,2023-04-26
1396,user_1396,Mexico,free,18-24,2023-05-30
1397,user_1397,India,free,35-44,2024-06-01
1398,user_1398,US,free,25-34,2023-02-01
1399,user_1399,Brazil,free,18-24,2024-10-18
1400,user_1400,Germany,premium,25-34,2023-10-20
1401,user_1401,US,premium,18-24,2024-11-19
1402,user_1402,US,premium,25-34,2023-06-26
1403,user_1403,US,free,35-44,2023-03-02
1404,user_1404,Germany,premium,25-34,2024-08-11
1405,user_1405,Brazil,free,35-44,2024-02-20
1406,user_1406,India,premium,25-34,2024-01-18
1407,user_1407,Mexico,free,18-24,2024-08-20
1408,user_1408,Japan,free,25-34,2024-12-03
1409,user_1409,Brazil,free,25-34,2023-01-07
1410,user_1410,Mexico,premium,25-34,2023-03-26
1411,user_1411,US,free,18-24,2024-02-02
1412,user_1412,US,free,25-34,2024-01-28
1413,user_1413,US,premium,13-17,2023-02-16
1414,user_1414,US,free,18-24,2023-12-07
1415,user_1415,India,free,25-34,2024-05-12
1416,user_1416,France,free,18-24,2024-08-28
1417,user_1417,US,free,45+,2024-04-22
1418,user_1418,US,premium,18-24,2024-03-01
1419,user_1419,India,premium,35-44,2024-03-01
1420,user_1420,France,free,25-34,2024-05-29
1421,user_1421,UK,premium,25-34,2023-05-09
1422,user_1422,India,free,18-24,2023-09-06
1423,user_1423,US,free,45+,2023-05-11
1424,user_1424,US,free,25-34,2024-11-19
1425,user_1425,Australia,free,35-44,2023-11-19
1426,user_1426,Australia,free,18-24,2024-06-26
1427,user_1427,US,premium,18-24,2023-03-07
1428,user_1428,France,premium,25-34,2024-12-18
1429,user_1429,Brazil,free,13-17,2023-04-11
1430,user_1430,Mexico,free,25-34,2023-01-31
1431,user_1431,India,premium,18-24,2023-07-10
1432,user_1432,India,premium,25-34,2024-07-31
1433,user_1433,India,premium,45+,2024-02-19
1434,user_1434,Brazil,free,25-34,2024-12-14
1435,user_1435,US,premium,35-44,2024-05-14
1436,user_1436,US,free,25-34,2024-08-17
1437,user_1437,UK,free,25-34,2023-02-15
1438,user_1438,Germany,free,45+,2023-03-30
1439,user_1439,US,free,35-44,2024-11-28
1440,user_1440,Germany,free,35-44,2024-01-10
1441,user_1441,Australia,free,18-24,2024-12-01
1442,user_1442,US,free,25-34,2023-09-03
1443,user_1443,Germany,premium,18-24,2024-07-11
1444,user_1444,India,free,25-34,2023-09-14
1445,user_1445,Mexico,free,25-34,2023-12-18
1446,user_1446,US,free,35-44,2024-07-26
1447,user_1447,Germany,premium,35-44,2023-04-15
1448,user_1448,Mexico,free,25-34,2023-12-03
1449,user_1449,France,free,13-17,2024-06-09
1450,user_1450,Germany,free,35-44,2023-10-28
1451,user_1451,India,premium,18-24,2023-03-18
1452,user_1452,Brazil,premium,25-34,2024-05-25
1453,user_1453,Mexico,free,13-17,2023-08-18
1454,user_1454,Brazil,free,25-34,2024-11-09
1455,user_1455,US,premium,45+,2024-07-31
1456,user_1456,France,free,18-24,2023-02-01
1457,user_1457,Germany,premium,25-34,2024-08-30
1458,user_1458,Germany,free,18-24,2023-02-27
1459,user_1459,US,free,45+,2023-04-14
1460,user_1460,Brazil,free,35-44,2023-11-08
1461,user_1461,UK,free,18-24,2024-10-07
1462,user_1462,Brazil,premium,18-24,2024-12-29
1463,user_1463,US,premium,25-34,2023-03-08
1464,user_1464,Brazil,free,18-24,2024-11-20
1465,user_1465,Australia,premium,25-34,2024-01-09
1466,user_1466,US,free,13-17,2023-08-23
1467,user_1467,Australia,free,18-24,2024-10-04
1468,user_1468,UK,free,25-34,2023-04-22
1469,user_1469,Canada,premium,18-24,2024-01-24
1470,user_1470,Japan,premium,35-44,2024-02-12
1471,user_1471,India,premium,13-17,2023-02-23
1472,user_1472,Germany,premium,18-24,2023-08-27
1473,user_1473,Canada,premium,45+,2023-10-22
1474,user_1474,UK,premium,25-34,2023-04-22
1475,user_1475,UK,premium,25-34,2023-03-29
1476,user_1476,Brazil,premium,18-24,2024-04-20
1477,user_1477,Japan,free,25-34,2023-10-31
1478,user_1478,Japan,free,25-34,2023-11-01
1479,user_1479,Japan,free,18-24,2023-10-17
1480,user_1480,India,free,35-44,2023-07-27
1481,user_1481,Japan,free,25-34,2024-08-04
1482,user_1482,US,free,25-34,2024-01-05
1483,user_1483,India,premium,25-34,2023-08-08
1484,user_1484,US,free,25-34,2023-08-19
1485,user_1485,UK,free,18-24,2023-12-15
1486,user_1486,UK,free,25-34,2023-09-12
1487,user_1487,UK,premium,18-24,2024-03-27
1488,user_1488,Germany,free,25-34,2023-05-22
1489,user_1489,UK,free,35-44,2023-03-10
1490,user_1490,India,premium,25-34,2023-03-30
1491,user_1491,US,premium,45+,2023-05-16
1492,user_1492,UK,free,18-24,2024-10-16
1493,user_1493,US,free,25-34,2024-11-29
1494,user_1494,US,free,35-44,2024-06-06
1495,user_1495,Brazil,premium,25-34,2024-10-21
1496,user_1496,Brazil,free,25-34,2024-03-17
1497,user_1497,Brazil,free,13-17,2023-02-07
1498,user_1498,India,free,25-34,2023-07-27
1499,user_1499,UK,free,18-24,2023-07-29
1500,user_1500,Mexico,premium,45+,2024-05-27
1501,user_1501,India,free,18-24,2023-12-26
1502,user_1502,India,free,35-44,2024-07-30
1503,user_1503,US,free,25-34,2023-01-01
1504,user_1504,UK,free,18-24,2024-01-16
1505,user_1505,UK,free,25-34,2024-06-20
1506,user_1506,UK,premium,35-44,2024-01-29
1507,user_1507,Brazil,premium,35-44,2023-02-19
1508,user_1508,India,premium,18-24,2024-01-31
1509,user_1509,Brazil,premium,18-24,2023-02-01
1510,user_1510,Japan,premium,18-24,2024-06-28
1511,user_1511,Japan,free,13-17,2024-12-12
1512,user_1512,Germany,premium,25-34,2023-08-22
1513,user_1513,France,premium,35-44,2023-01-26
1514,user_1514,US,premium,25-34,2024-07-07
1515,user_1515,US,free,35-44,2024-03-09
1516,user_1516,US,free,25-34,2023-03-02
1517,user_1517,Brazil,premium,18-24,2024-07-06
1518,user_1518,Canada,premium,18-24,2024-03-16
1519,user_1519,US,premium,25-34,2023-05-10
1520,user_1520,France,free,35-44,2023-12-20
1521,user_1521,US,free,25-34,2023-07-17
1522,user_1522,France,free,13-17,2024-10-24
1523,user_1523,UK,premium,18-24,2024-12-16
1524,user_1524,US,free,13-17,2024-11-24
1525,user_1525,India,free,25-34,2024-01-06
1526,user_1526,US,premium,35-44,2024-12-19
1527,user_1527,US,free,18-24,2023-05-27
1528,user_1528,UK,premium,35-44,2024-12-16
1529,user_1529,Japan,free,25-34,2024-05-12
1530,user_1530,India,premium,25-34,2023-02-17
1531,user_1531,UK,free,45+,2024-10-12
1532,user_1532,Brazil,premium,18-24,2023-06-21
1533,user_1533,Germany,premium,45+,2024-09-04
1534,user_1534,US,free,18-24,2024-11-29
1535,user_1535,UK,free,25-34,2023-11-11
1536,user_1536,US,free,35-44,2024-01-11
1537,user_1537,US,premium,45+,2024-06-16
1538,user_1538,Germany,premium,25-34,2024-02-24
1539,user_1539,US,free,25-34,2024-01-31
1540,user_1540,India,premium,25-34,2024-06-05
1541,user_1541,Germany,free,35-44,2023-07-06
1542,user_1542,US,premium,18-24,2024-10-06
1543,user_1543,India,premium,35-44,2023-02-02
1544,user_1544,US,free,25-34,2023-03-10
1545,user_1545,Australia,free,25-34,2024-08-14
1546,user_1546,India,free,25-34,2023-07-10
1547,user_1547,Japan,free,25-34,2023-04-11
1548,user_1548,India,free,45+,2024-04-29
1549,user_1549,US,free,25-34,2023-10-12
1550,user_1550,Brazil,free,45+,2024-01-25
1551,user_1551,France,free,18-24,2024-07-18
1552,user_1552,Brazil,free,25-34,2023-06-09
1553,user_1553,Japan,free,35-44,2024-07-07
1554,user_1554,Canada,free,25-34,2023-02-16
1555,user_1555,US,premium,25-34,2023-06-08
1556,user_1556,US,premium,25-34,2024-03-21
1557,user_1557,Brazil,free,35-44,2024-11-26
1558,user_1558,UK,free,35-44,2024-06-06
1559,user_1559,Mexico,premium,18-24,2024-10-27
1560,user_1560,Canada,premium,35-44,2023-06-04
1561,user_1561,UK,free,25-34,2023-12-05
1562,user_1562,US,free,18-24,2023-12-31
1563,user_1563,Japan,free,35-44,2024-11-29
1564,user_1564,US,free,25-34,2024-07-27
1565,user_1565,Mexico,free,35-44,2023-05-28
1566,user_1566,India,free,18-24,2023-05-24
1567,user_1567,Brazil,premium,13-17,2023-04-13
1568,user_1568,US,free,25-34,2023-04-03
1569,user_1569,Brazil,free,18-24,2023-10-13
1570,user_1570,India,free,35-44,2024-02-28
1571,user_1571,Brazil,free,18-24,2023-04-29
1572,user_1572,US,free,25-34,2023-01-29
1573,user_1573,Germany,free,18-24,2024-05-25
1574,user_1574,Mexico,premium,18-24,2023-01-30
1575,user_1575,US,free,35-44,2024-01-01
1576,user_1576,US,premium,18-24,2023-05-18
1577,user_1577,US,premium,25-34,2024-04-19
1578,user_1578,Brazil,free,45+,2024-07-16
1579,user_1579,Brazil,free,25-34,2024-01-27
1580,user_1580,India,free,35-44,2024-03-10
1581,user_1581,US,premium,18-24,2023-08-22
1582,user_1582,UK,premium,18-24,2023-02-24
1583,user_1583,Brazil,premium,35-44,2023-10-19
1584,user_1584,India,free,25-34,2023-11-08
1585,user_1585,Australia,premium,25-34,2024-07-01
1586,user_1586,US,free,25-34,2023-03-30
1587,user_1587,Germany,free,25-34,2023-07-31
1588,user_1588,UK,free,13-17,2023-11-14
1589,user_1589,India,free,35-44,2024-04-09
1590,user_1590,Germany,premium,25-34,2023-03-28
1591,user_1591,Germany,free,25-34,2024-02-13
1592,user_1592,Australia,free,35-44,2023-08-28
1593,user_1593,US,free,18-24,2024-11-30
1594,user_1594,US,premium,18-24,2023-02-26
1595,user_1595,Germany,premium,35-44,2023-04-23
1596,user_1596,Brazil,free,35-44,2023-03-11
1597,user_1597,US,free,25-34,2024-11-22
1598,user_1598,US,free,18-24,2023-07-03
1599,user_1599,US,premium,18-24,2024-12-03
1600,user_1600,Canada,free,25-34,2023-10-03
1601,user_1601,US,free,25-34,2023-08-21
1602,user_1602,UK,free,35-44,2023-02-23
1603,user_1603,US,free,45+,2023-09-14
1604,user_1604,UK,premium,35-44,2023-03-31
1605,user_1605,US,free,18-24,2024-10-24
1606,user_1606,India,free,35-44,2024-03-10
1607,user_1607,US,free,18-24,2024-09-16
1608,user_1608,Japan,free,18-24,2024-02-12
1609,user_1609,US,premium,13-17,2023-09-26
1610,user_1610,India,free,25-34,2024-10-30
1611,user_1611,Canada,premium,45+,2024-01-01
1612,user_1612,Brazil,premium,18-24,2023-12-17
1613,user_1613,India,free,18-24,2023-10-26
1614,user_1614,UK,free,45+,2023-06-08
1615,user_1615,UK,free,13-17,2024-05-01
1616,user_1616,Brazil,premium,35-44,2024-06-09
1617,user_1617,Australia,free,18-24,2023-12-21
1618,user_1618,Brazil,free,13-17,2024-09-12
1619,user_1619,India,free,45+,2024-02-05
1620,user_1620,Germany,premium,18-24,2024-02-09
1621,user_1621,India,free,25-34,2023-04-06
1622,user_1622,US,free,18-24,2024-12-07
1623,user_1623,India,free,13-17,2024-07-23
1624,user_1624,France,free,13-17,2024-01-27
1625,user_1625,US,premium,18-24,2023-12-18
1626,user_1626,Germany,free,13-17,2024-10-27
1627,user_1627,US,premium,35-44,2024-07-29
1628,user_1628,India,premium,25-34,2024-10-31
1629,user_1629,US,free,18-24,2024-09-24
1630,user_1630,India,premium,25-34,2023-10-15
1631,user_1631,Japan,free,45+,2024-06-06
1632,user_1632,UK,free,45+,2024-12-26
1633,user_1633,Brazil,premium,25-34,2023-06-11
1634,user_1634,Japan,free,35-44,2024-09-08
1635,user_1635,France,premium,18-24,2024-10-20
1636,user_1636,US,free,25-34,2023-07-01
1637,user_1637,UK,premium,25-34,2024-07-02
1638,user_1638,US,free,25-34,2023-03-23
1639,user_1639,Australia,free,25-34,2024-06-07
1640,user_1640,France,free,25-34,2023-01-04
1641,user_1641,India,premium,45+,2024-05-09
1642,user_1642,Mexico,premium,35-44,2024-07-08
1643,user_1643,India,free,25-34,2023-02-20
1644,user_1644,Brazil,premium,25-34,2023-09-18
1645,user_1645,US,free,18-24,2023-05-14
1646,user_1646,Japan,free,18-24,2024-08-21
1647,user_1647,US,premium,18-24,2023-12-28
1648,user_1648,Mexico,premium,25-34,2024-07-21
1649,user_1649,Japan,premium,13-17,2023-08-05
1650,user_1650,Germany,premium,35-44,2023-03-09
1651,user_1651,US,free,18-24,2024-07-09
1652,user_1652,UK,premium,25-34,2023-05-23
1653,user_1653,US,free,13-17,2023-12-12
1654,user_1654,UK,free,18-24,2024-07-07
1655,user_1655,US,free,35-44,2024-10-12
1656,user_1656,France,free,25-34,2024-08-07
1657,user_1657,India,free,45+,2023-07-13
1658,user_1658,UK,free,45+,2024-10-28
1659,user_1659,UK,free,18-24,2023-09-03
1660,user_1660,India,free,18-24,2023-11-10
1661,user_1661,Brazil,free,35-44,2024-12-30
1662,user_1662,India,free,45+,2024-01-19
1663,user_1663,Canada,free,25-34,2023-10-04
1664,user_1664,India,premium,35-44,2023-03-13
1665,user_1665,Australia,premium,35-44,2023-05-09
1666,user_1666,Mexico,premium,18-24,2023-12-24
1667,user_1667,US,free,25-34,2024-11-28
1668,user_1668,France,premium,35-44,2024-06-08
1669,user_1669,US,free,25-34,2023-08-08
1670,user_1670,Japan,free,13-17,2023-01-06
1671,user_1671,UK,free,18-24,2024-09-15
1672,user_1672,Canada,premium,18-24,2023-08-16
1673,user_1673,Mexico,free,18-24,2023-01-17
1674,user_1674,Japan,free,45+,2024-08-07
1675,user_1675,Japan,free,13-17,2023-01-12
1676,user_1676,UK,premium,18-24,2024-08-20
1677,user_1677,US,premium,18-24,2024-05-13
1678,user_1678,UK,free,25-34,2024-11-22
1679,user_1679,US,free,25-34,2024-09-25
1680,user_1680,Germany,free,18-24,2024-12-16
1681,user_1681,UK,premium,18-24,2024-05-16
1682,user_1682,Australia,free,18-24,2023-03-11
1683,user_1683,Brazil,premium,25-34,2023-04-18
1684,user_1684,Mexico,free,18-24,2023-07-20
1685,user_1685,US,premium,45+,2023-02-21
1686,user_1686,Mexico,free,25-34,2024-07-02
1687,user_1687,France,free,13-17,2024-09-20
1688,user_1688,India,free,25-34,2023-09-16
1689,user_1689,Brazil,free,18-24,2024-04-26
1690,user_1690,Japan,free,25-34,2023-09-21
1691,user_1691,US,premium,18-24,2023-10-30
1692,user_1692,India,free,25-34,2024-07-29
1693,user_1693,UK,premium,35-44,2024-07-07
1694,user_1694,US,premium,45+,2024-07-08
1695,user_1695,UK,free,18-24,2023-05-05
1696,user_1696,US,premium,18-24,2023-09-27
1697,user_1697,US,premium,25-34,2024-04-24
1698,user_1698,US,free,45+,2023-05-12
1699,user_1699,Australia,premium,45+,2023-01-02
1700,user_1700,India,free,18-24,2023-04-25
1701,user_1701,Australia,free,18-24,2024-04-25
1702,user_1702,India,premium,25-34,2023-01-01
1703,user_1703,UK,free,18-24,2023-11-27
1704,user_1704,India,free,18-24,2024-07-30
1705,user_1705,India,free,18-24,2024-09-28
1706,user_1706,US,premium,25-34,2024-01-26
1707,user_1707,Brazil,premium,45+,2023-05-23
1708,user_1708,US,free,45+,2023-11-24
1709,user_1709,Brazil,premium,18-24,2024-09-19
1710,user_1710,Brazil,premium,25-34,2024-01-12
1711,user_1711,US,free,35-44,2023-03-31
1712,user_1712,US,free,18-24,2023-02-11
1713,user_1713,Japan,premium,25-34,2023-02-04
1714,user_1714,India,premium,25-34,2024-05-08
1715,user_1715,US,premium,18-24,2024-07-06
1716,user_1716,Australia,free,25-34,2023-05-04
1717,user_1717,US,free,13-17,2023-02-26
1718,user_1718,Germany,free,25-34,2024-03-31
1719,user_1719,Australia,free,18-24,2023-08-23
1720,user_1720,US,free,18-24,2024-08-30
1721,user_1721,US,premium,18-24,2024-01-27
1722,user_1722,US,free,35-44,2024-05-06
1723,user_1723,UK,premium,25-34,2023-12-09
1724,user_1724,US,free,25-34,2024-10-05
1725,user_1725,Germany,free,25-34,2023-06-25
1726,user_1726,US,free,25-34,2023-02-21
1727,user_1727,India,free,18-24,2024-07-03
1728,user_1728,Australia,free,35-44,2024-04-22
1729,user_1729,Japan,premium,18-24,2024-05-03
1730,user_1730,Brazil,premium,18-24,2023-01-05
1731,user_1731,UK,free,25-34,2024-12-25
1732,user_1732,Brazil,free,18-24,2024-09-23
1733,user_1733,India,premium,18-24,2023-07-28
1734,user_1734,India,free,25-34,2023-08-05
1735,user_1735,US,free,25-34,2024-06-19
1736,user_1736,Canada,free,25-34,2023-12-08
1737,user_1737,India,premium,25-34,2024-12-17
1738,user_1738,US,free,25-34,2024-02-05
1739,user_1739,UK,free,25-34,2024-04-06
1740,user_1740,UK,premium,18-24,2024-12-30
1741,user_1741,Mexico,free,18-24,2023-07-30
1742,user_1742,Germany,free,25-34,2023-01-26
1743,user_1743,Japan,free,18-24,2023-09-09
1744,user_1744,US,premium,45+,2023-01-03
1745,user_1745,UK,free,35-44,2023-01-02
1746,user_1746,India,premium,18-24,2024-08-26
1747,user_1747,US,premium,13-17,2023-01-02
1748,user_1748,US,free,13-17,2023-05-30
1749,user_1749,Japan,premium,18-24,2024-08-05
1750,user_1750,US,free,18-24,2023-01-04
1751,user_1751,India,free,25-34,2024-05-11
1752,user_1752,US,free,35-44,2024-07-03
1753,user_1753,US,free,35-44,2024-04-12
1754,user_1754,US,free,18-24,2023-03-11
1755,user_1755,Australia,free,25-34,2023-07-20
1756,user_1756,Japan,free,25-34,2023-11-04
1757,user_1757,France,premium,35-44,2023-09-09
1758,user_1758,India,free,35-44,2023-10-14
1759,user_1759,US,premium,45+,2023-10-19
1760,user_1760,India,free,25-34,2023-06-03
1761,user_1761,India,free,25-34,2023-05-13
1762,user_1762,Mexico,free,18-24,2024-08-08
1763,user_1763,US,free,25-34,2023-10-01
1764,user_1764,India,free,18-24,2024-11-27
1765,user_1765,US,premium,25-34,2024-05-23
1766,user_1766,UK,premium,25-34,2023-12-19
1767,user_1767,Germany,premium,18-24,2023-01-05
1768,user_1768,India,free,13-17,2023-10-20
1769,user_1769,UK,premium,13-17,2023-12-26
1770,user_1770,UK,free,13-17,2024-08-20
1771,user_1771,India,free,13-17,2023-08-02
1772,user_1772,Japan,premium,18-24,2024-02-10
1773,user_1773,Canada,premium,18-24,2024-03-11
1774,user_1774,France,free,18-24,2023-01-15
1775,user_1775,Japan,free,45+,2023-09-30
1776,user_1776,UK,free,18-24,2024-07-16
1777,user_1777,Germany,premium,18-24,2023-02-14
1778,user_1778,India,free,25-34,2024-12-03
1779,user_1779,US,premium,35-44,2024-09-25
1780,user_1780,Mexico,free,25-34,2024-02-16
1781,user_1781,US,free,18-24,2023-07-06
1782,user_1782,Canada,free,25-34,2024-12-26
1783,user_1783,India,free,25-34,2024-10-22
1784,user_1784,Brazil,free,25-34,2023-06-19
1785,user_1785,Brazil,premium,25-34,2024-12-21
1786,user_1786,Canada,premium,35-44,2024-08-16
1787,user_1787,Brazil,premium,35-44,2024-02-05
1788,user_1788,Brazil,premium,25-34,2024-12-08
1789,user_1789,US,premium,25-34,2023-09-03
1790,user_1790,India,free,25-34,2024-07-05
1791,user_1791,US,premium,35-44,2024-11-10
1792,user_1792,Germany,free,13-17,2023-02-12
1793,user_1793,India,free,45+,2024-12-23
1794,user_1794,Germany,free,18-24,2023-06-28
1795,user_1795,US,free,25-34,2024-04-01
1796,user_1796,US,free,35-44,2024-06-18
1797,user_1797,Germany,premium,18-24,2024-08-29
1798,user_1798,US,free,25-34,2024-11-02
1799,user_1799,US,free,18-24,2023-09-01
1800,user_1800,US,free,25-34,2023-01-17
1801,user_1801,France,free,18-24,2023-04-22
1802,user_1802,Germany,free,18-24,2024-09-06
1803,user_1803,UK,free,18-24,2024-08-20
1804,user_1804,US,free,45+,2024-06-30
1805,user_1805,UK,free,45+,2023-01-30
1806,user_1806,Japan,premium,18-24,2023-07-11
1807,user_1807,Brazil,premium,25-34,2024-03-12
1808,user_1808,US,free,13-17,2023-06-28
1809,user_1809,US,free,13-17,2024-09-07
1810,user_1810,US,free,18-24,2024-11-07
1811,user_1811,Brazil,premium,45+,2024-04-18
1812,user_1812,Japan,free,45+,2024-09-25
1813,user_1813,US,free,18-24,2023-05-14
1814,user_1814,US,premium,18-24,2023-11-08
1815,user_1815,US,free,18-24,2023-01-25
1816,user_1816,Australia,free,25-34,2024-01-06
1817,user_1817,US,free,25-34,2024-06-08
1818,user_1818,Japan,premium,18-24,2023-11-15
1819,user_1819,Brazil,premium,35-44,2023-08-18
1820,user_1820,UK,premium,18-24,2023-04-12
1821,user_1821,US,free,45+,2024-03-25
1822,user_1822,US,free,25-34,2024-01-13
1823,user_1823,Brazil,premium,25-34,2023-07-22
1824,user_1824,Japan,premium,35-44,2023-09-24
1825,user_1825,Brazil,free,35-44,2024-04-06
1826,user_1826,India,premium,18-24,2023-12-31
1827,user_1827,US,free,18-24,2023-04-14
1828,user_1828,Australia,free,45+,2023-04-21
1829,user_1829,Japan,premium,18-24,2024-03-03
1830,user_1830,US,free,13-17,2024-04-13
1831,user_1831,Australia,premium,25-34,2024-08-03
1832,user_1832,Brazil,free,35-44,2024-11-10
1833,user_1833,Brazil,free,35-44,2024-07-14
1834,user_1834,Germany,premium,45+,2023-09-07
1835,user_1835,Japan,premium,25-34,2024-04-26
1836,user_1836,Brazil,free,18-24,2023-11-27
1837,user_1837,US,free,25-34,2024-08-09
1838,user_1838,UK,premium,35-44,2023-07-20
1839,user_1839,France,free,18-24,2024-03-29
1840,user_1840,US,premium,18-24,2024-05-18
1841,user_1841,UK,premium,13-17,2024-06-29
1842,user_1842,India,free,25-34,2023-04-21
1843,user_1843,India,free,35-44,2024-06-27
1844,user_1844,Brazil,free,25-34,2023-07-28
1845,user_1845,France,premium,45+,2024-10-05
1846,user_1846,US,free,13-17,2024-09-09
1847,user_1847,US,free,45+,2023-02-02
1848,user_1848,US,free,35-44,2024-07-08
1849,user_1849,Canada,free,18-24,2023-04-17
1850,user_1850,Brazil,free,45+,2023-09-22
1851,user_1851,US,free,18-24,2023-08-14
1852,user_1852,Japan,premium,35-44,2024-05-01
1853,user_1853,Mexico,premium,35-44,2023-06-28
1854,user_1854,Mexico,premium,35-44,2023-08-10
1855,user_1855,Canada,free,25-34,2024-01-05
1856,user_1856,US,free,18-24,2024-09-28
1857,user_1857,Japan,premium,25-34,2023-06-16
1858,user_1858,India,free,18-24,2024-10-24
1859,user_1859,Mexico,premium,35-44,2024-07-06
1860,user_1860,Germany,premium,35-44,2023-10-27
1861,user_1861,Japan,free,45+,2024-01-16
1862,user_1862,Brazil,premium,13-17,2023-02-04
1863,user_1863,US,premium,35-44,2024-02-11
1864,user_1864,India,free,45+,2024-05-16
1865,user_1865,Australia,free,35-44,2023-11-10
1866,user_1866,France,free,18-24,2024-12-27
1867,user_1867,US,free,18-24,2023-04-11
1868,user_1868,US,free,13-17,2024-07-22
1869,user_1869,US,free,25-34,2023-08-03
1870,user_1870,Germany,premium,25-34,2024-10-29
1871,user_1871,Japan,free,45+,2024-07-29
1872,user_1872,US,free,25-34,2023-03-03
1873,user_1873,India,premium,18-24,2024-01-04
1874,user_1874,Mexico,free,25-34,2024-01-03
1875,user_1875,Germany,premium,35-44,2024-07-27
1876,user_1876,India,free,45+,2023-04-04
1877,user_1877,Brazil,free,35-44,2024-04-13
1878,user_1878,India,free,25-34,2023-01-26
1879,user_1879,US,premium,25-34,2024-03-10
1880,user_1880,India,free,35-44,2023-05-01
1881,user_1881,Germany,premium,25-34,2023-02-19
1882,user_1882,Canada,free,18-24,2023-02-05
1883,user_1883,Brazil,free,18-24,2024-02-14
1884,user_1884,Japan,free,13-17,2023-10-16
1885,user_1885,US,premium,25-34,2024-01-14
1886,user_1886,India,premium,18-24,2023-04-10
1887,user_1887,US,free,18-24,2023-11-20
1888,user_1888,US,free,18-24,2023-11-25
1889,user_1889,Germany,free,25-34,2024-10-09
1890,user_1890,Australia,free,25-34,2024-12-06
1891,user_1891,US,free,25-34,2023-08-09
1892,user_1892,UK,premium,13-17,2024-07-20
1893,user_1893,Japan,premium,18-24,2023-04-20
1894,user_1894,US,free,25-34,2023-05-29
1895,user_1895,India,free,18-24,2024-02-10
1896,user_1896,Germany,premium,18-24,2024-11-04
1897,user_1897,Brazil,premium,13-17,2024-11-29
1898,user_1898,US,free,35-44,2024-02-14
1899,user_1899,UK,free,25-34,2023-05-09
1900,user_1900,Japan,free,18-24,2024-04-28
1901,user_1901,India,free,13-17,2023-04-18
1902,user_1902,US,free,45+,2024-01-24
1903,user_1903,Japan,free,25-34,2024-02-29
1904,user_1904,US,premium,25-34,2024-03-22
1905,user_1905,Germany,free,25-34,2023-03-09
1906,user_1906,US,free,35-44,2023-03-07
1907,user_1907,France,free,35-44,2024-10-17
1908,user_1908,UK,premium,25-34,2024-07-18
1909,user_1909,UK,premium,25-34,2024-10-01
1910,user_1910,US,free,13-17,2024-05-18
1911,user_1911,UK,free,45+,2024-05-18
1912,user_1912,Canada,premium,25-34,2023-11-17
1913,user_1913,Australia,free,18-24,2024-12-19
1914,user_1914,UK,free,45+,2024-12-28
1915,user_1915,India,free,45+,2024-08-02
1916,user_1916,Germany,free,45+,2024-03-22
1917,user_1917,Canada,free,35-44,2024-07-27
1918,user_1918,Brazil,premium,45+,2023-07-29
1919,user_1919,UK,premium,18-24,2024-01-05
1920,user_1920,UK,free,35-44,2024-07-17
1921,user_1921,Germany,premium,35-44,2024-09-19
1922,user_1922,US,free,18-24,2024-04-02
1923,user_1923,Brazil,free,18-24,2024-07-30
1924,user_1924,UK,free,45+,2024-10-03
1925,user_1925,Japan,premium,18-24,2024-11-19
1926,user_1926,US,free,35-44,2023-06-12
1927,user_1927,Brazil,free,13-17,2023-11-28
1928,user_1928,India,premium,13-17,2024-10-25
1929,user_1929,Brazil,premium,25-34,2023-12-16
1930,user_1930,US,premium,18-24,2024-10-31
1931,user_1931,Brazil,free,25-34,2024-04-12
1932,user_1932,India,free,25-34,2024-03-01
1933,user_1933,India,free,13-17,2023-11-23
1934,user_1934,Brazil,free,18-24,2023-04-16
1935,user_1935,Germany,premium,25-34,2023-09-12
1936,user_1936,Japan,free,18-24,2023-12-24
1937,user_1937,US,free,35-44,2024-03-19
1938,user_1938,Mexico,premium,25-34,2023-04-23
1939,user_1939,India,free,18-24,2023-01-30
1940,user_1940,US,free,25-34,2024-06-07
1941,user_1941,US,premium,18-24,2024-11-19
1942,user_1942,UK,premium,18-24,2023-02-15
1943,user_1943,Japan,premium,18-24,2023-06-20
1944,user_1944,Germany,free,35-44,2023-05-10
1945,user_1945,Japan,free,45+,2023-12-19
1946,user_1946,India,premium,35-44,2023-07-22
1947,user_1947,India,free,18-24,2023-08-14
1948,user_1948,US,free,18-24,2023-03-21
1949,user_1949,UK,premium,25-34,2023-11-06
1950,user_1950,India,free,25-34,2023-02-04
1951,user_1951,US,premium,45+,2024-07-17
1952,user_1952,US,free,18-24,2023-06-10
1953,user_1953,Brazil,free,13-17,2024-08-18
1954,user_1954,Germany,free,25-34,2024-03-10
1955,user_1955,Australia,premium,35-44,2024-06-21
1956,user_1956,France,free,35-44,2023-08-13
1957,user_1957,Brazil,free,25-34,2024-03-21
1958,user_1958,India,premium,45+,2023-11-13
1959,user_1959,Brazil,premium,25-34,2024-10-27
1960,user_1960,Japan,premium,45+,2024-02-18
1961,user_1961,US,free,45+,2023-04-05
1962,user_1962,UK,free,35-44,2023-08-13
1963,user_1963,Mexico,premium,18-24,2024-07-06
1964,user_1964,UK,premium,18-24,2024-10-06
1965,user_1965,Brazil,free,25-34,2023-03-07
1966,user_1966,Brazil,free,25-34,2024-02-01
1967,user_1967,US,premium,35-44,2023-07-29
1968,user_1968,UK,free,18-24,2024-04-18
1969,user_1969,UK,premium,18-24,2024-10-26
1970,user_1970,US,free,35-44,2024-11-14
1971,user_1971,US,free,18-24,2024-07-24
1972,user_1972,Mexico,premium,18-24,2024-11-26
1973,user_1973,US,free,25-34,2024-05-04
1974,user_1974,India,free,25-34,2023-06-29
1975,user_1975,US,free,18-24,2024-06-07
1976,user_1976,France,free,35-44,2024-04-03
1977,user_1977,US,premium,25-34,2023-03-09
1978,user_1978,India,premium,45+,2023-11-25
1979,user_1979,Canada,premium,25-34,2023-07-21
1980,user_1980,Mexico,free,18-24,2024-04-19
1981,user_1981,US,free,18-24,2024-06-01
1982,user_1982,Japan,free,13-17,2023-01-15
1983,user_1983,India,premium,25-34,2023-02-11
1984,user_1984,India,premium,18-24,2024-06-26
1985,user_1985,US,premium,25-34,2024-11-23
1986,user_1986,US,free,25-34,2023-10-16
1987,user_1987,Germany,free,18-24,2024-06-16
1988,user_1988,India,free,18-24,2024-11-24
1989,user_1989,India,free,35-44,2024-11-26
1990,user_1990,Germany,free,45+,2023-09-01
1991,user_1991,Japan,premium,18-24,2024-10-22
1992,user_1992,US,free,18-24,2024-09-03
1993,user_1993,Brazil,free,45+,2024-07-20
1994,user_1994,US,free,13-17,2024-11-28
1995,user_1995,Japan,premium,45+,2024-08-20
1996,user_1996,Brazil,free,13-17,2023-06-23
1997,user_1997,France,premium,35-44,2024-06-17
1998,user_1998,US,premium,18-24,2024-05-23
1999,user_1999,US,free,45+,2023-09-01
2000,user_2000,US,premium,18-24,2023-03-01
2001,user_2001,US,free,25-34,2023-04-14
2002,user_2002,US,free,18-24,2024-10-12
2003,user_2003,Canada,premium,18-24,2023-10-30
2004,user_2004,US,premium,35-44,2024-11-01
2005,user_2005,US,free,25-34,2023-03-18
2006,user_2006,Japan,free,45+,2023-01-18
2007,user_2007,India,free,25-34,2024-06-17
2008,user_2008,Japan,free,35-44,2023-07-03
2009,user_2009,US,free,25-34,2024-10-18
2010,user_2010,India,free,45+,2024-07-03
2011,user_2011,US,free,45+,2023-10-08
2012,user_2012,US,premium,18-24,2023-10-15
2013,user_2013,Canada,free,35-44,2024-10-16
2014,user_2014,US,free,35-44,2024-06-08
2015,user_2015,India,free,18-24,2024-11-28
2016,user_2016,UK,premium,25-34,2024-04-18
2017,user_2017,UK,free,13-17,2023-09-24
2018,user_2018,Canada,free,35-44,2024-08-31
2019,user_2019,US,free,18-24,2023-12-23
2020,user_2020,Brazil,premium,13-17,2023-01-01
2021,user_2021,Australia,free,25-34,2023-01-27
2022,user_2022,India,premium,25-34,2024-07-01
2023,user_2023,France,premium,35-44,2023-06-09
2024,user_2024,US,premium,45+,2024-02-03
2025,user_2025,UK,premium,25-34,2024-06-26
2026,user_2026,US,free,13-17,2023-05-07
2027,user_2027,Germany,free,35-44,2023-07-29
2028,user_2028,Australia,premium,25-34,2023-05-30
2029,user_2029,US,free,25-34,2023-01-31
2030,user_2030,Brazil,free,18-24,2024-09-03
2031,user_2031,US,premium,25-34,2023-10-29
2032,user_2032,India,free,18-24,2024-11-13
2033,user_2033,India,free,35-44,2023-09-14
2034,user_2034,Australia,free,25-34,2023-02-26
2035,user_2035,Brazil,free,35-44,2023-01-09
2036,user_2036,UK,premium,25-34,2023-01-05
2037,user_2037,US,free,18-24,2023-04-24
2038,user_2038,US,free,35-44,2024-11-15
2039,user_2039,US,free,25-34,2023-07-24
2040,user_2040,US,premium,18-24,2023-01-24
2041,user_2041,Mexico,premium,25-34,2024-05-07
2042,user_2042,India,free,18-24,2024-11-12
2043,user_2043,India,premium,35-44,2024-02-10
2044,user_2044,US,free,25-34,2023-04-13
2045,user_2045,Mexico,premium,25-34,2023-03-01
2046,user_2046,Germany,free,18-24,2023-03-27
2047,user_2047,US,premium,25-34,2024-11-07
2048,user_2048,Germany,free,45+,2024-01-07
2049,user_2049,India,free,35-44,2024-11-09
2050,user_2050,US,free,18-24,2024-08-18
2051,user_2051,India,premium,18-24,2023-07-21
2052,user_2052,India,free,18-24,2024-08-24
2053,user_2053,US,premium,25-34,2023-03-30
2054,user_2054,France,free,35-44,2024-03-12
2055,user_2055,Mexico,free,35-44,2023-04-30
2056,user_2056,Brazil,free,25-34,2023-06-05
2057,user_2057,India,premium,35-44,2024-02-03
2058,user_2058,UK,free,25-34,2024-11-30
2059,user_2059,Brazil,premium,18-24,2023-07-07
2060,user_2060,India,premium,25-34,2023-02-21
2061,user_2061,US,premium,45+,2024-10-13
2062,user_2062,India,free,35-44,2024-06-14
2063,user_2063,Japan,premium,25-34,2024-04-24
2064,user_2064,India,premium,25-34,2024-08-09
2065,user_2065,US,free,45+,2023-08-18
2066,user_2066,Japan,premium,25-34,2024-04-25
2067,user_2067,US,free,18-24,2023-05-10
2068,user_2068,US,free,45+,2023-02-24
2069,user_2069,US,free,35-44,2023-09-28
2070,user_2070,UK,free,18-24,2023-04-10
2071,user_2071,Japan,free,25-34,2023-03-10
2072,user_2072,India,free,25-34,2023-10-26
2073,user_2073,US,premium,18-24,2024-06-12
2074,user_2074,Canada,free,45+,2023-12-20
2075,user_2075,Canada,free,25-34,2024-09-19
2076,user_2076,Canada,free,35-44,2023-06-01
2077,user_2077,US,free,18-24,2023-11-26
2078,user_2078,India,premium,25-34,2023-04-26
2079,user_2079,Australia,free,13-17,2024-06-25
2080,user_2080,Japan,premium,35-44,2023-11-19
2081,user_2081,US,free,25-34,2024-07-16
2082,user_2082,US,premium,25-34,2024-07-25
2083,user_2083,India,free,13-17,2023-08-17
2084,user_2084,Canada,free,18-24,2023-12-26
2085,user_2085,India,premium,13-17,2023-01-05
2086,user_2086,India,free,18-24,2023-01-28
2087,user_2087,US,premium,25-34,2023-12-30
2088,user_2088,Brazil,premium,25-34,2024-04-06
2089,user_2089,Mexico,free,25-34,2023-08-19
2090,user_2090,UK,free,25-34,2024-01-30
2091,user_2091,Japan,free,18-24,2024-12-12
2092,user_2092,Australia,premium,18-24,2023-09-28
2093,user_2093,US,premium,18-24,2023-10-31
2094,user_2094,India,free,35-44,2024-01-18
2095,user_2095,US,free,25-34,2024-07-11
2096,user_2096,Japan,free,18-24,2023-01-28
2097,user_2097,Brazil,premium,18-24,2024-06-02
2098,user_2098,Brazil,free,35-44,2023-07-18
2099,user_2099,Japan,free,35-44,2024-08-28
2100,user_2100,UK,premium,25-34,2023-03-23
2101,user_2101,Canada,free,25-34,2023-03-29
2102,user_2102,India,free,18-24,2024-01-25
2103,user_2103,US,premium,45+,2024-11-28
2104,user_2104,Germany,premium,35-44,2024-08-02
2105,user_2105,Japan,free,18-24,2024-03-26
2106,user_2106,UK,free,35-44,2024-03-08
2107,user_2107,Mexico,free,35-44,2024-01-09
2108,user_2108,Canada,free,18-24,2024-03-10
2109,user_2109,US,premium,25-34,2023-07-06
2110,user_2110,Australia,free,18-24,2024-01-25
2111,user_2111,US,premium,18-24,2023-08-06
2112,user_2112,US,premium,25-34,2023-04-18
2113,user_2113,US,free,18-24,2024-07-03
2114,user_2114,Canada,free,35-44,2023-12-15
2115,user_2115,Brazil,free,45+,2024-06-05
2116,user_2116,US,premium,13-17,2023-01-26
2117,user_2117,India,premium,25-34,2023-02-17
2118,user_2118,Brazil,free,35-44,2024-01-05
2119,user_2119,US,premium,35-44,2023-01-14
2120,user_2120,Canada,free,35-44,2024-09-03
2121,user_2121,Japan,premium,18-24,2023-07-06
2122,user_2122,India,free,25-34,2024-06-07
2123,user_2123,Australia,free,25-34,2023-10-06
2124,user_2124,UK,premium,45+,2023-12-07
2125,user_2125,Australia,free,18-24,2023-11-24
2126,user_2126,Brazil,free,45+,2024-11-09
2127,user_2127,Brazil,free,18-24,2024-09-25
2128,user_2128,US,free,45+,2024-08-29
2129,user_2129,Canada,free,25-34,2023-01-25
2130,user_2130,India,premium,25-34,2024-06-12
2131,user_2131,US,free,25-34,2024-03-01
2132,user_2132,US,free,18-24,2023-01-29
2133,user_2133,India,premium,18-24,2023-11-19
2134,user_2134,India,free,18-24,2023-11-09
2135,user_2135,Germany,free,18-24,2024-08-06
2136,user_2136,Canada,premium,18-24,2023-09-27
2137,user_2137,US,premium,35-44,2023-10-22
2138,user_2138,Germany,premium,25-34,2024-10-17
2139,user_2139,US,premium,18-24,2023-08-11
2140,user_2140,Mexico,free,35-44,2023-03-16
2141,user_2141,Japan,premium,25-34,2023-04-12
2142,user_2142,India,free,45+,2024-06-15
2143,user_2143,Germany,premium,25-34,2024-09-20
2144,user_2144,UK,free,18-24,2024-11-16
2145,user_2145,India,premium,25-34,2023-06-22
2146,user_2146,Mexico,premium,25-34,2023-01-04
2147,user_2147,India,premium,13-17,2024-04-23
2148,user_2148,UK,free,13-17,2024-10-21
2149,user_2149,India,free,18-24,2024-01-30
2150,user_2150,Mexico,premium,18-24,2024-09-17
2151,user_2151,UK,premium,25-34,2023-06-16
2152,user_2152,US,free,25-34,2023-10-27
2153,user_2153,Germany,premium,18-24,2023-04-28
2154,user_2154,Mexico,premium,25-34,2024-05-26
2155,user_2155,US,free,25-34,2024-09-03
2156,user_2156,US,premium,18-24,2023-06-24
2157,user_2157,US,free,13-17,2023-06-08
2158,user_2158,UK,free,13-17,2024-01-19
2159,user_2159,India,free,25-34,2023-08-15
2160,user_2160,Germany,free,18-24,2023-02-07
2161,user_2161,Brazil,premium,18-24,2024-04-07
2162,user_2162,Brazil,free,25-34,2024-03-06
2163,user_2163,UK,premium,25-34,2024-12-10
2164,user_2164,Mexico,premium,18-24,2024-10-09
2165,user_2165,India,premium,18-24,2023-04-14
2166,user_2166,Australia,free,25-34,2023-07-12
2167,user_2167,Brazil,premium,35-44,2023-09-07
2168,user_2168,US,free,35-44,2023-01-13
2169,user_2169,Germany,free,25-34,2024-07-20
2170,user_2170,UK,free,18-24,2024-08-19
2171,user_2171,Germany,free,18-24,2024-09-12
2172,user_2172,US,premium,35-44,2024-07-08
2173,user_2173,US,free,13-17,2024-01-23
2174,user_2174,Mexico,premium,45+,2023-03-12
2175,user_2175,US,free,25-34,2024-07-24
2176,user_2176,Mexico,free,25-34,2024-03-13
2177,user_2177,US,premium,13-17,2023-02-13
2178,user_2178,Brazil,premium,25-34,2023-09-29
2179,user_2179,Germany,free,25-34,2023-01-14
2180,user_2180,India,free,18-24,2024-01-06
2181,user_2181,UK,free,18-24,2023-04-22
2182,user_2182,US,free,35-44,2024-01-14
2183,user_2183,US,premium,25-34,2023-11-10
2184,user_2184,UK,premium,25-34,2024-02-19
2185,user_2185,Brazil,free,13-17,2024-04-29
2186,user_2186,France,premium,25-34,2023-06-18
2187,user_2187,Canada,free,25-34,2023-09-03
2188,user_2188,Japan,free,25-34,2023-09-23
2189,user_2189,Japan,free,25-34,2023-08-31
2190,user_2190,Brazil,premium,25-34,2024-10-31
2191,user_2191,US,free,25-34,2023-10-27
2192,user_2192,Canada,free,18-24,2023-11-23
2193,user_2193,Germany,free,45+,2024-06-13
2194,user_2194,India,free,25-34,2024-08-17
2195,user_2195,US,premium,18-24,2023-12-08
2196,user_2196,India,free,25-34,2024-11-09
2197,user_2197,India,free,35-44,2024-07-07
2198,user_2198,Mexico,premium,18-24,2023-09-06
2199,user_2199,India,premium,18-24,2024-01-15
2200,user_2200,UK,premium,25-34,2024-06-15
2201,user_2201,Australia,free,18-24,2024-01-16
2202,user_2202,US,free,35-44,2023-02-11
2203,user_2203,India,free,18-24,2023-12-11
2204,user_2204,US,free,35-44,2024-08-21
2205,user_2205,Germany,premium,13-17,2023-09-18
2206,user_2206,Canada,free,13-17,2023-11-02
2207,user_2207,US,free,35-44,2023-08-28
2208,user_2208,Mexico,free,25-34,2024-11-09
2209,user_2209,US,free,18-24,2023-11-09
2210,user_2210,Canada,premium,18-24,2024-03-16
2211,user_2211,Japan,free,25-34,2023-05-13
2212,user_2212,Japan,free,25-34,2024-12-19
2213,user_2213,US,free,45+,2023-02-20
2214,user_2214,Australia,free,45+,2024-09-09
2215,user_2215,Germany,free,25-34,2024-01-27
2216,user_2216,UK,premium,25-34,2024-11-26
2217,user_2217,Mexico,free,25-34,2024-12-13
2218,user_2218,US,premium,25-34,2024-06-06
2219,user_2219,Canada,premium,18-24,2024-05-22
2220,user_2220,US,premium,18-24,2024-10-23
2221,user_2221,Germany,premium,13-17,2023-12-20
2222,user_2222,India,free,13-17,2024-01-30
2223,user_2223,US,free,18-24,2023-04-06
2224,user_2224,US,free,25-34,2023-04-16
2225,user_2225,US,premium,35-44,2024-10-16
2226,user_2226,India,premium,25-34,2024-11-08
2227,user_2227,UK,premium,18-24,2024-05-27
2228,user_2228,Brazil,free,18-24,2024-07-11
2229,user_2229,US,premium,25-34,2023-08-30
2230,user_2230,US,free,18-24,2024-05-02
2231,user_2231,Germany,free,25-34,2024-05-29
2232,user_2232,US,free,45+,2024-10-15
2233,user_2233,Canada,free,18-24,2023-03-02
2234,user_2234,Mexico,free,18-24,2024-02-20
2235,user_2235,Brazil,free,25-34,2023-10-21
2236,user_2236,Brazil,free,45+,2023-10-29
2237,user_2237,Canada,premium,35-44,2023-06-19
2238,user_2238,US,premium,35-44,2024-10-07
2239,user_2239,US,premium,18-24,2023-02-10
2240,user_2240,US,free,45+,2023-08-19
2241,user_2241,Japan,premium,18-24,2024-02-13
2242,user_2242,US,premium,13-17,2024-10-12
2243,user_2243,Brazil,free,35-44,2024-09-13
2244,user_2244,Australia,free,45+,2023-10-24
2245,user_2245,Mexico,free,18-24,2024-03-30
2246,user_2246,India,free,18-24,2023-02-26
2247,user_2247,US,premium,13-17,2024-09-26
2248,user_2248,Mexico,premium,18-24,2023-08-28
2249,user_2249,Brazil,free,18-24,2024-08-20
2250,user_2250,US,premium,45+,2023-06-25
2251,user_2251,US,premium,25-34,2023-03-04
2252,user_2252,Canada,premium,35-44,2024-07-04
2253,user_2253,Brazil,free,35-44,2023-05-18
2254,user_2254,Mexico,premium,25-34,2024-03-29
2255,user_2255,Canada,free,35-44,2024-03-24
2256,user_2256,Brazil,free,25-34,2023-08-14
2257,user_2257,India,free,18-24,2024-03-18
2258,user_2258,India,free,25-34,2023-07-25
2259,user_2259,UK,premium,25-34,2024-11-06
2260,user_2260,India,free,35-44,2023-01-27
2261,user_2261,Japan,free,45+,2024-04-01
2262,user_2262,Brazil,free,25-34,2024-11-25
2263,user_2263,Canada,premium,35-44,2024-12-10
2264,user_2264,India,free,18-24,2023-04-17
2265,user_2265,Brazil,premium,35-44,2024-03-19
2266,user_2266,Brazil,free,18-24,2024-12-01
2267,user_2267,Brazil,free,13-17,2023-02-05
2268,user_2268,Germany,free,18-24,2024-08-19
2269,user_2269,US,free,25-34,2023-06-04
2270,user_2270,India,free,18-24,2023-06-18
2271,user_2271,US,free,45+,2023-09-29
2272,user_2272,UK,premium,13-17,2024-06-30
2273,user_2273,India,premium,45+,2024-02-24
2274,user_2274,Brazil,free,25-34,2023-07-03
2275,user_2275,France,free,18-24,2024-09-02
2276,user_2276,Brazil,premium,25-34,2023-08-25
2277,user_2277,Germany,free,35-44,2024-05-23
2278,user_2278,India,free,25-34,2024-03-16
2279,user_2279,Brazil,premium,25-34,2023-05-02
2280,user_2280,US,premium,25-34,2024-02-21
2281,user_2281,US,free,25-34,2024-06-18
2282,user_2282,UK,free,45+,2024-01-10
2283,user_2283,India,free,18-24,2024-07-28
2284,user_2284,US,premium,25-34,2023-11-22
2285,user_2285,US,free,18-24,2024-04-24
2286,user_2286,US,free,35-44,2023-05-30
2287,user_2287,Australia,free,35-44,2024-12-07
2288,user_2288,UK,free,18-24,2024-08-14
2289,user_2289,India,premium,18-24,2024-05-04
2290,user_2290,US,premium,13-17,2023-06-02
2291,user_2291,Brazil,premium,25-34,2023-01-17
2292,user_2292,US,free,25-34,2024-07-04
2293,user_2293,US,free,45+,2023-12-14
2294,user_2294,India,free,25-34,2024-04-03
2295,user_2295,US,free,18-24,2023-07-21
2296,user_2296,US,premium,35-44,2024-02-27
2297,user_2297,US,free,25-34,2023-10-07
2298,user_2298,US,free,25-34,2024-02-26
2299,user_2299,US,free,18-24,2024-08-22
2300,user_2300,UK,premium,25-34,2024-04-09
2301,user_2301,Japan,free,45+,2023-12-21
2302,user_2302,Brazil,free,25-34,2024-08-04
2303,user_2303,India,free,18-24,2024-01-13
2304,user_2304,US,premium,25-34,2023-05-04
2305,user_2305,France,free,45+,2023-03-21
2306,user_2306,UK,premium,18-24,2024-07-10
2307,user_2307,US,premium,25-34,2023-08-21
2308,user_2308,Brazil,free,45+,2024-04-24
2309,user_2309,US,premium,18-24,2023-06-03
2310,user_2310,UK,free,25-34,2024-11-22
2311,user_2311,India,premium,25-34,2024-02-13
2312,user_2312,Canada,free,25-34,2023-01-31
2313,user_2313,India,free,18-24,2024-08-19
2314,user_2314,Germany,free,18-24,2024-07-10
2315,user_2315,Australia,free,25-34,2024-05-17
2316,user_2316,US,premium,18-24,2024-01-06
2317,user_2317,US,free,25-34,2023-11-19
2318,user_2318,UK,premium,18-24,2023-11-28
2319,user_2319,India,free,13-17,2023-08-31
2320,user_2320,UK,premium,45+,2024-07-05
2321,user_2321,Canada,free,25-34,2024-03-05
2322,user_2322,Germany,free,45+,2023-07-01
2323,user_2323,Brazil,free,18-24,2024-04-17
2324,user_2324,UK,premium,25-34,2024-01-11
2325,user_2325,Mexico,free,18-24,2023-03-22
2326,user_2326,France,free,35-44,2024-07-03
2327,user_2327,Mexico,free,35-44,2024-02-24
2328,user_2328,US,premium,18-24,2024-04-11
2329,user_2329,Brazil,free,45+,2024-03-03
2330,user_2330,US,free,18-24,2023-02-26
2331,user_2331,US,free,25-34,2023-11-18
2332,user_2332,US,premium,45+,2024-06-25
2333,user_2333,Brazil,premium,35-44,2024-05-09
2334,user_2334,Germany,free,45+,2023-09-23
2335,user_2335,US,free,18-24,2023-08-15
2336,user_2336,UK,free,18-24,2023-02-23
2337,user_2337,India,free,18-24,2024-08-31
2338,user_2338,UK,free,25-34,2023-01-04
2339,user_2339,US,premium,35-44,2024-03-14
2340,user_2340,UK,free,18-24,2023-11-06
2341,user_2341,Japan,premium,25-34,2024-08-25
2342,user_2342,US,free,18-24,2023-03-30
2343,user_2343,US,premium,18-24,2023-11-16
2344,user_2344,UK,free,25-34,2024-01-10
2345,user_2345,France,free,25-34,2024-08-26
2346,user_2346,Brazil,free,35-44,2024-05-15
2347,user_2347,Germany,free,18-24,2024-10-23
2348,user_2348,UK,free,35-44,2023-08-22
2349,user_2349,Brazil,premium,13-17,2023-12-03
2350,user_2350,US,premium,18-24,2024-07-24
2351,user_2351,Brazil,free,25-34,2023-07-04
2352,user_2352,Canada,free,35-44,2024-03-13
2353,user_2353,Brazil,free,18-24,2024-07-09
2354,user_2354,Canada,free,18-24,2023-06-29
2355,user_2355,Germany,free,25-34,2023-03-17
2356,user_2356,US,premium,18-24,2024-10-17
2357,user_2357,Canada,premium,35-44,2024-09-04
2358,user_2358,US,premium,35-44,2023-09-29
2359,user_2359,India,free,18-24,2023-02-24
2360,user_2360,US,premium,25-34,2024-12-01
2361,user_2361,US,premium,35-44,2023-03-18
2362,user_2362,India,free,18-24,2023-10-23
2363,user_2363,US,free,25-34,2023-08-07
2364,user_2364,India,premium,13-17,2023-10-04
2365,user_2365,Brazil,free,25-34,2024-07-31
2366,user_2366,US,free,18-24,2024-10-09
2367,user_2367,US,free,35-44,2024-12-11
2368,user_2368,India,free,18-24,2023-09-23
2369,user_2369,UK,free,18-24,2023-02-12
2370,user_2370,Germany,premium,35-44,2023-12-27
2371,user_2371,Brazil,premium,13-17,2023-08-16
2372,user_2372,Mexico,premium,25-34,2023-08-15
2373,user_2373,Germany,free,18-24,2023-03-04
2374,user_2374,India,premium,18-24,2023-06-20
2375,user_2375,Germany,free,45+,2023-11-03
2376,user_2376,US,free,35-44,2024-07-21
2377,user_2377,UK,free,13-17,2024-11-13
2378,user_2378,Japan,free,25-34,2023-02-03
2379,user_2379,India,free,25-34,2024-10-03
2380,user_2380,Japan,free,45+,2023-05-10
2381,user_2381,Mexico,free,18-24,2024-01-29
2382,user_2382,Mexico,free,25-34,2023-05-31
2383,user_2383,Canada,premium,25-34,2024-10-16
2384,user_2384,India,free,25-34,2024-09-21
2385,user_2385,UK,premium,25-34,2024-12-16
2386,user_2386,Brazil,free,18-24,2024-01-19
2387,user_2387,UK,free,35-44,2023-01-17
2388,user_2388,Brazil,premium,25-34,2024-08-16
2389,user_2389,Germany,free,45+,2023-01-14
2390,user_2390,Germany,free,18-24,2023-03-22
2391,user_2391,UK,premium,25-34,2023-07-26
2392,user_2392,US,free,45+,2023-07-23
2393,user_2393,India,premium,25-34,2024-01-14
2394,user_2394,US,free,35-44,2024-06-27
2395,user_2395,Canada,free,35-44,2023-01-23
2396,user_2396,UK,free,18-24,2024-09-05
2397,user_2397,US,free,25-34,2023-06-11
2398,user_2398,US,premium,18-24,2024-09-01
2399,user_2399,Brazil,premium,25-34,2023-05-24
2400,user_2400,Brazil,free,18-24,2023-04-14
2401,user_2401,UK,free,35-44,2024-01-17
2402,user_2402,US,premium,25-34,2024-03-30
2403,user_2403,UK,free,25-34,2024-02-21
2404,user_2404,UK,free,18-24,2023-11-20
2405,user_2405,Germany,free,45+,2023-06-20
2406,user_2406,Brazil,free,13-17,2024-07-29
2407,user_2407,UK,premium,13-17,2024-08-05
2408,user_2408,US,premium,18-24,2023-10-01
2409,user_2409,Australia,free,45+,2024-03-27
2410,user_2410,India,free,45+,2023-05-05
2411,user_2411,Germany,free,25-34,2024-01-18
2412,user_2412,US,free,35-44,2023-11-13
2413,user_2413,India,free,18-24,2023-04-17
2414,user_2414,US,premium,45+,2024-10-21
2415,user_2415,India,free,18-24,2024-04-07
2416,user_2416,Australia,free,18-24,2024-03-05
2417,user_2417,UK,free,18-24,2024-12-04
2418,user_2418,US,free,25-34,2023-12-03
2419,user_2419,US,free,35-44,2024-05-10
2420,user_2420,UK,premium,18-24,2023-12-28
2421,user_2421,US,free,45+,2024-03-07
2422,user_2422,US,premium,25-34,2024-11-05
2423,user_2423,Japan,free,18-24,2024-06-03
2424,user_2424,India,free,25-34,2024-02-10
2425,user_2425,US,free,25-34,2024-01-12
2426,user_2426,Canada,free,35-44,2023-06-01
2427,user_2427,US,free,25-34,2023-11-18
2428,user_2428,France,free,25-34,2024-08-29
2429,user_2429,UK,premium,18-24,2023-08-02
2430,user_2430,Canada,premium,25-34,2024-07-29
2431,user_2431,Brazil,free,45+,2023-03-06
2432,user_2432,Mexico,free,13-17,2023-09-27
2433,user_2433,Australia,free,35-44,2024-06-20
2434,user_2434,US,free,25-34,2023-04-10
2435,user_2435,Australia,free,18-24,2023-04-15
2436,user_2436,UK,premium,45+,2023-05-11
2437,user_2437,UK,free,25-34,2024-01-24
2438,user_2438,UK,free,18-24,2023-11-17
2439,user_2439,India,free,18-24,2024-03-13
2440,user_2440,US,free,18-24,2023-01-19
2441,user_2441,India,premium,35-44,2023-08-13
2442,user_2442,India,free,25-34,2024-09-09
2443,user_2443,Japan,free,45+,2024-07-19
2444,user_2444,Mexico,premium,18-24,2024-04-04
2445,user_2445,India,free,18-24,2024-01-29
2446,user_2446,UK,premium,13-17,2023-08-14
2447,user_2447,US,free,25-34,2023-12-26
2448,user_2448,US,free,45+,2024-03-05
2449,user_2449,US,premium,25-34,2023-01-15
2450,user_2450,UK,free,18-24,2024-07-13
2451,user_2451,US,free,35-44,2024-10-12
2452,user_2452,Australia,free,35-44,2024-06-29
2453,user_2453,India,free,13-17,2024-02-18
2454,user_2454,UK,premium,35-44,2023-12-21
2455,user_2455,Brazil,premium,18-24,2024-04-01
2456,user_2456,US,premium,18-24,2024-12-22
2457,user_2457,India,premium,18-24,2024-06-14
2458,user_2458,Brazil,free,25-34,2023-07-15
2459,user_2459,India,free,25-34,2023-04-25
2460,user_2460,UK,free,18-24,2024-02-21
2461,user_2461,Australia,free,18-24,2023-12-18
2462,user_2462,Canada,free,35-44,2023-03-16
2463,user_2463,Brazil,premium,45+,2024-10-23
2464,user_2464,India,free,35-44,2023-02-05
2465,user_2465,Brazil,free,18-24,2023-08-30
2466,user_2466,US,free,18-24,2024-10-24
2467,user_2467,UK,premium,18-24,2023-03-04
2468,user_2468,US,premium,18-24,2024-10-27
2469,user_2469,India,premium,25-34,2024-05-23
2470,user_2470,India,free,25-34,2023-07-07
2471,user_2471,US,premium,25-34,2023-04-03
2472,user_2472,Australia,free,25-34,2023-01-05
2473,user_2473,Canada,premium,18-24,2024-03-13
2474,user_2474,Germany,free,18-24,2023-06-15
2475,user_2475,India,free,25-34,2024-03-21
2476,user_2476,Mexico,free,18-24,2023-01-25
2477,user_2477,US,premium,18-24,2024-05-22
2478,user_2478,Japan,free,18-24,2023-04-08
2479,user_2479,US,premium,18-24,2023-09-25
2480,user_2480,Japan,free,18-24,2024-10-23
2481,user_2481,US,free,35-44,2024-01-28
2482,user_2482,Canada,free,35-44,2024-08-18
2483,user_2483,France,free,18-24,2023-10-12
2484,user_2484,US,free,13-17,2024-11-14
2485,user_2485,India,free,35-44,2023-04-19
2486,user_2486,Australia,premium,18-24,2023-01-27
2487,user_2487,India,free,25-34,2023-02-24
2488,user_2488,Mexico,premium,13-17,2023-05-13
2489,user_2489,Brazil,free,18-24,2023-02-21
2490,user_2490,UK,premium,35-44,2024-05-07
2491,user_2491,US,free,35-44,2023-10-25
2492,user_2492,US,free,18-24,2024-02-03
2493,user_2493,Japan,free,18-24,2024-08-13
2494,user_2494,UK,free,18-24,2023-01-18
2495,user_2495,India,premium,13-17,2024-09-10
2496,user_2496,India,free,45+,2024-07-12
2497,user_2497,Brazil,free,25-34,2023-09-03
2498,user_2498,Mexico,premium,25-34,2024-05-17
2499,user_2499,Australia,free,35-44,2023-03-30
2500,user_2500,UK,premium,35-44,2023-07-22
2501,user_2501,Mexico,free,35-44,2023-08-28
2502,user_2502,Japan,premium,13-17,2024-05-04
2503,user_2503,Brazil,free,18-24,2023-01-13
2504,user_2504,France,free,25-34,2024-10-10
2505,user_2505,US,free,18-24,2023-11-11
2506,user_2506,US,premium,45+,2024-11-15
2507,user_2507,Mexico,free,25-34,2023-07-17
2508,user_2508,India,free,45+,2023-08-31
2509,user_2509,Mexico,premium,18-24,2024-05-21
2510,user_2510,Canada,premium,35-44,2023-02-12
2511,user_2511,US,premium,18-24,2023-11-26
2512,user_2512,Canada,premium,45+,2024-08-13
2513,user_2513,India,free,18-24,2024-03-04
2514,user_2514,India,free,25-34,2024-09-04
2515,user_2515,Brazil,premium,35-44,2023-06-11
2516,user_2516,France,premium,25-34,2024-10-17
2517,user_2517,US,free,25-34,2024-09-12
2518,user_2518,India,free,45+,2024-03-10
2519,user_2519,Germany,premium,25-34,2023-08-21
2520,user_2520,Germany,free,25-34,2023-04-21
2521,user_2521,Germany,free,13-17,2023-08-20
2522,user_2522,US,free,35-44,2024-12-09
2523,user_2523,US,free,25-34,2023-09-30
2524,user_2524,UK,premium,25-34,2024-08-20
2525,user_2525,Japan,free,13-17,2023-02-10
2526,user_2526,US,premium,25-34,2024-07-13
2527,user_2527,US,free,13-17,2024-04-10
2528,user_2528,France,free,13-17,2023-03-18
2529,user_2529,US,premium,25-34,2024-11-20
2530,user_2530,Australia,free,18-24,2024-05-04
2531,user_2531,Germany,free,18-24,2023-04-27
2532,user_2532,Mexico,free,25-34,2024-03-09
2533,user_2533,US,free,13-17,2023-01-19
2534,user_2534,US,free,18-24,2024-07-24
2535,user_2535,Germany,premium,18-24,2023-07-15
2536,user_2536,Mexico,premium,25-34,2024-09-10
2537,user_2537,Germany,premium,25-34,2024-03-26
2538,user_2538,US,free,25-34,2024-02-29
2539,user_2539,Japan,free,18-24,2024-01-29
2540,user_2540,Japan,free,18-24,2023-10-11
2541,user_2541,Brazil,free,13-17,2023-02-03
2542,user_2542,Japan,free,25-34,2023-10-22
2543,user_2543,Mexico,free,45+,2023-09-08
2544,user_2544,Brazil,premium,18-24,2024-09-29
2545,user_2545,US,free,18-24,2023-12-05
2546,user_2546,India,free,18-24,2024-09-09
2547,user_2547,US,premium,25-34,2024-03-15
2548,user_2548,UK,free,25-34,2023-06-29
2549,user_2549,UK,premium,25-34,2024-09-13
2550,user_2550,US,premium,35-44,2023-08-16
2551,user_2551,UK,premium,25-34,2024-09-24
2552,user_2552,US,free,18-24,2024-09-10
2553,user_2553,Japan,premium,18-24,2024-10-04
2554,user_2554,France,free,25-34,2023-01-23
2555,user_2555,US,premium,25-34,2024-10-18
2556,user_2556,France,free,25-34,2023-11-23
2557,user_2557,India,free,25-34,2023-06-03
2558,user_2558,US,free,25-34,2024-09-10
2559,user_2559,US,free,35-44,2023-05-26
2560,user_2560,India,premium,25-34,2023-09-09
2561,user_2561,Japan,premium,35-44,2023-10-29
2562,user_2562,Germany,premium,18-24,2023-03-11
2563,user_2563,US,free,25-34,2024-06-26
2564,user_2564,US,premium,45+,2023-04-03
2565,user_2565,UK,free,25-34,2024-10-10
2566,user_2566,US,premium,35-44,2023-06-12
2567,user_2567,US,premium,25-34,2023-03-22
2568,user_2568,US,free,13-17,2024-08-10
2569,user_2569,Japan,premium,25-34,2023-03-04
2570,user_2570,France,free,18-24,2024-09-03
2571,user_2571,UK,free,45+,2024-03-11
2572,user_2572,Canada,free,35-44,2023-02-17
2573,user_2573,UK,free,18-24,2024-03-20
2574,user_2574,India,premium,18-24,2023-03-15
2575,user_2575,US,free,25-34,2024-12-04
2576,user_2576,Brazil,free,18-24,2024-06-25
2577,user_2577,Australia,free,13-17,2023-06-06
2578,user_2578,Brazil,premium,25-34,2024-05-01
2579,user_2579,UK,premium,25-34,2023-09-23
2580,user_2580,Brazil,premium,18-24,2023-09-13
2581,user_2581,US,premium,35-44,2023-02-08
2582,user_2582,Canada,free,45+,2023-02-24
2583,user_2583,India,free,35-44,2023-01-28
2584,user_2584,India,free,35-44,2023-04-28
2585,user_2585,Brazil,free,18-24,2024-01-05
2586,user_2586,Brazil,premium,18-24,2023-07-28
2587,user_2587,US,free,18-24,2024-08-09
2588,user_2588,Germany,premium,35-44,2024-07-30
2589,user_2589,US,free,45+,2024-09-03
2590,user_2590,Germany,free,25-34,2024-07-11
2591,user_2591,Mexico,free,35-44,2023-11-12
2592,user_2592,Japan,premium,25-34,2024-01-28
2593,user_2593,India,premium,25-34,2024-03-19
2594,user_2594,India,premium,25-34,2024-10-29
2595,user_2595,US,free,13-17,2023-09-16
2596,user_2596,Japan,premium,13-17,2024-10-09
2597,user_2597,US,free,25-34,2023-07-17
2598,user_2598,India,free,25-34,2024-11-29
2599,user_2599,US,premium,25-34,2024-09-19
2600,user_2600,US,free,25-34,2024-03-20
2601,user_2601,Brazil,premium,18-24,2024-07-23
2602,user_2602,US,free,25-34,2024-08-04
2603,user_2603,Germany,free,25-34,2024-08-27
2604,user_2604,UK,premium,25-34,2024-10-10
2605,user_2605,US,free,35-44,2024-09-08
2606,user_2606,India,premium,25-34,2023-11-01
2607,user_2607,US,free,25-34,2023-12-05
2608,user_2608,US,premium,35-44,2024-06-12
2609,user_2609,Germany,free,35-44,2023-02-23
2610,user_2610,US,free,35-44,2023-04-22
2611,user_2611,Mexico,free,18-24,2024-11-14
2612,user_2612,US,free,13-17,2024-02-23
2613,user_2613,US,premium,18-24,2023-11-01
2614,user_2614,Germany,free,18-24,2024-03-13
2615,user_2615,UK,free,45+,2024-10-17
2616,user_2616,US,free,25-34,2023-03-26
2617,user_2617,UK,free,18-24,2024-06-07
2618,user_2618,US,premium,18-24,2023-09-09
2619,user_2619,Mexico,premium,18-24,2024-12-28
2620,user_2620,UK,free,25-34,2023-05-06
2621,user_2621,Japan,premium,35-44,2024-09-01
2622,user_2622,Canada,free,35-44,2024-02-09
2623,user_2623,India,free,45+,2023-10-31
2624,user_2624,Canada,premium,18-24,2023-01-28
2625,user_2625,UK,free,18-24,2023-09-23
2626,user_2626,Australia,premium,18-24,2023-02-21
2627,user_2627,US,premium,18-24,2024-10-16
2628,user_2628,Germany,free,45+,2024-10-05
2629,user_2629,India,premium,25-34,2024-05-25
2630,user_2630,UK,premium,35-44,2023-07-26
2631,user_2631,Brazil,free,25-34,2024-07-27
2632,user_2632,Germany,premium,13-17,2024-05-25
2633,user_2633,US,free,13-17,2024-10-05
2634,user_2634,US,premium,25-34,2024-07-06
2635,user_2635,Germany,premium,25-34,2023-07-20
2636,user_2636,Brazil,free,18-24,2024-09-02
2637,user_2637,Australia,free,25-34,2023-10-11
2638,user_2638,Japan,premium,35-44,2023-12-23
2639,user_2639,France,free,25-34,2023-02-16
2640,user_2640,Germany,free,35-44,2023-05-17
2641,user_2641,US,free,25-34,2023-05-10
2642,user_2642,US,free,25-34,2023-07-14
2643,user_2643,Japan,free,35-44,2024-09-20
2644,user_2644,Brazil,free,45+,2023-12-30
2645,user_2645,US,free,18-24,2024-03-07
2646,user_2646,UK,premium,25-34,2023-03-10
2647,user_2647,France,free,18-24,2024-04-02
2648,user_2648,India,free,18-24,2024-06-23
2649,user_2649,India,free,25-34,2023-12-01
2650,user_2650,India,free,45+,2024-06-09
2651,user_2651,US,free,25-34,2024-07-11
2652,user_2652,UK,free,18-24,2023-01-16
2653,user_2653,UK,free,18-24,2024-03-31
2654,user_2654,US,premium,25-34,2024-05-24
2655,user_2655,Japan,premium,18-24,2023-07-28
2656,user_2656,UK,premium,18-24,2023-06-07
2657,user_2657,Mexico,premium,35-44,2023-12-03
2658,user_2658,Mexico,premium,13-17,2023-08-29
2659,user_2659,US,free,25-34,2023-02-27
2660,user_2660,Brazil,premium,35-44,2023-11-01
2661,user_2661,India,free,18-24,2023-12-11
2662,user_2662,Canada,premium,25-34,2024-10-03
2663,user_2663,US,premium,25-34,2024-12-29
2664,user_2664,Germany,free,25-34,2023-01-14
2665,user_2665,Brazil,free,25-34,2023-12-25
2666,user_2666,US,free,18-24,2024-01-12
2667,user_2667,US,premium,35-44,2023-08-31
2668,user_2668,Brazil,premium,35-44,2023-05-25
2669,user_2669,Germany,premium,18-24,2024-02-19
2670,user_2670,UK,free,18-24,2024-01-29
2671,user_2671,Brazil,premium,13-17,2024-09-06
2672,user_2672,UK,free,18-24,2024-12-29
2673,user_2673,Germany,premium,25-34,2023-12-24
2674,user_2674,US,free,13-17,2024-07-29
2675,user_2675,Canada,free,18-24,2023-06-07
2676,user_2676,US,free,35-44,2024-11-04
2677,user_2677,UK,premium,18-24,2023-01-18
2678,user_2678,US,premium,35-44,2024-12-28
2679,user_2679,US,free,35-44,2024-07-14
2680,user_2680,India,free,18-24,2024-07-21
2681,user_2681,US,premium,25-34,2023-12-13
2682,user_2682,Mexico,free,35-44,2023-02-27
2683,user_2683,US,premium,25-34,2023-06-04
2684,user_2684,UK,free,18-24,2024-07-20
2685,user_2685,UK,free,25-34,2024-05-01
2686,user_2686,US,premium,45+,2024-06-14
2687,user_2687,US,premium,25-34,2024-05-01
2688,user_2688,UK,free,18-24,2023-05-31
2689,user_2689,India,free,25-34,2023-12-25
2690,user_2690,UK,premium,25-34,2024-01-03
2691,user_2691,India,free,25-34,2024-09-11
2692,user_2692,Brazil,premium,35-44,2023-02-16
2693,user_2693,US,free,25-34,2023-07-26
2694,user_2694,India,free,35-44,2024-03-25
2695,user_2695,Australia,premium,25-34,2024-04-27
2696,user_2696,India,premium,25-34,2024-10-01
2697,user_2697,Germany,free,18-24,2024-11-27
2698,user_2698,UK,premium,35-44,2024-07-23
2699,user_2699,Japan,free,45+,2023-05-23
2700,user_2700,Japan,free,18-24,2024-02-04
2701,user_2701,India,premium,25-34,2023-04-07
2702,user_2702,Australia,premium,18-24,2023-02-16
2703,user_2703,US,premium,35-44,2023-07-10
2704,user_2704,US,free,25-34,2023-05-20
2705,user_2705,Japan,free,18-24,2024-09-06
2706,user_2706,Japan,free,35-44,2023-08-19
2707,user_2707,US,free,18-24,2023-12-06
2708,user_2708,US,premium,35-44,2024-05-05
2709,user_2709,US,free,25-34,2023-02-18
2710,user_2710,US,premium,18-24,2024-09-15
2711,user_2711,Japan,free,18-24,2024-03-28
2712,user_2712,India,free,18-24,2023-11-12
2713,user_2713,UK,free,25-34,2023-11-18
2714,user_2714,UK,free,25-34,2023-03-28
2715,user_2715,US,free,18-24,2024-04-18
2716,user_2716,US,premium,18-24,2023-10-09
2717,user_2717,Brazil,free,13-17,2023-03-15
2718,user_2718,Australia,premium,35-44,2024-03-28
2719,user_2719,Mexico,free,25-34,2023-02-16
2720,user_2720,US,premium,13-17,2024-08-10
2721,user_2721,Canada,free,25-34,2023-04-06
2722,user_2722,Japan,premium,18-24,2023-01-31
2723,user_2723,Japan,free,45+,2024-06-17
2724,user_2724,India,premium,45+,2023-01-17
2725,user_2725,UK,premium,25-34,2023-07-31
2726,user_2726,UK,free,45+,2024-10-21
2727,user_2727,US,free,35-44,2023-08-23
2728,user_2728,US,free,35-44,2024-01-27
2729,user_2729,US,premium,25-34,2023-12-20
2730,user_2730,India,free,18-24,2023-11-01
2731,user_2731,Germany,free,18-24,2024-08-21
2732,user_2732,India,free,18-24,2024-07-03
2733,user_2733,US,free,25-34,2024-07-18
2734,user_2734,France,premium,18-24,2024-06-23
2735,user_2735,France,free,18-24,2024-08-11
2736,user_2736,Japan,premium,25-34,2024-05-23
2737,user_2737,Australia,premium,18-24,2024-12-12
2738,user_2738,India,free,25-34,2024-01-30
2739,user_2739,Australia,premium,45+,2024-03-06
2740,user_2740,US,free,35-44,2024-11-15
2741,user_2741,UK,premium,25-34,2024-07-15
2742,user_2742,US,free,25-34,2023-06-26
2743,user_2743,US,premium,25-34,2024-02-10
2744,user_2744,US,free,18-24,2023-10-28
2745,user_2745,Brazil,free,35-44,2024-03-20
2746,user_2746,Japan,free,18-24,2023-05-07
2747,user_2747,Brazil,free,18-24,2023-12-15
2748,user_2748,US,premium,35-44,2023-01-21
2749,user_2749,Japan,free,18-24,2024-12-11
2750,user_2750,Brazil,premium,18-24,2024-12-01
2751,user_2751,UK,free,13-17,2024-02-24
2752,user_2752,Germany,premium,18-24,2023-06-01
2753,user_2753,US,free,18-24,2023-06-09
2754,user_2754,UK,free,13-17,2024-04-24
2755,user_2755,Canada,free,25-34,2024-03-18
2756,user_2756,US,premium,35-44,2023-04-06
2757,user_2757,India,free,18-24,2023-12-18
2758,user_2758,Canada,premium,35-44,2023-03-16
2759,user_2759,Germany,premium,18-24,2024-08-16
2760,user_2760,US,free,18-24,2024-10-01
2761,user_2761,US,premium,18-24,2023-12-25
2762,user_2762,US,free,25-34,2023-05-13
2763,user_2763,Brazil,free,25-34,2024-02-04
2764,user_2764,India,premium,25-34,2023-05-19
2765,user_2765,US,premium,35-44,2023-09-03
2766,user_2766,France,premium,25-34,2023-10-18
2767,user_2767,India,free,25-34,2023-04-22
2768,user_2768,US,free,45+,2024-12-15
2769,user_2769,India,free,18-24,2023-06-19
2770,user_2770,Germany,premium,18-24,2024-08-21
2771,user_2771,US,free,25-34,2024-09-22
2772,user_2772,US,premium,25-34,2024-09-01
2773,user_2773,Japan,free,18-24,2023-08-28
2774,user_2774,India,free,18-24,2023-12-03
2775,user_2775,India,free,25-34,2023-05-18
2776,user_2776,India,free,25-34,2024-08-16
2777,user_2777,US,free,18-24,2023-08-24
2778,user_2778,US,premium,45+,2024-10-09
2779,user_2779,India,premium,35-44,2023-01-03
2780,user_2780,US,free,25-34,2024-07-24
2781,user_2781,US,free,25-34,2023-04-26
2782,user_2782,Mexico,free,35-44,2024-04-16
2783,user_2783,Australia,premium,18-24,2023-05-11
2784,user_2784,Japan,free,18-24,2024-04-27
2785,user_2785,Mexico,premium,25-34,2024-02-05
2786,user_2786,US,free,35-44,2023-07-20
2787,user_2787,Australia,free,13-17,2023-10-19
2788,user_2788,US,premium,45+,2023-12-08
2789,user_2789,France,free,25-34,2024-09-01
2790,user_2790,Australia,free,18-24,2023-08-04
2791,user_2791,Germany,free,18-24,2024-09-27
2792,user_2792,Australia,free,18-24,2024-08-07
2793,user_2793,India,free,35-44,2024-01-01
2794,user_2794,US,premium,45+,2024-10-03
2795,user_2795,India,premium,25-34,2024-04-13
2796,user_2796,Brazil,free,45+,2024-02-22
2797,user_2797,US,premium,35-44,2023-01-27
2798,user_2798,Brazil,free,25-34,2024-11-07
2799,user_2799,Australia,free,25-34,2024-03-30
2800,user_2800,US,free,25-34,2024-08-02
2801,user_2801,Japan,free,25-34,2023-01-14
2802,user_2802,Canada,free,13-17,2023-04-08
2803,user_2803,France,premium,25-34,2023-10-06
2804,user_2804,Australia,free,13-17,2024-05-04
2805,user_2805,India,free,35-44,2024-09-15
2806,user_2806,Australia,free,35-44,2023-07-26
2807,user_2807,Japan,premium,18-24,2023-08-21
2808,user_2808,US,premium,18-24,2024-07-26
2809,user_2809,India,free,25-34,2024-08-19
2810,user_2810,Germany,free,25-34,2024-11-25
2811,user_2811,US,free,18-24,2023-08-27
2812,user_2812,Brazil,free,25-34,2023-09-07
2813,user_2813,Brazil,free,18-24,2024-08-05
2814,user_2814,US,free,13-17,2024-08-19
2815,user_2815,India,free,13-17,2023-11-02
2816,user_2816,Japan,free,18-24,2024-04-07
2817,user_2817,India,free,35-44,2023-08-24
2818,user_2818,US,premium,45+,2023-10-18
2819,user_2819,US,premium,25-34,2023-02-08
2820,user_2820,UK,free,25-34,2024-12-18
2821,user_2821,France,free,18-24,2023-07-02
2822,user_2822,US,free,25-34,2024-11-29
2823,user_2823,Brazil,free,18-24,2024-10-06
2824,user_2824,US,premium,25-34,2023-01-30
2825,user_2825,UK,free,45+,2024-01-23
2826,user_2826,Mexico,premium,18-24,2023-05-23
2827,user_2827,Germany,premium,35-44,2024-09-06
2828,user_2828,US,free,13-17,2024-02-23
2829,user_2829,India,free,18-24,2023-03-15
2830,user_2830,US,free,18-24,2023-02-24
2831,user_2831,India,free,18-24,2024-07-25
2832,user_2832,Brazil,free,18-24,2023-01-24
2833,user_2833,US,free,18-24,2023-01-22
2834,user_2834,US,premium,25-34,2024-03-03
2835,user_2835,UK,free,18-24,2023-02-01
2836,user_2836,Canada,free,25-34,2023-12-05
2837,user_2837,Australia,premium,45+,2024-05-29
2838,user_2838,US,premium,25-34,2024-05-26
2839,user_2839,Japan,free,18-24,2023-03-11
2840,user_2840,UK,premium,18-24,2024-11-02
2841,user_2841,UK,free,35-44,2023-03-29
2842,user_2842,Japan,free,25-34,2024-07-24
2843,user_2843,Canada,free,25-34,2023-08-07
2844,user_2844,France,free,18-24,2024-12-13
2845,user_2845,Brazil,premium,25-34,2024-08-11
2846,user_2846,UK,premium,18-24,2023-09-27
2847,user_2847,Japan,premium,45+,2024-10-12
2848,user_2848,US,free,35-44,2023-03-19
2849,user_2849,India,free,18-24,2024-08-14
2850,user_2850,UK,free,25-34,2023-01-10
2851,user_2851,Brazil,free,18-24,2024-04-12
2852,user_2852,US,premium,25-34,2023-12-02
2853,user_2853,US,premium,35-44,2024-09-27
2854,user_2854,Canada,free,25-34,2023-07-05
2855,user_2855,US,free,18-24,2024-06-29
2856,user_2856,India,free,18-24,2023-05-01
2857,user_2857,US,free,35-44,2024-08-14
2858,user_2858,US,free,25-34,2024-12-18
2859,user_2859,US,free,25-34,2024-07-18
2860,user_2860,US,free,18-24,2024-10-29
2861,user_2861,Mexico,free,18-24,2023-10-01
2862,user_2862,US,free,45+,2024-02-14
2863,user_2863,France,free,25-34,2023-12-24
2864,user_2864,Brazil,premium,25-34,2024-10-08
2865,user_2865,India,free,25-34,2023-04-08
2866,user_2866,Brazil,premium,35-44,2023-08-29
2867,user_2867,India,free,18-24,2024-07-10
2868,user_2868,Japan,free,18-24,2024-12-11
2869,user_2869,US,free,25-34,2023-04-24
2870,user_2870,UK,free,25-34,2024-05-01
2871,user_2871,Canada,premium,25-34,2023-08-29
2872,user_2872,France,free,35-44,2023-06-05
2873,user_2873,Canada,premium,18-24,2023-12-18
2874,user_2874,UK,premium,13-17,2023-02-13
2875,user_2875,Japan,free,45+,2024-08-14
2876,user_2876,India,free,25-34,2023-11-08
2877,user_2877,India,premium,25-34,2023-05-18
2878,user_2878,US,free,25-34,2024-10-24
2879,user_2879,Brazil,premium,25-34,2024-03-11
2880,user_2880,US,free,18-24,2023-05-23
2881,user_2881,UK,free,35-44,2023-10-26
2882,user_2882,Mexico,free,35-44,2024-07-15
2883,user_2883,US,free,25-34,2023-09-19
2884,user_2884,US,premium,25-34,2024-05-26
2885,user_2885,US,free,18-24,2024-11-03
2886,user_2886,France,premium,18-24,2023-03-03
2887,user_2887,India,free,18-24,2024-07-20
2888,user_2888,UK,free,18-24,2024-02-27
2889,user_2889,Japan,free,45+,2024-01-31
2890,user_2890,Mexico,free,35-44,2023-01-31
2891,user_2891,UK,free,25-34,2023-11-26
2892,user_2892,Germany,free,25-34,2023-06-18
2893,user_2893,Japan,premium,18-24,2023-09-23
2894,user_2894,Brazil,free,45+,2023-11-04
2895,user_2895,US,free,18-24,2024-04-03
2896,user_2896,Canada,premium,18-24,2023-07-04
2897,user_2897,India,premium,25-34,2023-11-30
2898,user_2898,US,free,35-44,2024-05-29
2899,user_2899,India,free,35-44,2024-03-16
2900,user_2900,US,premium,13-17,2024-11-03
2901,user_2901,US,free,35-44,2024-01-26
2902,user_2902,Japan,free,18-24,2024-07-13
2903,user_2903,US,free,13-17,2023-09-11
2904,user_2904,UK,premium,35-44,2024-08-08
2905,user_2905,India,free,35-44,2023-12-01
2906,user_2906,US,premium,25-34,2024-02-04
2907,user_2907,Australia,free,25-34,2023-06-15
2908,user_2908,US,premium,35-44,2023-09-17
2909,user_2909,UK,free,35-44,2023-01-04
2910,user_2910,UK,free,35-44,2023-04-29
2911,user_2911,US,premium,25-34,2024-04-14
2912,user_2912,US,free,45+,2024-04-14
2913,user_2913,Germany,free,45+,2024-05-07
2914,user_2914,Australia,free,18-24,2024-05-14
2915,user_2915,US,free,35-44,2023-03-11
2916,user_2916,Brazil,free,25-34,2024-11-24
2917,user_2917,Germany,premium,25-34,2024-01-05
2918,user_2918,Mexico,free,25-34,2023-06-30
2919,user_2919,India,free,13-17,2023-01-05
2920,user_2920,UK,free,25-34,2023-07-16
2921,user_2921,UK,premium,35-44,2023-02-16
2922,user_2922,Germany,premium,18-24,2024-07-05
2923,user_2923,Japan,free,25-34,2024-09-25
2924,user_2924,US,free,45+,2024-10-08
2925,user_2925,UK,premium,25-34,2023-05-20
2926,user_2926,Canada,free,18-24,2024-10-26
2927,user_2927,Japan,premium,25-34,2024-06-23
2928,user_2928,Australia,premium,25-34,2024-03-02
2929,user_2929,Japan,premium,25-34,2024-08-11
2930,user_2930,UK,free,35-44,2024-11-17
2931,user_2931,Brazil,premium,25-34,2024-07-14
2932,user_2932,Brazil,premium,35-44,2023-11-06
2933,user_2933,US,free,25-34,2023-10-01
2934,user_2934,India,free,18-24,2024-06-22
2935,user_2935,Germany,free,25-34,2024-01-25
2936,user_2936,US,free,25-34,2024-04-03
2937,user_2937,Japan,free,25-34,2024-09-25
2938,user_2938,Brazil,free,13-17,2023-12-27
2939,user_2939,France,free,18-24,2023-03-10
2940,user_2940,US,free,18-24,2024-08-05
2941,user_2941,US,free,18-24,2024-10-23
2942,user_2942,Brazil,premium,25-34,2024-11-29
2943,user_2943,US,premium,13-17,2024-03-06
2944,user_2944,Germany,free,35-44,2024-12-08
2945,user_2945,Japan,free,18-24,2023-02-01
2946,user_2946,US,free,18-24,2024-09-12
2947,user_2947,India,premium,25-34,2024-05-27
2948,user_2948,India,premium,18-24,2023-07-01
2949,user_2949,UK,premium,35-44,2024-11-16
2950,user_2950,France,free,18-24,2024-11-11
2951,user_2951,Mexico,premium,25-34,2023-09-05
2952,user_2952,Germany,free,35-44,2024-09-11
2953,user_2953,Germany,premium,25-34,2023-10-24
2954,user_2954,India,free,18-24,2023-01-30
2955,user_2955,France,premium,25-34,2023-10-29
2956,user_2956,Germany,free,25-34,2024-04-20
2957,user_2957,Germany,premium,45+,2023-12-18
2958,user_2958,Mexico,premium,35-44,2024-04-26
2959,user_2959,US,free,18-24,2023-11-13
2960,user_2960,Japan,free,45+,2024-02-01
2961,user_2961,US,premium,13-17,2023-03-30
2962,user_2962,UK,free,13-17,2023-08-22
2963,user_2963,UK,free,35-44,2023-06-17
2964,user_2964,Australia,free,18-24,2023-05-06
2965,user_2965,Mexico,free,13-17,2024-07-26
2966,user_2966,Germany,free,18-24,2023-04-30
2967,user_2967,Germany,free,25-34,2024-03-03
2968,user_2968,India,free,35-44,2023-07-09
2969,user_2969,France,free,25-34,2024-09-24
2970,user_2970,India,premium,18-24,2024-03-03
2971,user_2971,UK,premium,25-34,2024-07-13
2972,user_2972,US,premium,45+,2023-07-21
2973,user_2973,Japan,free,35-44,2023-02-28
2974,user_2974,Germany,premium,18-24,2024-11-27
2975,user_2975,UK,free,45+,2023-08-11
2976,user_2976,US,free,25-34,2024-05-06
2977,user_2977,Mexico,premium,13-17,2023-01-11
2978,user_2978,US,premium,13-17,2024-12-01
2979,user_2979,Germany,premium,18-24,2024-05-26
2980,user_2980,Australia,premium,25-34,2023-11-06
2981,user_2981,India,free,18-24,2023-02-03
2982,user_2982,US,free,25-34,2023-12-06
2983,user_2983,Germany,premium,18-24,2024-10-08
2984,user_2984,Japan,free,45+,2024-04-25
2985,user_2985,India,free,18-24,2024-07-27
2986,user_2986,Australia,premium,45+,2023-04-03
2987,user_2987,US,premium,45+,2024-09-19
2988,user_2988,India,free,13-17,2023-05-13
2989,user_2989,Germany,premium,25-34,2024-02-23
2990,user_2990,Mexico,premium,13-17,2024-04-12
2991,user_2991,US,premium,45+,2024-03-19
2992,user_2992,Japan,free,25-34,2024-12-05
2993,user_2993,India,free,13-17,2023-01-30
2994,user_2994,UK,free,18-24,2023-10-25
2995,user_2995,US,free,25-34,2023-03-02
2996,user_2996,Mexico,free,45+,2024-04-02
2997,user_2997,US,free,25-34,2023-10-31
2998,user_2998,UK,free,35-44,2023-12-06
2999,user_2999,US,premium,18-24,2024-03-23
3000,user_3000,Canada,free,13-17,2023-10-29
3001,user_3001,Germany,premium,45+,2024-06-23
3002,user_3002,Japan,premium,13-17,2024-04-29
3003,user_3003,US,free,45+,2023-03-18
3004,user_3004,Brazil,premium,18-24,2024-09-24
3005,user_3005,Brazil,free,13-17,2024-05-29
3006,user_3006,Mexico,free,25-34,2024-07-02
3007,user_3007,Canada,premium,45+,2024-10-20
3008,user_3008,US,free,45+,2023-04-02
3009,user_3009,Germany,premium,18-24,2024-04-10
3010,user_3010,US,free,18-24,2024-04-10
3011,user_3011,India,premium,25-34,2024-08-21
3012,user_3012,US,free,25-34,2023-02-09
3013,user_3013,UK,premium,35-44,2024-11-20
3014,user_3014,UK,free,18-24,2023-11-25
3015,user_3015,Brazil,premium,45+,2023-10-12
3016,user_3016,UK,premium,25-34,2024-07-07
3017,user_3017,Germany,free,35-44,2023-03-07
3018,user_3018,UK,premium,25-34,2024-09-27
3019,user_3019,US,free,25-34,2024-10-18
3020,user_3020,Japan,premium,45+,2024-09-23
3021,user_3021,US,free,25-34,2023-04-19
3022,user_3022,India,premium,35-44,2024-02-19
3023,user_3023,Germany,premium,45+,2023-04-02
3024,user_3024,UK,free,25-34,2024-01-03
3025,user_3025,US,free,25-34,2024-02-27
3026,user_3026,UK,free,13-17,2024-07-25
3027,user_3027,France,premium,13-17,2023-08-28
3028,user_3028,Brazil,free,18-24,2024-03-10
3029,user_3029,Germany,free,18-24,2023-07-31
3030,user_3030,Brazil,premium,18-24,2024-02-04
3031,user_3031,US,free,18-24,2024-09-01
3032,user_3032,UK,premium,18-24,2024-06-09
3033,user_3033,Japan,free,25-34,2024-12-30
3034,user_3034,US,free,18-24,2024-04-12
3035,user_3035,US,premium,13-17,2023-06-19
3036,user_3036,US,free,25-34,2023-07-29
3037,user_3037,India,free,25-34,2023-09-13
3038,user_3038,Australia,premium,25-34,2024-11-13
3039,user_3039,US,free,25-34,2023-03-14
3040,user_3040,India,premium,35-44,2023-05-27
3041,user_3041,US,premium,25-34,2023-12-06
3042,user_3042,Australia,free,25-34,2023-11-13
3043,user_3043,US,free,45+,2024-09-09
3044,user_3044,UK,premium,35-44,2024-08-28
3045,user_3045,Germany,free,25-34,2024-07-28
3046,user_3046,Germany,free,25-34,2023-06-03
3047,user_3047,India,premium,18-24,2023-09-12
3048,user_3048,UK,free,25-34,2023-12-17
3049,user_3049,UK,premium,45+,2024-06-30
3050,user_3050,US,free,25-34,2023-11-08
3051,user_3051,US,free,45+,2024-10-30
3052,user_3052,India,free,25-34,2023-05-14
3053,user_3053,US,premium,45+,2023-05-09
3054,user_3054,US,premium,25-34,2024-03-11
3055,user_3055,Brazil,premium,13-17,2023-10-07
3056,user_3056,Australia,free,25-34,2023-12-24
3057,user_3057,Brazil,free,18-24,2023-09-09
3058,user_3058,US,free,13-17,2023-05-15
3059,user_3059,US,free,35-44,2024-06-06
3060,user_3060,France,free,18-24,2024-10-21
3061,user_3061,US,premium,35-44,2023-11-15
3062,user_3062,US,free,18-24,2023-03-21
3063,user_3063,Brazil,premium,18-24,2023-07-10
3064,user_3064,Brazil,free,45+,2024-03-28
3065,user_3065,Brazil,premium,18-24,2023-12-10
3066,user_3066,US,free,25-34,2023-01-30
3067,user_3067,US,free,25-34,2024-02-18
3068,user_3068,Australia,free,25-34,2024-01-03
3069,user_3069,US,free,45+,2024-08-18
3070,user_3070,Germany,free,25-34,2024-05-16
3071,user_3071,Germany,free,25-34,2024-10-23
3072,user_3072,Brazil,free,35-44,2024-12-01
3073,user_3073,UK,premium,18-24,2023-01-21
3074,user_3074,US,premium,25-34,2024-07-02
3075,user_3075,Brazil,premium,45+,2023-09-03
3076,user_3076,Mexico,free,25-34,2023-10-10
3077,user_3077,France,premium,35-44,2024-09-05
3078,user_3078,US,free,25-34,2023-08-20
3079,user_3079,US,free,35-44,2023-11-12
3080,user_3080,France,free,45+,2023-12-02
3081,user_3081,Germany,free,18-24,2024-02-15
3082,user_3082,Canada,free,18-24,2023-09-02
3083,user_3083,US,free,25-34,2024-01-22
3084,user_3084,Brazil,free,25-34,2024-11-19
3085,user_3085,Germany,premium,18-24,2024-12-25
3086,user_3086,Germany,premium,13-17,2023-12-24
3087,user_3087,UK,premium,18-24,2024-09-05
3088,user_3088,US,premium,45+,2023-01-22
3089,user_3089,Brazil,free,25-34,2023-01-19
3090,user_3090,US,premium,25-34,2023-10-14
3091,user_3091,India,premium,18-24,2023-10-03
3092,user_3092,France,free,18-24,2024-10-20
3093,user_3093,UK,free,18-24,2024-07-05
3094,user_3094,Mexico,premium,18-24,2024-11-09
3095,user_3095,US,free,45+,2024-08-25
3096,user_3096,Germany,premium,45+,2023-03-13
3097,user_3097,Australia,free,18-24,2023-12-31
3098,user_3098,US,free,13-17,2023-12-01
3099,user_3099,US,free,18-24,2024-10-13
3100,user_3100,India,free,25-34,2024-08-12
3101,user_3101,US,premium,18-24,2023-07-18
3102,user_3102,Germany,premium,18-24,2023-01-17
3103,user_3103,Canada,free,18-24,2023-08-06
3104,user_3104,India,free,35-44,2024-10-11
3105,user_3105,US,premium,25-34,2023-05-27
3106,user_3106,India,premium,25-34,2023-07-29
3107,user_3107,Germany,free,25-34,2024-10-31
3108,user_3108,US,free,45+,2024-02-18
3109,user_3109,Brazil,premium,45+,2024-10-26
3110,user_3110,Brazil,premium,18-24,2023-11-26
3111,user_3111,Brazil,free,18-24,2023-12-18
3112,user_3112,US,free,25-34,2023-06-12
3113,user_3113,Germany,premium,18-24,2023-04-11
3114,user_3114,US,premium,25-34,2023-11-23
3115,user_3115,US,free,25-34,2023-11-23
3116,user_3116,Canada,free,25-34,2023-06-04
3117,user_3117,Germany,premium,18-24,2023-01-10
3118,user_3118,US,free,25-34,2023-12-19
3119,user_3119,US,free,45+,2023-07-02
3120,user_3120,US,free,18-24,2024-03-30
3121,user_3121,US,free,25-34,2024-10-07
3122,user_3122,US,premium,13-17,2023-01-06
3123,user_3123,US,free,13-17,2023-11-29
3124,user_3124,India,premium,25-34,2023-11-29
3125,user_3125,Germany,free,18-24,2023-09-15
3126,user_3126,Brazil,free,13-17,2023-07-30
3127,user_3127,Germany,free,18-24,2023-02-20
3128,user_3128,US,premium,25-34,2024-03-20
3129,user_3129,France,premium,25-34,2024-10-20
3130,user_3130,Mexico,free,18-24,2024-01-12
3131,user_3131,Japan,premium,25-34,2024-10-01
3132,user_3132,Mexico,premium,18-24,2024-04-30
3133,user_3133,France,premium,25-34,2023-02-20
3134,user_3134,India,free,25-34,2023-06-03
3135,user_3135,US,premium,25-34,2024-08-04
3136,user_3136,Brazil,free,45+,2023-11-06
3137,user_3137,Germany,free,45+,2024-02-03
3138,user_3138,Germany,premium,13-17,2023-05-14
3139,user_3139,India,free,35-44,2023-08-08
3140,user_3140,US,free,13-17,2023-06-12
3141,user_3141,UK,free,45+,2024-10-09
3142,user_3142,France,premium,18-24,2024-07-22
3143,user_3143,Brazil,premium,25-34,2024-05-16
3144,user_3144,India,free,18-24,2024-11-19
3145,user_3145,US,premium,18-24,2023-04-25
3146,user_3146,UK,free,25-34,2024-05-13
3147,user_3147,Canada,free,45+,2024-04-16
3148,user_3148,Brazil,premium,25-34,2023-05-29
3149,user_3149,Japan,free,25-34,2023-08-29
3150,user_3150,India,free,35-44,2023-05-03
3151,user_3151,Brazil,free,18-24,2023-03-10
3152,user_3152,US,premium,13-17,2023-03-04
3153,user_3153,Germany,free,13-17,2023-01-16
3154,user_3154,India,premium,18-24,2024-01-25
3155,user_3155,India,premium,18-24,2024-08-12
3156,user_3156,Brazil,free,13-17,2024-09-25
3157,user_3157,France,premium,18-24,2023-09-15
3158,user_3158,US,free,18-24,2023-08-05
3159,user_3159,Mexico,free,45+,2024-04-23
3160,user_3160,US,premium,18-24,2023-04-24
3161,user_3161,India,premium,25-34,2024-01-15
3162,user_3162,US,free,25-34,2024-10-19
3163,user_3163,UK,free,25-34,2023-08-25
3164,user_3164,India,free,18-24,2024-04-20
3165,user_3165,US,free,18-24,2024-08-20
3166,user_3166,India,free,13-17,2024-11-09
3167,user_3167,France,free,25-34,2023-05-09
3168,user_3168,US,premium,18-24,2024-05-24
3169,user_3169,Japan,free,25-34,2023-06-14
3170,user_3170,UK,free,25-34,2023-10-04
3171,user_3171,Brazil,premium,25-34,2023-09-14
3172,user_3172,US,premium,25-34,2023-05-12
3173,user_3173,US,free,25-34,2024-07-23
3174,user_3174,US,free,35-44,2023-09-14
3175,user_3175,US,premium,18-24,2023-05-21
3176,user_3176,US,free,35-44,2024-11-16
3177,user_3177,Brazil,free,35-44,2024-11-17
3178,user_3178,Canada,premium,25-34,2023-07-28
3179,user_3179,Japan,free,18-24,2024-12-16
3180,user_3180,Germany,free,25-34,2024-06-02
3181,user_3181,US,free,18-24,2023-02-20
3182,user_3182,US,free,13-17,2024-05-17
3183,user_3183,UK,free,18-24,2023-09-16
3184,user_3184,US,premium,18-24,2023-06-27
3185,user_3185,India,free,25-34,2024-06-26
3186,user_3186,India,free,35-44,2023-12-22
3187,user_3187,UK,free,18-24,2023-11-14
3188,user_3188,UK,premium,45+,2024-10-27
3189,user_3189,Mexico,free,45+,2023-12-30
3190,user_3190,Japan,free,45+,2023-02-24
3191,user_3191,UK,premium,35-44,2023-06-05
3192,user_3192,Canada,free,18-24,2023-02-13
3193,user_3193,France,free,13-17,2024-08-15
3194,user_3194,UK,free,25-34,2024-11-08
3195,user_3195,UK,free,25-34,2024-06-25
3196,user_3196,India,free,35-44,2023-11-18
3197,user_3197,France,premium,45+,2024-10-09
3198,user_3198,Canada,free,25-34,2023-01-14
3199,user_3199,US,free,18-24,2023-12-23
3200,user_3200,UK,free,18-24,2024-04-27
3201,user_3201,India,free,13-17,2024-09-09
3202,user_3202,India,free,25-34,2023-12-25
3203,user_3203,US,premium,25-34,2023-11-14
3204,user_3204,Mexico,free,35-44,2023-03-16
3205,user_3205,Germany,premium,25-34,2024-08-13
3206,user_3206,Mexico,free,45+,2023-07-13
3207,user_3207,Mexico,free,25-34,2023-12-29
3208,user_3208,Germany,free,35-44,2023-04-06
3209,user_3209,India,free,18-24,2023-02-09
3210,user_3210,Brazil,free,35-44,2024-02-01
3211,user_3211,US,free,25-34,2023-04-17
3212,user_3212,Germany,premium,18-24,2023-01-17
3213,user_3213,US,free,18-24,2024-06-10
3214,user_3214,Germany,free,45+,2024-05-13
3215,user_3215,US,free,13-17,2024-06-08
3216,user_3216,US,free,25-34,2024-12-26
3217,user_3217,US,free,18-24,2024-10-24
3218,user_3218,US,free,25-34,2023-02-12
3219,user_3219,Germany,free,35-44,2024-09-17
3220,user_3220,Germany,premium,18-24,2024-08-15
3221,user_3221,India,premium,25-34,2023-12-16
3222,user_3222,US,free,45+,2024-10-14
3223,user_3223,US,free,35-44,2023-01-30
3224,user_3224,US,premium,35-44,2024-03-16
3225,user_3225,US,free,25-34,2024-06-25
3226,user_3226,Canada,free,18-24,2024-03-30
3227,user_3227,US,free,25-34,2024-09-02
3228,user_3228,UK,free,25-34,2023-04-04
3229,user_3229,US,free,18-24,2024-12-23
3230,user_3230,US,free,18-24,2023-10-22
3231,user_3231,India,free,13-17,2024-07-02
3232,user_3232,Brazil,free,25-34,2023-03-30
3233,user_3233,US,premium,35-44,2024-05-17
3234,user_3234,US,free,13-17,2023-08-02
3235,user_3235,UK,free,25-34,2024-02-26
3236,user_3236,US,free,45+,2024-06-09
3237,user_3237,US,premium,18-24,2023-07-11
3238,user_3238,France,premium,25-34,2024-11-24
3239,user_3239,Brazil,premium,45+,2024-10-03
3240,user_3240,India,free,45+,2023-08-12
3241,user_3241,UK,premium,18-24,2024-07-08
3242,user_3242,India,premium,18-24,2024-11-23
3243,user_3243,India,free,18-24,2024-01-22
3244,user_3244,Germany,free,25-34,2024-11-11
3245,user_3245,Germany,free,25-34,2024-04-18
3246,user_3246,US,premium,25-34,2024-08-30
3247,user_3247,India,free,18-24,2023-07-22
3248,user_3248,UK,free,18-24,2024-03-22
3249,user_3249,Canada,premium,25-34,2023-03-09
3250,user_3250,Brazil,premium,25-34,2023-04-02
3251,user_3251,India,premium,25-34,2023-06-27
3252,user_3252,US,premium,25-34,2024-10-24
3253,user_3253,Brazil,free,18-24,2024-07-12
3254,user_3254,US,premium,18-24,2023-01-03
3255,user_3255,UK,free,18-24,2023-04-13
3256,user_3256,US,premium,18-24,2023-09-30
3257,user_3257,Germany,free,18-24,2024-06-17
3258,user_3258,US,premium,18-24,2023-04-26
3259,user_3259,UK,premium,13-17,2024-04-08
3260,user_3260,Canada,premium,18-24,2023-04-14
3261,user_3261,US,free,35-44,2023-09-16
3262,user_3262,India,free,18-24,2023-11-04
3263,user_3263,UK,premium,25-34,2024-01-02
3264,user_3264,US,free,25-34,2024-10-03
3265,user_3265,Japan,premium,25-34,2023-10-29
3266,user_3266,US,free,45+,2024-07-13
3267,user_3267,India,premium,13-17,2023-01-27
3268,user_3268,India,free,35-44,2024-05-22
3269,user_3269,Brazil,premium,45+,2024-06-10
3270,user_3270,Germany,premium,35-44,2023-12-31
3271,user_3271,US,free,18-24,2023-10-25
3272,user_3272,US,free,18-24,2023-12-27
3273,user_3273,Germany,free,18-24,2024-10-07
3274,user_3274,India,free,25-34,2024-05-18
3275,user_3275,Mexico,free,25-34,2024-08-10
3276,user_3276,Mexico,premium,18-24,2023-01-30
3277,user_3277,Mexico,free,25-34,2024-03-14
3278,user_3278,India,free,25-34,2023-12-06
3279,user_3279,UK,free,25-34,2023-05-06
3280,user_3280,Japan,free,35-44,2024-08-18
3281,user_3281,India,free,35-44,2024-07-19
3282,user_3282,US,premium,13-17,2024-01-01
3283,user_3283,Mexico,premium,25-34,2024-03-18
3284,user_3284,Canada,free,18-24,2023-09-20
3285,user_3285,India,free,25-34,2023-08-10
3286,user_3286,US,premium,45+,2023-01-02
3287,user_3287,UK,free,35-44,2024-01-29
3288,user_3288,Japan,free,25-34,2023-11-02
3289,user_3289,Canada,free,18-24,2023-05-26
3290,user_3290,US,free,18-24,2024-06-13
3291,user_3291,US,premium,25-34,2024-06-11
3292,user_3292,Canada,premium,18-24,2023-11-04
3293,user_3293,UK,free,25-34,2024-11-01
3294,user_3294,India,free,13-17,2023-12-06
3295,user_3295,Australia,premium,18-24,2023-12-18
3296,user_3296,US,premium,18-24,2023-07-28
3297,user_3297,Brazil,premium,45+,2023-07-24
3298,user_3298,US,premium,25-34,2024-09-16
3299,user_3299,UK,free,18-24,2024-11-20
3300,user_3300,Japan,premium,18-24,2024-12-21
3301,user_3301,India,premium,25-34,2024-09-27
3302,user_3302,Australia,free,18-24,2023-01-15
3303,user_3303,India,premium,25-34,2024-03-03
3304,user_3304,UK,free,35-44,2024-04-20
3305,user_3305,US,free,25-34,2023-10-25
3306,user_3306,UK,free,25-34,2024-07-10
3307,user_3307,UK,free,25-34,2023-04-04
3308,user_3308,US,free,45+,2023-04-17
3309,user_3309,UK,free,45+,2024-02-23
3310,user_3310,India,free,25-34,2023-10-05
3311,user_3311,Germany,free,18-24,2023-05-08
3312,user_3312,Brazil,free,25-34,2024-04-03
3313,user_3313,Germany,free,18-24,2023-02-07
3314,user_3314,US,premium,25-34,2024-08-31
3315,user_3315,US,free,25-34,2023-07-17
3316,user_3316,Brazil,free,18-24,2024-12-04
3317,user_3317,India,premium,18-24,2023-12-23
3318,user_3318,US,premium,25-34,2023-01-07
3319,user_3319,Japan,premium,35-44,2024-07-09
3320,user_3320,Japan,free,25-34,2023-11-28
3321,user_3321,India,free,25-34,2024-06-02
3322,user_3322,US,premium,18-24,2023-07-13
3323,user_3323,Japan,free,25-34,2023-11-12
3324,user_3324,Brazil,free,25-34,2023-01-01
3325,user_3325,Japan,free,25-34,2023-03-03
3326,user_3326,Japan,premium,13-17,2023-12-09
3327,user_3327,Japan,free,25-34,2024-08-23
3328,user_3328,India,premium,18-24,2023-01-18
3329,user_3329,US,premium,18-24,2024-09-11
3330,user_3330,Germany,free,45+,2024-10-08
3331,user_3331,Brazil,premium,18-24,2024-01-06
3332,user_3332,Germany,premium,18-24,2024-08-01
3333,user_3333,US,premium,25-34,2024-08-27
3334,user_3334,US,free,35-44,2024-10-11
3335,user_3335,Canada,premium,25-34,2024-12-01
3336,user_3336,Germany,free,35-44,2024-07-24
3337,user_3337,Canada,premium,35-44,2024-11-29
3338,user_3338,Japan,free,18-24,2023-08-23
3339,user_3339,Brazil,free,25-34,2023-03-10
3340,user_3340,Brazil,premium,18-24,2024-03-22
3341,user_3341,Canada,premium,35-44,2024-09-01
3342,user_3342,Brazil,free,13-17,2023-01-08
3343,user_3343,Brazil,free,18-24,2024-04-06
3344,user_3344,US,free,25-34,2023-11-07
3345,user_3345,India,premium,25-34,2023-05-14
3346,user_3346,Germany,premium,25-34,2024-01-20
3347,user_3347,US,premium,25-34,2023-02-25
3348,user_3348,US,free,18-24,2023-12-26
3349,user_3349,UK,free,25-34,2023-04-24
3350,user_3350,US,premium,25-34,2023-03-29
3351,user_3351,US,premium,45+,2023-05-18
3352,user_3352,India,free,18-24,2023-04-18
3353,user_3353,Canada,premium,35-44,2024-05-14
3354,user_3354,India,free,25-34,2024-06-18
3355,user_3355,US,free,13-17,2023-05-24
3356,user_3356,US,free,25-34,2024-10-17
3357,user_3357,Germany,free,13-17,2023-02-25
3358,user_3358,UK,free,45+,2024-09-11
3359,user_3359,Mexico,free,35-44,2023-01-06
3360,user_3360,Brazil,free,18-24,2024-06-25
3361,user_3361,Japan,premium,18-24,2024-03-22
3362,user_3362,US,free,25-34,2024-01-20
3363,user_3363,Germany,free,18-24,2023-11-03
3364,user_3364,US,free,18-24,2024-09-30
3365,user_3365,France,free,18-24,2023-10-29
3366,user_3366,Brazil,premium,25-34,2024-09-24
3367,user_3367,UK,free,18-24,2024-02-09
3368,user_3368,US,premium,35-44,2024-09-02
3369,user_3369,US,premium,35-44,2024-11-08
3370,user_3370,Germany,free,25-34,2024-07-15
3371,user_3371,US,free,35-44,2024-05-24
3372,user_3372,Brazil,free,18-24,2023-03-14
3373,user_3373,US,free,13-17,2024-07-17
3374,user_3374,Brazil,premium,25-34,2023-09-22
3375,user_3375,Japan,free,25-34,2023-08-15
3376,user_3376,Japan,free,25-34,2023-07-12
3377,user_3377,Japan,free,35-44,2024-01-09
3378,user_3378,US,free,45+,2023-01-10
3379,user_3379,US,free,25-34,2023-10-29
3380,user_3380,Germany,free,35-44,2023-12-25
3381,user_3381,UK,free,18-24,2023-02-21
3382,user_3382,India,free,18-24,2023-04-09
3383,user_3383,US,premium,35-44,2024-08-15
3384,user_3384,US,premium,25-34,2023-01-13
3385,user_3385,US,free,25-34,2024-01-25
3386,user_3386,Canada,free,18-24,2023-12-23
3387,user_3387,US,premium,25-34,2024-10-01
3388,user_3388,India,free,18-24,2023-01-11
3389,user_3389,US,free,25-34,2023-03-22
3390,user_3390,Brazil,free,18-24,2023-09-18
3391,user_3391,UK,premium,13-17,2023-01-06
3392,user_3392,Canada,free,18-24,2024-04-02
3393,user_3393,Canada,premium,18-24,2024-01-08
3394,user_3394,UK,premium,35-44,2024-04-25
3395,user_3395,Canada,premium,13-17,2023-08-10
3396,user_3396,Australia,premium,18-24,2023-03-22
3397,user_3397,Mexico,free,25-34,2024-05-29
3398,user_3398,Mexico,free,25-34,2023-03-01
3399,user_3399,US,premium,13-17,2023-08-09
3400,user_3400,Brazil,premium,13-17,2023-12-15
3401,user_3401,US,free,45+,2024-07-14
3402,user_3402,US,premium,25-34,2023-08-16
3403,user_3403,Australia,free,18-24,2023-10-17
3404,user_3404,UK,free,25-34,2023-10-20
3405,user_3405,Germany,free,18-24,2023-07-12
3406,user_3406,Japan,free,18-24,2024-04-18
3407,user_3407,Mexico,free,25-34,2023-09-14
3408,user_3408,Australia,free,35-44,2024-05-20
3409,user_3409,US,free,18-24,2024-01-23
3410,user_3410,US,free,35-44,2024-09-06
3411,user_3411,UK,free,18-24,2024-02-02
3412,user_3412,US,premium,18-24,2024-01-01
3413,user_3413,US,free,13-17,2024-10-19
3414,user_3414,UK,free,18-24,2023-10-17
3415,user_3415,Japan,free,45+,2023-11-05
3416,user_3416,India,free,25-34,2023-10-05
3417,user_3417,UK,premium,13-17,2024-04-08
3418,user_3418,Brazil,free,45+,2023-07-08
3419,user_3419,US,premium,35-44,2023-06-27
3420,user_3420,US,free,35-44,2024-06-11
3421,user_3421,Japan,free,45+,2024-01-10
3422,user_3422,Brazil,free,18-24,2024-08-20
3423,user_3423,Japan,free,35-44,2024-03-29
3424,user_3424,US,free,25-34,2023-08-05
3425,user_3425,Mexico,free,35-44,2023-02-11
3426,user_3426,Brazil,free,35-44,2023-07-13
3427,user_3427,India,free,18-24,2023-11-23
3428,user_3428,Brazil,premium,35-44,2024-01-08
3429,user_3429,Mexico,free,18-24,2024-04-09
3430,user_3430,Brazil,free,18-24,2023-06-12
3431,user_3431,Brazil,free,18-24,2023-10-03
3432,user_3432,Australia,free,45+,2023-12-30
3433,user_3433,Japan,free,18-24,2024-10-03
3434,user_3434,India,premium,25-34,2024-04-24
3435,user_3435,Germany,premium,25-34,2024-11-19
3436,user_3436,UK,free,45+,2024-04-04
3437,user_3437,US,free,18-24,2023-09-22
3438,user_3438,Brazil,free,35-44,2024-06-22
3439,user_3439,France,premium,35-44,2024-01-21
3440,user_3440,France,free,25-34,2023-03-26
3441,user_3441,UK,free,18-24,2024-12-08
3442,user_3442,India,free,35-44,2023-11-12
3443,user_3443,US,premium,45+,2023-08-31
3444,user_3444,Australia,free,35-44,2024-04-13
3445,user_3445,Australia,free,18-24,2023-12-08
3446,user_3446,Brazil,premium,35-44,2023-06-26
3447,user_3447,Japan,free,25-34,2023-05-10
3448,user_3448,Germany,premium,25-34,2024-10-18
3449,user_3449,Brazil,free,35-44,2023-03-24
3450,user_3450,US,premium,18-24,2023-12-26
3451,user_3451,India,premium,35-44,2023-03-29
3452,user_3452,Germany,free,25-34,2024-06-15
3453,user_3453,Germany,premium,35-44,2024-09-29
3454,user_3454,UK,free,18-24,2024-04-15
3455,user_3455,France,premium,25-34,2024-05-12
3456,user_3456,US,free,35-44,2024-05-21
3457,user_3457,India,premium,13-17,2023-12-20
3458,user_3458,Germany,free,18-24,2024-02-20
3459,user_3459,Germany,premium,45+,2023-02-20
3460,user_3460,Brazil,free,18-24,2024-08-22
3461,user_3461,US,premium,45+,2024-11-12
3462,user_3462,US,premium,18-24,2023-03-04
3463,user_3463,Brazil,free,18-24,2023-03-30
3464,user_3464,Brazil,premium,35-44,2024-12-01
3465,user_3465,US,premium,25-34,2023-07-09
3466,user_3466,Germany,free,25-34,2024-08-23
3467,user_3467,India,free,25-34,2023-12-14
3468,user_3468,Brazil,free,35-44,2024-06-21
3469,user_3469,Mexico,free,18-24,2023-06-25
3470,user_3470,US,free,25-34,2023-12-30
3471,user_3471,US,free,18-24,2024-07-07
3472,user_3472,Japan,free,25-34,2024-04-27
3473,user_3473,Brazil,free,18-24,2023-04-29
3474,user_3474,Germany,free,18-24,2023-06-18
3475,user_3475,Mexico,premium,25-34,2024-09-11
3476,user_3476,Japan,premium,13-17,2023-05-27
3477,user_3477,Australia,free,18-24,2024-11-18
3478,user_3478,India,premium,25-34,2024-03-12
3479,user_3479,India,premium,25-34,2024-03-14
3480,user_3480,UK,premium,35-44,2023-07-08
3481,user_3481,US,free,25-34,2023-06-09
3482,user_3482,Brazil,free,13-17,2024-02-06
3483,user_3483,US,premium,25-34,2024-08-08
3484,user_3484,France,premium,18-24,2023-01-18
3485,user_3485,Brazil,premium,35-44,2023-05-20
3486,user_3486,Brazil,premium,45+,2023-04-25
3487,user_3487,UK,free,25-34,2023-11-24
3488,user_3488,US,free,25-34,2023-08-13
3489,user_3489,US,free,18-24,2024-07-11
3490,user_3490,India,free,25-34,2024-03-14
3491,user_3491,US,premium,35-44,2024-07-03
3492,user_3492,Brazil,free,18-24,2024-12-18
3493,user_3493,Canada,free,18-24,2024-01-21
3494,user_3494,Canada,premium,25-34,2024-06-04
3495,user_3495,Brazil,free,25-34,2023-09-10
3496,user_3496,US,premium,18-24,2024-09-11
3497,user_3497,Mexico,premium,45+,2023-04-08
3498,user_3498,Canada,free,18-24,2023-03-12
3499,user_3499,US,free,18-24,2024-07-04
3500,user_3500,Germany,free,25-34,2024-03-22
3501,user_3501,US,free,18-24,2023-03-31
3502,user_3502,Japan,free,25-34,2024-03-05
3503,user_3503,Australia,free,18-24,2023-08-07
3504,user_3504,US,premium,13-17,2023-04-17
3505,user_3505,Canada,free,18-24,2024-04-20
3506,user_3506,Brazil,premium,45+,2024-03-29
3507,user_3507,Australia,free,25-34,2024-08-30
3508,user_3508,India,free,35-44,2024-06-27
3509,user_3509,Mexico,premium,18-24,2023-05-06
3510,user_3510,US,free,25-34,2023-05-27
3511,user_3511,UK,free,25-34,2023-10-07
3512,user_3512,US,premium,45+,2023-01-24
3513,user_3513,Australia,premium,35-44,2024-12-21
3514,user_3514,Japan,premium,35-44,2023-04-30
3515,user_3515,Mexico,free,13-17,2024-10-13
3516,user_3516,France,free,25-34,2023-10-24
3517,user_3517,US,premium,25-34,2023-03-23
3518,user_3518,UK,premium,45+,2024-03-23
3519,user_3519,US,free,18-24,2024-12-20
3520,user_3520,US,premium,18-24,2024-04-14
3521,user_3521,US,free,25-34,2024-02-27
3522,user_3522,India,free,18-24,2024-06-28
3523,user_3523,US,free,18-24,2023-01-24
3524,user_3524,US,free,35-44,2023-03-02
3525,user_3525,US,free,25-34,2024-12-01
3526,user_3526,US,free,35-44,2023-03-25
3527,user_3527,Australia,free,35-44,2023-08-13
3528,user_3528,Japan,premium,18-24,2024-11-10
3529,user_3529,Australia,premium,25-34,2023-07-05
3530,user_3530,India,premium,18-24,2024-01-10
3531,user_3531,US,premium,45+,2023-03-13
3532,user_3532,Japan,free,25-34,2023-03-15
3533,user_3533,UK,free,25-34,2023-12-07
3534,user_3534,US,premium,18-24,2023-06-02
3535,user_3535,US,free,25-34,2023-04-06
3536,user_3536,US,free,18-24,2024-07-18
3537,user_3537,US,free,18-24,2024-03-20
3538,user_3538,UK,premium,35-44,2024-11-16
3539,user_3539,Germany,free,35-44,2023-04-20
3540,user_3540,US,premium,18-24,2024-04-02
3541,user_3541,US,free,25-34,2023-02-20
3542,user_3542,Japan,premium,35-44,2024-01-12
3543,user_3543,US,premium,13-17,2023-03-14
3544,user_3544,UK,premium,35-44,2023-07-31
3545,user_3545,Mexico,free,18-24,2024-03-07
3546,user_3546,US,free,25-34,2024-12-24
3547,user_3547,US,premium,25-34,2023-06-17
3548,user_3548,India,free,25-34,2023-11-27
3549,user_3549,UK,free,35-44,2024-05-08
3550,user_3550,India,free,18-24,2023-05-23
3551,user_3551,Japan,premium,18-24,2024-08-04
3552,user_3552,US,free,25-34,2024-03-20
3553,user_3553,Brazil,premium,35-44,2024-01-29
3554,user_3554,India,free,18-24,2024-05-26
3555,user_3555,US,free,35-44,2024-11-16
3556,user_3556,Brazil,premium,25-34,2024-09-12
3557,user_3557,US,free,18-24,2024-12-15
3558,user_3558,India,free,35-44,2024-11-27
3559,user_3559,US,premium,18-24,2023-11-24
3560,user_3560,India,premium,25-34,2024-08-26
3561,user_3561,UK,free,13-17,2023-09-16
3562,user_3562,Mexico,premium,18-24,2024-03-12
3563,user_3563,US,premium,25-34,2024-12-18
3564,user_3564,UK,premium,25-34,2024-07-17
3565,user_3565,India,free,25-34,2023-12-15
3566,user_3566,Germany,free,25-34,2024-11-23
3567,user_3567,Brazil,premium,18-24,2024-05-29
3568,user_3568,Brazil,premium,25-34,2024-03-24
3569,user_3569,Japan,free,45+,2024-02-03
3570,user_3570,Mexico,free,35-44,2024-08-18
3571,user_3571,UK,free,18-24,2023-08-02
3572,user_3572,India,free,13-17,2024-06-29
3573,user_3573,Mexico,free,45+,2024-07-15
3574,user_3574,Australia,free,25-34,2023-10-16
3575,user_3575,Canada,premium,25-34,2023-09-16
3576,user_3576,UK,free,35-44,2023-09-15
3577,user_3577,US,premium,18-24,2024-01-23
3578,user_3578,India,free,25-34,2024-11-24
3579,user_3579,Germany,free,45+,2024-06-28
3580,user_3580,India,free,25-34,2023-09-22
3581,user_3581,India,free,18-24,2023-11-09
3582,user_3582,Mexico,premium,18-24,2023-02-09
3583,user_3583,UK,premium,18-24,2023-07-29
3584,user_3584,Mexico,free,35-44,2023-09-29
3585,user_3585,UK,free,18-24,2023-05-16
3586,user_3586,UK,free,13-17,2024-08-21
3587,user_3587,India,premium,45+,2023-03-01
3588,user_3588,Japan,premium,18-24,2024-05-24
3589,user_3589,US,free,13-17,2024-11-06
3590,user_3590,US,premium,18-24,2024-05-29
3591,user_3591,France,premium,18-24,2023-01-15
3592,user_3592,US,free,25-34,2024-09-05
3593,user_3593,India,free,45+,2023-09-12
3594,user_3594,Brazil,premium,35-44,2024-12-22
3595,user_3595,India,premium,25-34,2024-06-18
3596,user_3596,Brazil,free,25-34,2023-08-23
3597,user_3597,US,free,25-34,2023-05-11
3598,user_3598,India,free,18-24,2024-10-31
3599,user_3599,UK,free,13-17,2024-11-15
3600,user_3600,Brazil,premium,45+,2023-01-17
3601,user_3601,US,free,18-24,2023-07-04
3602,user_3602,Brazil,premium,18-24,2024-01-26
3603,user_3603,US,premium,25-34,2024-02-27
3604,user_3604,US,free,25-34,2024-03-17
3605,user_3605,US,free,13-17,2024-11-26
3606,user_3606,US,free,18-24,2024-10-16
3607,user_3607,Mexico,premium,18-24,2024-07-09
3608,user_3608,US,free,25-34,2023-01-12
3609,user_3609,France,premium,18-24,2024-06-03
3610,user_3610,Australia,premium,25-34,2023-03-21
3611,user_3611,Brazil,free,25-34,2024-11-04
3612,user_3612,US,premium,35-44,2023-10-29
3613,user_3613,UK,premium,18-24,2023-08-04
3614,user_3614,Japan,free,18-24,2023-09-05
3615,user_3615,UK,free,25-34,2024-06-24
3616,user_3616,US,premium,35-44,2023-09-29
3617,user_3617,India,premium,18-24,2023-05-13
3618,user_3618,Mexico,free,25-34,2023-01-05
3619,user_3619,Japan,free,13-17,2024-06-25
3620,user_3620,US,free,13-17,2024-09-20
3621,user_3621,Germany,premium,25-34,2024-11-20
3622,user_3622,US,free,18-24,2023-05-21
3623,user_3623,US,free,35-44,2024-04-27
3624,user_3624,Canada,premium,25-34,2023-11-01
3625,user_3625,US,free,25-34,2023-12-11
3626,user_3626,US,premium,25-34,2024-07-15
3627,user_3627,US,free,25-34,2023-09-27
3628,user_3628,Canada,premium,13-17,2023-04-18
3629,user_3629,Japan,free,35-44,2024-07-11
3630,user_3630,Brazil,premium,45+,2024-04-18
3631,user_3631,Japan,premium,18-24,2023-03-23
3632,user_3632,US,free,18-24,2024-09-29
3633,user_3633,India,free,18-24,2023-03-25
3634,user_3634,UK,free,25-34,2023-10-17
3635,user_3635,US,free,25-34,2023-03-12
3636,user_3636,India,premium,35-44,2023-06-24
3637,user_3637,France,premium,35-44,2024-04-07
3638,user_3638,US,free,25-34,2024-01-30
3639,user_3639,US,premium,25-34,2023-04-01
3640,user_3640,US,premium,25-34,2024-04-13
3641,user_3641,US,premium,25-34,2024-03-09
3642,user_3642,Canada,free,25-34,2023-09-06
3643,user_3643,India,free,25-34,2024-10-05
3644,user_3644,India,free,25-34,2024-11-11
3645,user_3645,Japan,free,25-34,2024-07-25
3646,user_3646,US,free,25-34,2023-08-29
3647,user_3647,India,free,25-34,2024-12-02
3648,user_3648,India,free,25-34,2024-05-10
3649,user_3649,Brazil,premium,25-34,2023-12-06
3650,user_3650,Australia,free,25-34,2024-04-15
3651,user_3651,Japan,free,25-34,2024-04-07
3652,user_3652,UK,free,18-24,2023-10-02
3653,user_3653,Mexico,free,13-17,2023-01-15
3654,user_3654,US,free,25-34,2023-02-10
3655,user_3655,US,free,25-34,2023-07-27
3656,user_3656,US,free,45+,2023-03-01
3657,user_3657,UK,free,18-24,2023-12-31
3658,user_3658,India,free,25-34,2023-08-28
3659,user_3659,Brazil,free,18-24,2024-08-30
3660,user_3660,Canada,premium,13-17,2023-06-09
3661,user_3661,India,free,35-44,2024-02-01
3662,user_3662,India,free,18-24,2024-05-14
3663,user_3663,US,free,25-34,2023-07-28
3664,user_3664,US,free,25-34,2023-05-13
3665,user_3665,India,free,25-34,2024-01-16
3666,user_3666,India,free,35-44,2024-03-08
3667,user_3667,Mexico,premium,25-34,2024-08-31
3668,user_3668,US,free,18-24,2024-01-24
3669,user_3669,US,free,35-44,2024-08-05
3670,user_3670,India,premium,35-44,2024-03-07
3671,user_3671,US,premium,18-24,2023-10-01
3672,user_3672,US,free,13-17,2023-12-17
3673,user_3673,Germany,free,18-24,2023-05-14
3674,user_3674,US,free,18-24,2023-03-07
3675,user_3675,Brazil,free,45+,2024-09-30
3676,user_3676,US,free,25-34,2023-07-24
3677,user_3677,US,free,18-24,2023-10-25
3678,user_3678,UK,premium,35-44,2023-04-27
3679,user_3679,Japan,free,25-34,2023-09-24
3680,user_3680,UK,free,18-24,2023-05-29
3681,user_3681,Japan,free,45+,2023-07-13
3682,user_3682,US,premium,35-44,2024-11-10
3683,user_3683,Japan,free,35-44,2023-06-28
3684,user_3684,US,premium,25-34,2023-05-28
3685,user_3685,Germany,free,35-44,2024-04-09
3686,user_3686,India,free,18-24,2024-07-22
3687,user_3687,France,free,25-34,2023-01-05
3688,user_3688,UK,free,45+,2024-06-09
3689,user_3689,US,free,18-24,2023-10-07
3690,user_3690,US,free,35-44,2024-05-13
3691,user_3691,Mexico,free,25-34,2024-03-11
3692,user_3692,India,premium,13-17,2023-08-04
3693,user_3693,Japan,free,35-44,2024-11-17
3694,user_3694,US,free,18-24,2024-05-29
3695,user_3695,UK,free,25-34,2023-05-17
3696,user_3696,US,premium,18-24,2024-09-03
3697,user_3697,Australia,premium,45+,2024-08-17
3698,user_3698,Brazil,free,18-24,2023-10-07
3699,user_3699,France,free,18-24,2023-05-12
3700,user_3700,US,free,18-24,2024-01-28
3701,user_3701,Brazil,premium,45+,2024-04-25
3702,user_3702,Germany,premium,25-34,2024-05-27
3703,user_3703,UK,free,35-44,2024-09-19
3704,user_3704,Mexico,free,25-34,2024-02-23
3705,user_3705,France,free,25-34,2023-07-21
3706,user_3706,Canada,free,18-24,2024-10-13
3707,user_3707,Germany,premium,25-34,2024-10-19
3708,user_3708,US,free,18-24,2024-04-06
3709,user_3709,US,free,45+,2023-07-21
3710,user_3710,Australia,premium,35-44,2023-06-01
3711,user_3711,US,premium,25-34,2023-08-10
3712,user_3712,Germany,free,18-24,2023-03-20
3713,user_3713,Germany,premium,35-44,2023-07-19
3714,user_3714,Brazil,free,18-24,2023-04-09
3715,user_3715,Australia,premium,18-24,2023-08-01
3716,user_3716,UK,premium,18-24,2023-05-23
3717,user_3717,UK,free,25-34,2024-12-02
3718,user_3718,US,premium,35-44,2024-01-24
3719,user_3719,India,premium,18-24,2024-01-09
3720,user_3720,US,free,18-24,2023-02-21
3721,user_3721,UK,free,25-34,2024-09-15
3722,user_3722,Mexico,premium,35-44,2023-05-15
3723,user_3723,France,free,18-24,2024-02-15
3724,user_3724,US,free,18-24,2024-04-14
3725,user_3725,UK,premium,45+,2023-04-22
3726,user_3726,France,premium,45+,2024-06-08
3727,user_3727,US,free,45+,2023-02-13
3728,user_3728,US,free,35-44,2024-02-01
3729,user_3729,US,free,18-24,2024-08-07
3730,user_3730,Brazil,free,18-24,2023-09-18
3731,user_3731,US,free,18-24,2024-06-28
3732,user_3732,Australia,premium,18-24,2024-01-23
3733,user_3733,India,free,45+,2024-04-20
3734,user_3734,India,free,35-44,2024-02-14
3735,user_3735,US,free,25-34,2024-08-02
3736,user_3736,India,premium,18-24,2023-01-16
3737,user_3737,Brazil,free,45+,2024-10-23
3738,user_3738,Japan,free,35-44,2023-04-12
3739,user_3739,Japan,free,18-24,2023-07-05
3740,user_3740,Brazil,free,35-44,2023-01-25
3741,user_3741,Canada,free,18-24,2023-03-13
3742,user_3742,Japan,free,18-24,2024-08-15
3743,user_3743,Japan,free,25-34,2024-07-26
3744,user_3744,US,free,25-34,2023-01-18
3745,user_3745,US,free,18-24,2024-07-23
3746,user_3746,US,free,18-24,2023-11-28
3747,user_3747,Brazil,free,45+,2024-07-22
3748,user_3748,UK,free,25-34,2023-04-07
3749,user_3749,UK,free,35-44,2024-12-27
3750,user_3750,Canada,free,18-24,2023-01-12
3751,user_3751,Canada,premium,13-17,2023-01-11
3752,user_3752,Canada,free,18-24,2023-06-12
3753,user_3753,UK,free,18-24,2023-10-10
3754,user_3754,Germany,free,18-24,2024-12-29
3755,user_3755,US,premium,18-24,2023-08-29
3756,user_3756,US,premium,25-34,2023-02-14
3757,user_3757,US,free,18-24,2024-08-15
3758,user_3758,UK,free,35-44,2023-09-12
3759,user_3759,India,free,18-24,2023-03-08
3760,user_3760,Mexico,free,25-34,2024-09-05
3761,user_3761,US,free,13-17,2024-08-25
3762,user_3762,Germany,premium,25-34,2023-02-11
3763,user_3763,India,free,13-17,2024-01-19
3764,user_3764,US,premium,45+,2024-08-11
3765,user_3765,India,free,35-44,2023-08-22
3766,user_3766,US,premium,25-34,2024-12-14
3767,user_3767,Brazil,premium,18-24,2024-04-29
3768,user_3768,India,free,25-34,2023-02-08
3769,user_3769,US,free,35-44,2023-01-11
3770,user_3770,US,free,18-24,2024-09-15
3771,user_3771,India,free,25-34,2024-02-13
3772,user_3772,Canada,free,35-44,2023-04-18
3773,user_3773,UK,free,35-44,2023-04-04
3774,user_3774,Germany,free,35-44,2023-03-25
3775,user_3775,Brazil,premium,35-44,2023-02-27
3776,user_3776,France,free,45+,2023-10-20
3777,user_3777,Mexico,premium,25-34,2023-01-16
3778,user_3778,India,free,25-34,2024-04-21
3779,user_3779,Brazil,premium,35-44,2024-08-27
3780,user_3780,Canada,free,25-34,2023-06-14
3781,user_3781,UK,free,45+,2024-03-12
3782,user_3782,UK,premium,13-17,2024-12-27
3783,user_3783,US,free,18-24,2024-10-17
3784,user_3784,Mexico,premium,18-24,2024-02-07
3785,user_3785,Japan,free,18-24,2024-01-21
3786,user_3786,US,free,18-24,2023-05-18
3787,user_3787,Brazil,free,25-34,2024-12-16
3788,user_3788,India,premium,18-24,2024-12-22
3789,user_3789,US,free,35-44,2024-06-14
3790,user_3790,Australia,premium,25-34,2023-10-20
3791,user_3791,US,premium,18-24,2024-04-19
3792,user_3792,US,free,18-24,2024-04-06
3793,user_3793,Brazil,free,25-34,2024-01-08
3794,user_3794,Germany,premium,35-44,2023-06-11
3795,user_3795,US,free,35-44,2024-10-03
3796,user_3796,Brazil,free,35-44,2023-02-13
3797,user_3797,India,free,45+,2023-03-24
3798,user_3798,US,free,25-34,2024-09-27
3799,user_3799,US,free,45+,2024-06-22
3800,user_3800,India,free,35-44,2024-06-02
3801,user_3801,US,premium,35-44,2024-02-15
3802,user_3802,France,free,13-17,2023-12-07
3803,user_3803,Japan,free,45+,2024-12-11
3804,user_3804,Australia,premium,25-34,2024-09-15
3805,user_3805,US,premium,35-44,2023-03-30
3806,user_3806,Australia,premium,18-24,2024-10-01
3807,user_3807,India,free,25-34,2023-08-18
3808,user_3808,UK,premium,18-24,2023-01-18
3809,user_3809,US,free,18-24,2024-11-03
3810,user_3810,US,free,18-24,2023-10-08
3811,user_3811,Germany,free,35-44,2024-02-26
3812,user_3812,India,free,13-17,2024-11-08
3813,user_3813,US,premium,18-24,2024-12-02
3814,user_3814,Brazil,free,18-24,2023-12-04
3815,user_3815,US,premium,25-34,2023-09-23
3816,user_3816,Brazil,premium,18-24,2023-12-21
3817,user_3817,UK,free,18-24,2023-12-26
3818,user_3818,Mexico,free,25-34,2023-08-05
3819,user_3819,Mexico,free,25-34,2023-11-17
3820,user_3820,India,free,18-24,2024-12-19
3821,user_3821,UK,free,18-24,2024-10-26
3822,user_3822,UK,premium,18-24,2024-11-23
3823,user_3823,Japan,free,45+,2023-07-31
3824,user_3824,UK,free,25-34,2023-07-22
3825,user_3825,US,premium,25-34,2024-12-17
3826,user_3826,US,free,18-24,2023-06-02
3827,user_3827,India,premium,25-34,2024-11-12
3828,user_3828,India,free,13-17,2024-03-04
3829,user_3829,Mexico,free,13-17,2023-10-14
3830,user_3830,US,free,25-34,2023-11-17
3831,user_3831,UK,free,25-34,2024-03-11
3832,user_3832,Japan,free,18-24,2024-08-14
3833,user_3833,Mexico,premium,25-34,2024-05-10
3834,user_3834,UK,free,45+,2024-08-26
3835,user_3835,India,premium,25-34,2023-05-29
3836,user_3836,UK,free,25-34,2024-06-25
3837,user_3837,France,free,45+,2024-09-26
3838,user_3838,US,free,35-44,2024-04-26
3839,user_3839,France,premium,25-34,2023-11-22
3840,user_3840,Germany,free,35-44,2023-01-29
3841,user_3841,India,free,18-24,2023-09-16
3842,user_3842,US,premium,25-34,2024-11-28
3843,user_3843,India,free,18-24,2023-03-16
3844,user_3844,UK,premium,18-24,2024-07-10
3845,user_3845,US,free,25-34,2024-08-03
3846,user_3846,Brazil,premium,18-24,2024-05-12
3847,user_3847,Australia,premium,25-34,2024-02-20
3848,user_3848,India,premium,25-34,2024-12-22
3849,user_3849,Germany,free,25-34,2023-12-06
3850,user_3850,US,free,18-24,2023-11-04
3851,user_3851,UK,premium,18-24,2024-12-04
3852,user_3852,US,free,25-34,2024-09-06
3853,user_3853,Brazil,free,45+,2023-08-29
3854,user_3854,France,premium,18-24,2023-09-10
3855,user_3855,Brazil,free,18-24,2023-08-08
3856,user_3856,US,free,35-44,2024-02-01
3857,user_3857,UK,free,13-17,2023-12-02
3858,user_3858,India,free,35-44,2024-12-29
3859,user_3859,UK,free,25-34,2024-12-14
3860,user_3860,Mexico,premium,25-34,2023-01-29
3861,user_3861,Japan,free,18-24,2024-05-08
3862,user_3862,Brazil,premium,18-24,2024-12-24
3863,user_3863,UK,premium,18-24,2024-05-16
3864,user_3864,US,premium,35-44,2023-06-03
3865,user_3865,US,free,25-34,2023-08-19
3866,user_3866,UK,premium,25-34,2023-04-12
3867,user_3867,UK,free,35-44,2023-06-26
3868,user_3868,Germany,free,18-24,2024-11-23
3869,user_3869,Brazil,premium,25-34,2023-08-20
3870,user_3870,US,free,25-34,2023-01-12
3871,user_3871,UK,premium,35-44,2023-07-05
3872,user_3872,US,free,18-24,2023-09-23
3873,user_3873,US,premium,25-34,2023-05-15
3874,user_3874,Mexico,free,35-44,2023-01-31
3875,user_3875,US,premium,25-34,2024-03-31
3876,user_3876,UK,free,13-17,2023-09-16
3877,user_3877,US,free,25-34,2023-04-14
3878,user_3878,Canada,free,18-24,2024-03-06
3879,user_3879,India,free,25-34,2024-01-17
3880,user_3880,US,free,45+,2024-04-13
3881,user_3881,India,free,25-34,2024-05-27
3882,user_3882,Germany,free,25-34,2023-07-26
3883,user_3883,France,free,25-34,2024-10-08
3884,user_3884,US,free,18-24,2024-03-22
3885,user_3885,Canada,premium,18-24,2023-03-30
3886,user_3886,France,premium,45+,2023-07-14
3887,user_3887,Canada,premium,25-34,2024-02-18
3888,user_3888,Brazil,premium,13-17,2023-05-02
3889,user_3889,Brazil,free,18-24,2024-04-06
3890,user_3890,UK,free,25-34,2023-04-26
3891,user_3891,Japan,free,35-44,2023-07-15
3892,user_3892,India,premium,35-44,2023-02-05
3893,user_3893,Germany,premium,18-24,2023-03-08
3894,user_3894,India,free,45+,2024-10-06
3895,user_3895,Germany,free,25-34,2023-10-08
3896,user_3896,Mexico,free,25-34,2024-04-23
3897,user_3897,US,free,25-34,2023-01-11
3898,user_3898,Mexico,free,18-24,2024-12-30
3899,user_3899,India,free,45+,2023-11-18
3900,user_3900,Mexico,premium,18-24,2024-10-29
3901,user_3901,India,free,18-24,2023-08-28
3902,user_3902,UK,premium,35-44,2023-03-01
3903,user_3903,Canada,premium,25-34,2024-10-11
3904,user_3904,US,premium,35-44,2024-07-15
3905,user_3905,Mexico,premium,25-34,2024-11-09
3906,user_3906,India,premium,18-24,2023-06-14
3907,user_3907,India,premium,45+,2023-07-08
3908,user_3908,UK,premium,13-17,2024-05-01
3909,user_3909,Brazil,free,35-44,2023-04-02
3910,user_3910,UK,premium,18-24,2023-10-16
3911,user_3911,US,premium,35-44,2024-05-23
3912,user_3912,US,premium,18-24,2023-03-16
3913,user_3913,US,premium,25-34,2024-07-10
3914,user_3914,Australia,free,35-44,2024-03-03
3915,user_3915,Australia,free,25-34,2024-01-20
3916,user_3916,UK,free,35-44,2023-02-22
3917,user_3917,Germany,free,35-44,2023-06-24
3918,user_3918,UK,premium,35-44,2024-11-03
3919,user_3919,Germany,free,45+,2024-08-01
3920,user_3920,Japan,free,25-34,2024-04-18
3921,user_3921,France,free,18-24,2023-12-27
3922,user_3922,UK,free,13-17,2023-09-27
3923,user_3923,Japan,premium,18-24,2024-02-11
3924,user_3924,US,premium,18-24,2023-05-04
3925,user_3925,Australia,free,25-34,2024-11-24
3926,user_3926,US,free,18-24,2024-01-11
3927,user_3927,Brazil,free,13-17,2024-01-27
3928,user_3928,Brazil,free,13-17,2023-07-01
3929,user_3929,Germany,free,35-44,2023-02-05
3930,user_3930,US,premium,25-34,2023-07-31
3931,user_3931,France,free,18-24,2023-05-14
3932,user_3932,US,free,35-44,2024-11-20
3933,user_3933,Brazil,free,13-17,2024-11-08
3934,user_3934,US,premium,45+,2024-05-05
3935,user_3935,UK,premium,25-34,2024-03-13
3936,user_3936,India,premium,18-24,2023-02-15
3937,user_3937,UK,free,25-34,2024-10-29
3938,user_3938,US,premium,35-44,2024-02-05
3939,user_3939,US,free,25-34,2024-05-02
3940,user_3940,UK,free,35-44,2024-03-07
3941,user_3941,Japan,free,18-24,2024-03-03
3942,user_3942,Canada,free,18-24,2024-07-25
3943,user_3943,US,premium,18-24,2024-05-31
3944,user_3944,UK,premium,18-24,2024-04-06
3945,user_3945,US,free,18-24,2023-06-30
3946,user_3946,US,premium,45+,2023-05-25
3947,user_3947,Brazil,premium,13-17,2023-09-22
3948,user_3948,Brazil,premium,25-34,2024-02-10
3949,user_3949,US,free,25-34,2024-04-28
3950,user_3950,US,free,35-44,2024-04-26
3951,user_3951,US,free,45+,2023-08-25
3952,user_3952,Mexico,premium,35-44,2024-06-08
3953,user_3953,Australia,free,45+,2023-12-05
3954,user_3954,US,free,35-44,2023-09-25
3955,user_3955,US,free,45+,2023-09-23
3956,user_3956,Mexico,free,25-34,2024-06-11
3957,user_3957,France,premium,13-17,2023-04-02
3958,user_3958,UK,premium,25-34,2023-09-05
3959,user_3959,US,premium,25-34,2023-01-19
3960,user_3960,US,premium,18-24,2024-01-25
3961,user_3961,Brazil,free,18-24,2024-01-23
3962,user_3962,UK,free,25-34,2024-09-06
3963,user_3963,US,free,45+,2023-04-05
3964,user_3964,Brazil,free,13-17,2024-03-05
3965,user_3965,US,free,35-44,2024-12-25
3966,user_3966,Japan,premium,25-34,2023-02-06
3967,user_3967,UK,free,45+,2024-01-28
3968,user_3968,US,premium,45+,2024-07-26
3969,user_3969,Brazil,free,35-44,2023-10-18
3970,user_3970,UK,free,25-34,2023-10-30
3971,user_3971,Australia,free,18-24,2024-02-05
3972,user_3972,India,free,25-34,2023-12-10
3973,user_3973,US,free,35-44,2024-06-01
3974,user_3974,Germany,free,35-44,2024-01-12
3975,user_3975,US,free,35-44,2023-06-14
3976,user_3976,Canada,free,18-24,2023-01-13
3977,user_3977,UK,free,25-34,2023-01-25
3978,user_3978,India,premium,18-24,2023-05-03
3979,user_3979,US,premium,13-17,2023-05-09
3980,user_3980,India,free,18-24,2024-09-25
3981,user_3981,Mexico,premium,18-24,2024-06-30
3982,user_3982,Japan,premium,35-44,2024-08-17
3983,user_3983,US,premium,18-24,2023-11-05
3984,user_3984,US,free,18-24,2024-03-11
3985,user_3985,Japan,free,45+,2023-07-01
3986,user_3986,France,premium,18-24,2024-08-10
3987,user_3987,US,free,13-17,2024-09-07
3988,user_3988,India,premium,18-24,2023-02-12
3989,user_3989,UK,premium,18-24,2024-02-08
3990,user_3990,Canada,free,18-24,2024-08-27
3991,user_3991,US,free,13-17,2024-10-17
3992,user_3992,US,free,25-34,2024-08-12
3993,user_3993,Japan,free,18-24,2023-09-20
3994,user_3994,US,free,18-24,2023-03-11
3995,user_3995,India,free,35-44,2024-10-22
3996,user_3996,India,free,25-34,2023-10-19
3997,user_3997,UK,free,45+,2023-08-02
3998,user_3998,UK,premium,25-34,2023-05-27
3999,user_3999,India,free,25-34,2023-01-25
4000,user_4000,US,premium,35-44,2023-11-19
4001,user_4001,Brazil,premium,13-17,2023-04-19
4002,user_4002,Japan,free,18-24,2024-11-23
4003,user_4003,Japan,premium,25-34,2023-09-08
4004,user_4004,US,free,25-34,2024-04-26
4005,user_4005,US,premium,35-44,2024-12-15
4006,user_4006,US,free,45+,2024-11-12
4007,user_4007,UK,free,25-34,2023-06-24
4008,user_4008,UK,free,25-34,2023-12-13
4009,user_4009,Germany,free,25-34,2023-06-19
4010,user_4010,US,free,45+,2023-01-02
4011,user_4011,US,free,35-44,2024-10-07
4012,user_4012,UK,free,45+,2024-09-30
4013,user_4013,Germany,free,18-24,2024-07-11
4014,user_4014,US,free,35-44,2024-12-06
4015,user_4015,Brazil,free,18-24,2023-12-28
4016,user_4016,US,free,18-24,2024-12-21
4017,user_4017,Canada,free,45+,2023-10-23
4018,user_4018,Canada,premium,13-17,2024-07-23
4019,user_4019,US,free,45+,2024-08-12
4020,user_4020,US,premium,18-24,2023-07-21
4021,user_4021,UK,free,35-44,2023-10-16
4022,user_4022,US,premium,18-24,2023-03-03
4023,user_4023,Germany,free,18-24,2024-05-16
4024,user_4024,Mexico,free,18-24,2023-05-06
4025,user_4025,Germany,free,25-34,2023-02-18
4026,user_4026,Mexico,free,18-24,2024-08-22
4027,user_4027,UK,free,25-34,2023-06-28
4028,user_4028,US,free,13-17,2024-08-03
4029,user_4029,Germany,premium,13-17,2024-05-07
4030,user_4030,UK,free,18-24,2024-03-08
4031,user_4031,Germany,free,25-34,2024-07-25
4032,user_4032,US,premium,35-44,2023-10-29
4033,user_4033,US,free,35-44,2023-06-18
4034,user_4034,Australia,premium,18-24,2023-09-26
4035,user_4035,US,free,25-34,2023-12-30
4036,user_4036,Australia,premium,35-44,2024-09-15
4037,user_4037,Australia,free,18-24,2023-04-10
4038,user_4038,Japan,premium,25-34,2023-08-03
4039,user_4039,Brazil,premium,25-34,2024-09-16
4040,user_4040,Brazil,free,18-24,2023-04-07
4041,user_4041,Mexico,free,13-17,2024-09-21
4042,user_4042,US,free,18-24,2024-07-01
4043,user_4043,India,premium,25-34,2023-12-03
4044,user_4044,Brazil,free,13-17,2023-12-25
4045,user_4045,UK,free,18-24,2023-10-17
4046,user_4046,India,free,18-24,2024-01-31
4047,user_4047,UK,free,13-17,2023-12-26
4048,user_4048,India,free,18-24,2023-12-13
4049,user_4049,Mexico,premium,45+,2023-05-04
4050,user_4050,US,free,13-17,2024-07-05
4051,user_4051,France,premium,25-34,2024-10-14
4052,user_4052,Germany,free,25-34,2024-06-21
4053,user_4053,Mexico,free,25-34,2024-10-15
4054,user_4054,India,free,25-34,2024-02-26
4055,user_4055,Japan,free,18-24,2023-12-02
4056,user_4056,US,premium,35-44,2024-05-17
4057,user_4057,Japan,premium,25-34,2023-02-26
4058,user_4058,US,free,35-44,2024-10-23
4059,user_4059,Canada,free,25-34,2024-12-17
4060,user_4060,Australia,free,45+,2023-03-17
4061,user_4061,US,premium,35-44,2024-04-10
4062,user_4062,US,premium,45+,2023-10-12
4063,user_4063,Japan,premium,25-34,2024-12-22
4064,user_4064,US,free,25-34,2024-01-21
4065,user_4065,Mexico,free,35-44,2023-09-16
4066,user_4066,US,free,35-44,2024-04-21
4067,user_4067,US,free,45+,2024-11-26
4068,user_4068,Australia,free,18-24,2023-01-11
4069,user_4069,Germany,free,35-44,2024-11-02
4070,user_4070,Mexico,free,18-24,2023-09-17
4071,user_4071,UK,premium,25-34,2024-01-28
4072,user_4072,Germany,premium,18-24,2024-08-22
4073,user_4073,Brazil,free,18-24,2024-01-04
4074,user_4074,Brazil,free,45+,2023-07-03
4075,user_4075,Germany,free,18-24,2023-01-16
4076,user_4076,Brazil,premium,25-34,2024-05-20
4077,user_4077,India,premium,25-34,2023-03-27
4078,user_4078,US,premium,18-24,2024-12-11
4079,user_4079,Japan,premium,18-24,2023-01-10
4080,user_4080,US,free,25-34,2024-04-21
4081,user_4081,Germany,free,18-24,2023-06-13
4082,user_4082,US,free,35-44,2023-01-24
4083,user_4083,Brazil,free,45+,2024-07-29
4084,user_4084,Germany,premium,18-24,2023-11-08
4085,user_4085,US,free,18-24,2023-08-26
4086,user_4086,US,free,25-34,2024-04-06
4087,user_4087,US,free,35-44,2024-04-06
4088,user_4088,Brazil,premium,18-24,2023-08-26
4089,user_4089,Mexico,free,13-17,2023-01-22
4090,user_4090,US,premium,25-34,2023-06-29
4091,user_4091,Germany,free,45+,2024-07-12
4092,user_4092,UK,free,25-34,2024-12-30
4093,user_4093,India,free,25-34,2024-05-13
4094,user_4094,France,premium,45+,2024-04-19
4095,user_4095,UK,free,25-34,2024-12-16
4096,user_4096,India,premium,25-34,2023-12-05
4097,user_4097,US,free,25-34,2024-06-14
4098,user_4098,US,free,45+,2024-11-22
4099,user_4099,US,premium,25-34,2023-06-11
4100,user_4100,US,free,35-44,2023-03-02
4101,user_4101,Brazil,free,25-34,2023-03-26
4102,user_4102,India,premium,35-44,2024-06-30
4103,user_4103,India,free,18-24,2024-05-04
4104,user_4104,US,premium,18-24,2023-01-05
4105,user_4105,US,free,35-44,2023-03-17
4106,user_4106,Brazil,free,18-24,2023-09-10
4107,user_4107,Australia,free,25-34,2023-01-07
4108,user_4108,US,premium,18-24,2024-11-11
4109,user_4109,Canada,free,35-44,2024-10-03
4110,user_4110,Brazil,premium,18-24,2024-04-17
4111,user_4111,India,premium,35-44,2023-05-18
4112,user_4112,India,free,25-34,2023-12-24
4113,user_4113,US,free,18-24,2024-08-25
4114,user_4114,US,free,25-34,2023-06-12
4115,user_4115,Brazil,free,18-24,2023-11-14
4116,user_4116,UK,free,18-24,2024-04-02
4117,user_4117,Canada,premium,18-24,2023-09-10
4118,user_4118,UK,premium,13-17,2023-07-20
4119,user_4119,US,premium,45+,2024-06-15
4120,user_4120,Germany,premium,13-17,2024-11-05
4121,user_4121,US,premium,25-34,2023-06-14
4122,user_4122,India,free,18-24,2023-08-20
4123,user_4123,Germany,premium,25-34,2023-11-24
4124,user_4124,Canada,premium,18-24,2023-08-26
4125,user_4125,Japan,free,25-34,2023-04-30
4126,user_4126,Germany,premium,25-34,2024-09-10
4127,user_4127,Germany,free,25-34,2023-09-07
4128,user_4128,France,premium,18-24,2023-12-02
4129,user_4129,US,premium,25-34,2023-10-11
4130,user_4130,US,premium,18-24,2023-07-17
4131,user_4131,US,free,13-17,2024-02-20
4132,user_4132,US,premium,25-34,2024-01-30
4133,user_4133,Brazil,free,25-34,2023-05-31
4134,user_4134,Brazil,free,25-34,2023-09-22
4135,user_4135,Brazil,premium,25-34,2023-08-08
4136,user_4136,US,free,18-24,2023-08-04
4137,user_4137,Germany,premium,18-24,2023-11-11
4138,user_4138,UK,free,13-17,2024-10-29
4139,user_4139,Brazil,free,25-34,2023-08-04
4140,user_4140,India,premium,25-34,2023-12-01
4141,user_4141,UK,free,18-24,2023-12-25
4142,user_4142,US,free,25-34,2024-09-17
4143,user_4143,US,premium,25-34,2023-06-10
4144,user_4144,Mexico,free,25-34,2024-09-01
4145,user_4145,Canada,premium,25-34,2024-05-25
4146,user_4146,Brazil,free,25-34,2023-06-06
4147,user_4147,US,free,25-34,2023-06-11
4148,user_4148,UK,free,18-24,2023-02-11
4149,user_4149,Germany,free,18-24,2023-06-29
4150,user_4150,Japan,free,18-24,2023-10-30
4151,user_4151,US,free,25-34,2023-11-26
4152,user_4152,US,free,35-44,2024-07-16
4153,user_4153,Germany,free,25-34,2024-03-04
4154,user_4154,UK,free,18-24,2023-12-16
4155,user_4155,US,free,35-44,2023-04-30
4156,user_4156,US,free,35-44,2023-03-16
4157,user_4157,India,premium,35-44,2024-11-04
4158,user_4158,Mexico,premium,25-34,2024-10-22
4159,user_4159,France,premium,35-44,2023-05-03
4160,user_4160,India,free,13-17,2024-10-14
4161,user_4161,India,premium,18-24,2023-07-01
4162,user_4162,US,premium,18-24,2023-09-14
4163,user_4163,India,premium,25-34,2024-08-20
4164,user_4164,UK,free,13-17,2024-08-05
4165,user_4165,Brazil,premium,25-34,2023-09-26
4166,user_4166,UK,premium,25-34,2024-05-07
4167,user_4167,US,premium,18-24,2023-06-29
4168,user_4168,US,free,35-44,2023-05-29
4169,user_4169,UK,free,18-24,2024-06-01
4170,user_4170,US,free,18-24,2023-05-28
4171,user_4171,US,free,35-44,2024-11-10
4172,user_4172,Australia,premium,13-17,2023-01-09
4173,user_4173,India,free,25-34,2023-06-27
4174,user_4174,India,free,35-44,2024-01-30
4175,user_4175,Canada,free,45+,2024-09-19
4176,user_4176,Australia,free,35-44,2024-08-30
4177,user_4177,Brazil,free,18-24,2023-11-27
4178,user_4178,Japan,premium,25-34,2023-02-25
4179,user_4179,UK,free,13-17,2023-07-26
4180,user_4180,UK,free,18-24,2023-04-15
4181,user_4181,UK,free,18-24,2024-06-30
4182,user_4182,Germany,free,18-24,2024-12-21
4183,user_4183,Germany,free,35-44,2023-12-21
4184,user_4184,UK,premium,18-24,2024-10-20
4185,user_4185,US,premium,25-34,2024-05-03
4186,user_4186,Brazil,premium,25-34,2024-08-15
4187,user_4187,US,premium,25-34,2024-05-17
4188,user_4188,Brazil,free,45+,2023-02-19
4189,user_4189,Germany,premium,18-24,2023-03-28
4190,user_4190,Germany,premium,25-34,2024-12-03
4191,user_4191,Japan,premium,25-34,2023-10-30
4192,user_4192,Canada,free,13-17,2023-01-01
4193,user_4193,India,premium,25-34,2024-01-16
4194,user_4194,Germany,premium,35-44,2024-10-11
4195,user_4195,Brazil,premium,18-24,2024-10-09
4196,user_4196,US,free,13-17,2023-12-28
4197,user_4197,US,premium,18-24,2024-01-16
4198,user_4198,US,premium,35-44,2024-10-27
4199,user_4199,India,premium,25-34,2023-06-11
4200,user_4200,Brazil,free,25-34,2023-01-19
4201,user_4201,Mexico,premium,25-34,2023-08-31
4202,user_4202,US,free,35-44,2023-05-09
4203,user_4203,US,free,35-44,2023-06-25
4204,user_4204,Australia,free,35-44,2024-02-13
4205,user_4205,US,premium,35-44,2023-03-25
4206,user_4206,India,free,25-34,2024-01-11
4207,user_4207,Brazil,free,25-34,2023-08-10
4208,user_4208,India,premium,35-44,2023-11-21
4209,user_4209,US,premium,45+,2024-03-26
4210,user_4210,US,free,13-17,2024-02-20
4211,user_4211,US,premium,13-17,2024-10-18
4212,user_4212,Brazil,premium,45+,2024-03-20
4213,user_4213,India,free,18-24,2024-09-09
4214,user_4214,US,free,35-44,2023-11-21
4215,user_4215,Brazil,free,25-34,2024-06-06
4216,user_4216,Mexico,free,18-24,2023-06-15
4217,user_4217,US,free,18-24,2024-12-08
4218,user_4218,India,premium,18-24,2024-10-20
4219,user_4219,Germany,premium,18-24,2023-08-26
4220,user_4220,US,free,25-34,2023-01-13
4221,user_4221,UK,free,25-34,2023-09-14
4222,user_4222,Brazil,free,45+,2024-05-28
4223,user_4223,Canada,free,25-34,2023-07-29
4224,user_4224,Japan,free,25-34,2024-04-28
4225,user_4225,Brazil,premium,25-34,2023-12-31
4226,user_4226,Germany,premium,25-34,2023-08-13
4227,user_4227,UK,free,25-34,2023-07-13
4228,user_4228,Brazil,premium,13-17,2023-07-15
4229,user_4229,India,free,13-17,2024-02-04
4230,user_4230,US,premium,18-24,2023-02-26
4231,user_4231,Germany,free,18-24,2024-09-16
4232,user_4232,India,free,25-34,2023-08-01
4233,user_4233,UK,premium,18-24,2023-10-06
4234,user_4234,Canada,free,35-44,2024-01-15
4235,user_4235,US,premium,45+,2023-04-27
4236,user_4236,UK,free,45+,2024-03-26
4237,user_4237,US,free,45+,2024-08-21
4238,user_4238,Japan,free,18-24,2024-02-14
4239,user_4239,Germany,free,25-34,2024-01-02
4240,user_4240,UK,premium,18-24,2023-04-23
4241,user_4241,Germany,free,35-44,2023-06-13
4242,user_4242,UK,premium,35-44,2023-01-04
4243,user_4243,Japan,premium,35-44,2024-09-21
4244,user_4244,India,premium,25-34,2023-01-23
4245,user_4245,UK,free,35-44,2024-08-24
4246,user_4246,France,premium,18-24,2023-04-02
4247,user_4247,US,free,13-17,2024-04-13
4248,user_4248,US,free,35-44,2023-06-04
4249,user_4249,Brazil,free,25-34,2024-09-18
4250,user_4250,Australia,free,45+,2023-07-26
4251,user_4251,UK,free,18-24,2023-03-22
4252,user_4252,US,premium,35-44,2024-09-06
4253,user_4253,UK,free,25-34,2024-04-27
4254,user_4254,India,free,35-44,2024-08-14
4255,user_4255,US,premium,35-44,2024-02-11
4256,user_4256,Brazil,free,45+,2023-04-13
4257,user_4257,Australia,free,18-24,2023-08-28
4258,user_4258,India,free,45+,2023-09-22
4259,user_4259,UK,premium,18-24,2023-02-02
4260,user_4260,UK,free,18-24,2023-02-04
4261,user_4261,US,free,25-34,2023-09-06
4262,user_4262,Canada,free,35-44,2023-02-19
4263,user_4263,UK,premium,25-34,2023-10-07
4264,user_4264,UK,premium,35-44,2023-06-01
4265,user_4265,Brazil,premium,25-34,2024-10-20
4266,user_4266,India,free,18-24,2024-07-04
4267,user_4267,Brazil,free,45+,2024-12-01
4268,user_4268,US,free,13-17,2024-06-20
4269,user_4269,Japan,free,35-44,2023-08-18
4270,user_4270,France,free,18-24,2024-10-26
4271,user_4271,Brazil,free,25-34,2023-10-15
4272,user_4272,France,free,25-34,2024-01-30
4273,user_4273,US,premium,18-24,2024-03-28
4274,user_4274,India,free,18-24,2024-09-11
4275,user_4275,Brazil,premium,18-24,2023-02-02
4276,user_4276,Brazil,free,18-24,2023-12-29
4277,user_4277,UK,free,18-24,2023-04-21
4278,user_4278,UK,free,25-34,2023-05-01
4279,user_4279,US,free,35-44,2023-01-16
4280,user_4280,UK,free,25-34,2024-06-06
4281,user_4281,US,free,35-44,2024-12-15
4282,user_4282,Germany,premium,25-34,2024-12-14
4283,user_4283,US,premium,25-34,2023-04-08
4284,user_4284,US,free,25-34,2023-04-26
4285,user_4285,India,premium,25-34,2024-04-15
4286,user_4286,Brazil,premium,25-34,2024-03-14
4287,user_4287,Canada,premium,13-17,2023-10-08
4288,user_4288,Brazil,premium,35-44,2023-12-15
4289,user_4289,UK,free,35-44,2023-08-20
4290,user_4290,Japan,free,18-24,2023-04-21
4291,user_4291,India,free,35-44,2023-12-18
4292,user_4292,US,free,13-17,2023-01-12
4293,user_4293,India,free,18-24,2024-05-02
4294,user_4294,Canada,free,13-17,2024-06-16
4295,user_4295,UK,premium,35-44,2024-09-30
4296,user_4296,US,premium,35-44,2023-10-12
4297,user_4297,US,premium,35-44,2024-09-24
4298,user_4298,US,premium,13-17,2024-09-27
4299,user_4299,India,premium,25-34,2024-06-28
4300,user_4300,Brazil,free,25-34,2024-01-27
4301,user_4301,US,free,18-24,2023-06-19
4302,user_4302,France,free,25-34,2023-03-18
4303,user_4303,Japan,premium,18-24,2023-10-24
4304,user_4304,Brazil,free,18-24,2023-11-26
4305,user_4305,Mexico,premium,25-34,2023-03-04
4306,user_4306,US,free,25-34,2023-09-27
4307,user_4307,India,free,18-24,2023-08-04
4308,user_4308,Brazil,premium,18-24,2023-07-09
4309,user_4309,Mexico,free,18-24,2023-03-16
4310,user_4310,Japan,free,18-24,2024-11-16
4311,user_4311,US,free,18-24,2024-05-24
4312,user_4312,France,free,25-34,2024-08-01
4313,user_4313,US,premium,25-34,2023-04-03
4314,user_4314,Canada,free,25-34,2023-02-22
4315,user_4315,Australia,free,35-44,2024-05-10
4316,user_4316,US,free,25-34,2023-04-04
4317,user_4317,Germany,premium,18-24,2024-09-16
4318,user_4318,US,free,13-17,2023-08-17
4319,user_4319,UK,premium,35-44,2023-09-07
4320,user_4320,India,premium,13-17,2024-01-26
4321,user_4321,Brazil,free,18-24,2024-12-21
4322,user_4322,France,premium,13-17,2023-07-01
4323,user_4323,Germany,premium,25-34,2023-09-24
4324,user_4324,India,free,25-34,2023-10-08
4325,user_4325,Japan,free,45+,2024-10-28
4326,user_4326,France,premium,35-44,2023-03-24
4327,user_4327,US,premium,25-34,2023-07-05
4328,user_4328,Australia,free,18-24,2024-10-12
4329,user_4329,US,free,18-24,2024-07-20
4330,user_4330,Japan,premium,18-24,2024-06-14
4331,user_4331,US,premium,18-24,2023-12-14
4332,user_4332,US,premium,18-24,2024-02-27
4333,user_4333,India,free,18-24,2024-03-29
4334,user_4334,Brazil,premium,18-24,2023-09-24
4335,user_4335,UK,free,18-24,2024-05-21
4336,user_4336,US,free,45+,2023-05-22
4337,user_4337,Brazil,premium,25-34,2023-11-12
4338,user_4338,Canada,premium,45+,2024-11-06
4339,user_4339,UK,free,18-24,2023-08-20
4340,user_4340,US,free,25-34,2023-10-24
4341,user_4341,India,premium,18-24,2024-07-25
4342,user_4342,US,free,18-24,2023-01-22
4343,user_4343,Mexico,premium,18-24,2024-01-19
4344,user_4344,Mexico,premium,45+,2023-05-06
4345,user_4345,Brazil,free,45+,2023-04-13
4346,user_4346,UK,premium,13-17,2023-04-20
4347,user_4347,Japan,premium,18-24,2024-07-23
4348,user_4348,India,premium,25-34,2024-04-16
4349,user_4349,Mexico,premium,18-24,2023-03-06
4350,user_4350,Brazil,premium,18-24,2024-04-16
4351,user_4351,Japan,free,18-24,2024-07-23
4352,user_4352,Brazil,free,25-34,2024-10-31
4353,user_4353,UK,premium,18-24,2023-03-17
4354,user_4354,France,free,18-24,2023-01-19
4355,user_4355,India,free,18-24,2024-01-19
4356,user_4356,Brazil,premium,25-34,2023-07-09
4357,user_4357,US,premium,45+,2023-12-26
4358,user_4358,Brazil,free,18-24,2024-03-27
4359,user_4359,Brazil,premium,35-44,2023-03-20
4360,user_4360,US,premium,35-44,2024-08-18
4361,user_4361,US,free,45+,2023-06-21
4362,user_4362,Brazil,premium,35-44,2023-07-31
4363,user_4363,Japan,free,25-34,2024-03-20
4364,user_4364,India,free,35-44,2023-05-29
4365,user_4365,US,free,13-17,2023-01-10
4366,user_4366,Brazil,free,25-34,2024-06-25
4367,user_4367,US,free,45+,2023-02-24
4368,user_4368,India,premium,35-44,2024-09-30
4369,user_4369,US,premium,45+,2023-06-29
4370,user_4370,US,free,35-44,2024-01-16
4371,user_4371,US,premium,35-44,2024-02-26
4372,user_4372,UK,free,25-34,2024-03-26
4373,user_4373,US,free,35-44,2023-04-03
4374,user_4374,UK,premium,25-34,2024-06-03
4375,user_4375,India,free,45+,2024-02-17
4376,user_4376,India,free,35-44,2024-01-29
4377,user_4377,UK,premium,35-44,2023-11-27
4378,user_4378,Mexico,free,25-34,2024-12-08
4379,user_4379,US,premium,18-24,2024-03-08
4380,user_4380,India,free,13-17,2023-06-12
4381,user_4381,US,free,45+,2023-02-09
4382,user_4382,US,free,25-34,2023-03-26
4383,user_4383,Brazil,free,18-24,2024-08-12
4384,user_4384,India,free,18-24,2024-12-25
4385,user_4385,Canada,free,35-44,2023-04-01
4386,user_4386,India,premium,35-44,2024-04-28
4387,user_4387,France,premium,35-44,2024-01-20
4388,user_4388,US,free,25-34,2023-07-12
4389,user_4389,US,free,18-24,2023-09-10
4390,user_4390,US,free,18-24,2024-10-16
4391,user_4391,US,premium,13-17,2023-09-01
4392,user_4392,India,premium,35-44,2024-12-24
4393,user_4393,Brazil,free,18-24,2024-12-07
4394,user_4394,US,premium,25-34,2023-09-27
4395,user_4395,France,free,25-34,2023-01-19
4396,user_4396,Mexico,free,25-34,2023-02-09
4397,user_4397,US,free,45+,2024-09-01
4398,user_4398,US,free,13-17,2024-05-30
4399,user_4399,US,free,35-44,2023-02-02
4400,user_4400,US,free,13-17,2024-11-07
4401,user_4401,US,premium,13-17,2024-03-25
4402,user_4402,India,free,25-34,2024-06-22
4403,user_4403,US,free,13-17,2024-11-15
4404,user_4404,UK,free,35-44,2024-09-16
4405,user_4405,Australia,free,25-34,2024-08-29
4406,user_4406,Germany,free,13-17,2023-11-15
4407,user_4407,France,free,13-17,2024-10-07
4408,user_4408,US,free,25-34,2023-05-04
4409,user_4409,UK,free,35-44,2024-01-07
4410,user_4410,India,free,25-34,2023-12-17
4411,user_4411,US,free,25-34,2023-11-19
4412,user_4412,US,premium,35-44,2024-05-02
4413,user_4413,Germany,premium,25-34,2024-03-26
4414,user_4414,Brazil,free,18-24,2023-12-19
4415,user_4415,UK,free,25-34,2023-04-26
4416,user_4416,India,free,25-34,2023-01-13
4417,user_4417,UK,free,35-44,2023-11-16
4418,user_4418,US,free,25-34,2023-06-14
4419,user_4419,UK,free,45+,2024-12-20
4420,user_4420,US,free,18-24,2023-03-26
4421,user_4421,US,premium,45+,2023-09-05
4422,user_4422,France,free,25-34,2024-03-07
4423,user_4423,Brazil,free,25-34,2024-07-21
4424,user_4424,Germany,free,18-24,2024-11-14
4425,user_4425,UK,premium,25-34,2024-10-14
4426,user_4426,UK,premium,35-44,2024-10-05
4427,user_4427,US,free,25-34,2024-04-23
4428,user_4428,US,premium,13-17,2024-12-13
4429,user_4429,US,free,25-34,2024-01-03
4430,user_4430,Japan,premium,18-24,2023-12-23
4431,user_4431,Germany,premium,45+,2024-02-12
4432,user_4432,India,free,35-44,2023-12-11
4433,user_4433,India,premium,13-17,2023-06-28
4434,user_4434,France,free,35-44,2024-02-29
4435,user_4435,US,free,45+,2024-06-24
4436,user_4436,US,free,18-24,2024-03-18
4437,user_4437,UK,premium,25-34,2023-11-02
4438,user_4438,Japan,free,25-34,2024-01-02
4439,user_4439,Australia,free,25-34,2023-02-05
4440,user_4440,US,premium,18-24,2024-04-07
4441,user_4441,Canada,free,18-24,2024-09-12
4442,user_4442,Mexico,free,25-34,2023-05-26
4443,user_4443,US,free,18-24,2023-05-26
4444,user_4444,UK,free,35-44,2024-01-15
4445,user_4445,UK,free,18-24,2023-06-17
4446,user_4446,Australia,free,25-34,2023-10-02
4447,user_4447,US,premium,35-44,2023-03-28
4448,user_4448,Japan,premium,25-34,2023-06-03
4449,user_4449,UK,free,25-34,2024-05-11
4450,user_4450,Germany,free,45+,2023-11-11
4451,user_4451,India,free,35-44,2024-09-01
4452,user_4452,Brazil,premium,18-24,2024-12-23
4453,user_4453,Mexico,free,25-34,2024-07-13
4454,user_4454,Japan,free,45+,2023-10-01
4455,user_4455,Mexico,premium,18-24,2024-12-06
4456,user_4456,US,free,18-24,2023-09-19
4457,user_4457,Germany,free,18-24,2024-05-01
4458,user_4458,US,premium,18-24,2024-03-29
4459,user_4459,UK,premium,35-44,2024-03-18
4460,user_4460,India,free,35-44,2023-09-19
4461,user_4461,UK,premium,45+,2024-06-26
4462,user_4462,India,free,35-44,2023-04-15
4463,user_4463,Australia,premium,18-24,2023-12-16
4464,user_4464,US,free,13-17,2024-03-13
4465,user_4465,Germany,premium,45+,2023-06-18
4466,user_4466,UK,premium,18-24,2023-12-09
4467,user_4467,US,premium,18-24,2023-08-18
4468,user_4468,US,premium,45+,2023-01-23
4469,user_4469,France,free,25-34,2024-11-06
4470,user_4470,Canada,free,18-24,2023-10-08
4471,user_4471,Canada,free,35-44,2024-06-02
4472,user_4472,Australia,premium,45+,2024-12-22
4473,user_4473,US,premium,18-24,2023-09-10
4474,user_4474,UK,free,35-44,2024-02-08
4475,user_4475,Brazil,premium,25-34,2023-05-13
4476,user_4476,India,premium,25-34,2023-10-01
4477,user_4477,UK,premium,45+,2024-09-09
4478,user_4478,UK,premium,45+,2023-08-20
4479,user_4479,Brazil,free,18-24,2024-06-28
4480,user_4480,Brazil,free,18-24,2023-03-20
4481,user_4481,US,free,18-24,2023-02-04
4482,user_4482,India,free,25-34,2024-05-09
4483,user_4483,India,premium,13-17,2023-04-20
4484,user_4484,Brazil,premium,25-34,2023-11-17
4485,user_4485,US,premium,13-17,2024-07-28
4486,user_4486,Germany,premium,25-34,2023-11-24
4487,user_4487,US,free,13-17,2024-11-20
4488,user_4488,UK,free,35-44,2024-01-19
4489,user_4489,Japan,free,18-24,2023-12-30
4490,user_4490,India,free,18-24,2023-08-20
4491,user_4491,US,free,35-44,2024-09-07
4492,user_4492,Germany,free,35-44,2024-02-18
4493,user_4493,India,free,18-24,2023-10-21
4494,user_4494,Japan,free,13-17,2024-06-30
4495,user_4495,Germany,premium,25-34,2024-12-06
4496,user_4496,Brazil,free,25-34,2023-06-23
4497,user_4497,India,free,35-44,2024-01-27
4498,user_4498,US,free,25-34,2023-04-12
4499,user_4499,US,premium,18-24,2023-10-20
4500,user_4500,UK,free,25-34,2023-03-26
4501,user_4501,Brazil,free,35-44,2023-07-20
4502,user_4502,India,premium,45+,2024-11-15
4503,user_4503,US,free,13-17,2024-06-24
4504,user_4504,US,premium,25-34,2023-10-24
4505,user_4505,India,free,13-17,2023-02-25
4506,user_4506,US,free,25-34,2024-04-16
4507,user_4507,Germany,free,35-44,2023-01-16
4508,user_4508,US,premium,18-24,2024-10-13
4509,user_4509,Brazil,free,45+,2023-03-07
4510,user_4510,France,free,25-34,2024-10-20
4511,user_4511,US,free,45+,2024-10-31
4512,user_4512,India,free,35-44,2024-04-16
4513,user_4513,US,free,18-24,2024-08-03
4514,user_4514,Brazil,premium,18-24,2023-01-23
4515,user_4515,India,premium,25-34,2024-12-02
4516,user_4516,UK,free,18-24,2024-04-30
4517,user_4517,India,free,25-34,2024-02-19
4518,user_4518,Canada,premium,25-34,2024-10-18
4519,user_4519,US,free,45+,2023-11-01
4520,user_4520,US,free,25-34,2023-06-26
4521,user_4521,Mexico,free,35-44,2023-07-14
4522,user_4522,Brazil,premium,45+,2023-01-13
4523,user_4523,Canada,premium,35-44,2023-06-15
4524,user_4524,Brazil,premium,18-24,2023-05-30
4525,user_4525,Japan,free,25-34,2023-12-07
4526,user_4526,India,free,18-24,2024-07-10
4527,user_4527,Germany,premium,25-34,2023-06-23
4528,user_4528,Canada,free,18-24,2023-06-16
4529,user_4529,Brazil,premium,35-44,2024-12-09
4530,user_4530,US,premium,25-34,2024-12-18
4531,user_4531,US,free,25-34,2024-08-16
4532,user_4532,US,premium,45+,2024-08-02
4533,user_4533,US,free,13-17,2023-04-07
4534,user_4534,UK,premium,25-34,2024-11-09
4535,user_4535,India,free,35-44,2024-02-08
4536,user_4536,Brazil,free,18-24,2023-03-18
4537,user_4537,India,premium,25-34,2023-08-25
4538,user_4538,Brazil,premium,18-24,2024-12-08
4539,user_4539,US,free,35-44,2023-10-18
4540,user_4540,US,free,18-24,2023-05-16
4541,user_4541,US,free,18-24,2024-01-02
4542,user_4542,India,free,25-34,2024-07-01
4543,user_4543,US,free,18-24,2023-09-05
4544,user_4544,US,free,18-24,2023-08-02
4545,user_4545,UK,free,25-34,2023-03-11
4546,user_4546,Japan,free,18-24,2023-11-25
4547,user_4547,US,free,25-34,2023-01-16
4548,user_4548,Brazil,free,25-34,2024-05-01
4549,user_4549,Brazil,free,25-34,2023-06-23
4550,user_4550,Japan,premium,25-34,2024-11-29
4551,user_4551,France,free,18-24,2023-10-01
4552,user_4552,US,premium,18-24,2024-06-07
4553,user_4553,US,premium,35-44,2023-08-07
4554,user_4554,Canada,premium,35-44,2024-05-27
4555,user_4555,India,premium,18-24,2024-02-03
4556,user_4556,India,premium,25-34,2023-04-21
4557,user_4557,Brazil,free,25-34,2024-04-08
4558,user_4558,Germany,free,25-34,2024-10-02
4559,user_4559,France,premium,25-34,2023-04-03
4560,user_4560,Australia,free,13-17,2024-03-26
4561,user_4561,Germany,premium,25-34,2024-01-31
4562,user_4562,US,free,13-17,2024-07-04
4563,user_4563,Canada,premium,25-34,2024-04-23
4564,user_4564,US,free,35-44,2023-11-12
4565,user_4565,US,free,25-34,2024-11-01
4566,user_4566,Canada,free,18-24,2024-11-28
4567,user_4567,US,premium,45+,2023-12-19
4568,user_4568,US,premium,35-44,2023-08-27
4569,user_4569,US,free,35-44,2023-04-14
4570,user_4570,Mexico,premium,25-34,2023-01-29
4571,user_4571,India,free,18-24,2023-03-30
4572,user_4572,Germany,free,45+,2024-01-10
4573,user_4573,US,free,25-34,2024-02-01
4574,user_4574,Japan,free,35-44,2024-07-16
4575,user_4575,Japan,free,18-24,2023-12-30
4576,user_4576,UK,free,18-24,2023-05-27
4577,user_4577,UK,premium,45+,2023-11-10
4578,user_4578,US,premium,25-34,2024-07-01
4579,user_4579,Australia,free,18-24,2024-03-27
4580,user_4580,Brazil,free,18-24,2024-05-20
4581,user_4581,France,free,25-34,2024-04-30
4582,user_4582,UK,free,13-17,2023-04-11
4583,user_4583,Japan,free,25-34,2023-04-17
4584,user_4584,Japan,free,25-34,2023-10-18
4585,user_4585,Germany,premium,35-44,2023-12-15
4586,user_4586,Australia,premium,18-24,2024-09-08
4587,user_4587,UK,free,45+,2024-08-10
4588,user_4588,US,free,18-24,2023-08-15
4589,user_4589,Germany,free,25-34,2024-08-18
4590,user_4590,Germany,premium,18-24,2024-08-10
4591,user_4591,Brazil,free,35-44,2023-02-19
4592,user_4592,US,free,45+,2024-12-22
4593,user_4593,India,premium,35-44,2023-06-07
4594,user_4594,UK,free,25-34,2023-11-24
4595,user_4595,India,free,25-34,2023-03-18
4596,user_4596,Brazil,free,35-44,2024-09-24
4597,user_4597,Germany,free,45+,2024-03-29
4598,user_4598,US,free,45+,2023-11-06
4599,user_4599,UK,free,25-34,2023-11-23
4600,user_4600,US,free,45+,2024-05-22
4601,user_4601,US,free,18-24,2023-04-17
4602,user_4602,Japan,premium,18-24,2023-08-29
4603,user_4603,Canada,free,18-24,2024-03-10
4604,user_4604,UK,free,18-24,2023-01-28
4605,user_4605,Japan,premium,35-44,2024-12-04
4606,user_4606,Canada,premium,35-44,2023-09-06
4607,user_4607,Mexico,premium,35-44,2023-12-30
4608,user_4608,US,free,25-34,2024-12-25
4609,user_4609,France,free,25-34,2024-06-16
4610,user_4610,UK,premium,25-34,2024-04-16
4611,user_4611,UK,premium,25-34,2024-10-28
4612,user_4612,US,free,35-44,2024-06-22
4613,user_4613,India,premium,25-34,2024-08-11
4614,user_4614,US,free,25-34,2024-02-17
4615,user_4615,US,premium,25-34,2024-07-22
4616,user_4616,UK,premium,35-44,2024-09-22
4617,user_4617,Japan,premium,18-24,2023-06-14
4618,user_4618,Canada,premium,25-34,2024-07-29
4619,user_4619,UK,premium,35-44,2023-02-17
4620,user_4620,Mexico,free,25-34,2024-10-23
4621,user_4621,Mexico,free,35-44,2024-04-28
4622,user_4622,Japan,free,18-24,2023-06-07
4623,user_4623,US,free,18-24,2024-10-29
4624,user_4624,Germany,premium,35-44,2023-05-31
4625,user_4625,France,free,25-34,2023-08-13
4626,user_4626,Germany,free,25-34,2023-09-17
4627,user_4627,UK,free,18-24,2024-01-22
4628,user_4628,India,premium,18-24,2023-09-13
4629,user_4629,Brazil,free,25-34,2023-03-02
4630,user_4630,India,free,18-24,2024-01-31
4631,user_4631,US,free,35-44,2024-02-01
4632,user_4632,UK,premium,35-44,2023-06-11
4633,user_4633,Japan,free,18-24,2024-01-15
4634,user_4634,Mexico,premium,25-34,2024-03-18
4635,user_4635,US,free,25-34,2023-12-15
4636,user_4636,France,free,18-24,2023-01-31
4637,user_4637,UK,premium,18-24,2023-03-12
4638,user_4638,Brazil,free,25-34,2024-02-01
4639,user_4639,Japan,free,25-34,2024-03-13
4640,user_4640,Japan,free,25-34,2023-01-02
4641,user_4641,France,free,25-34,2024-07-15
4642,user_4642,UK,free,35-44,2023-05-15
4643,user_4643,Mexico,free,35-44,2023-05-26
4644,user_4644,US,free,25-34,2023-06-28
4645,user_4645,Germany,free,35-44,2023-09-21
4646,user_4646,Germany,premium,18-24,2023-11-07
4647,user_4647,Germany,premium,35-44,2023-07-23
4648,user_4648,US,free,25-34,2024-11-29
4649,user_4649,Canada,free,35-44,2023-01-30
4650,user_4650,US,free,25-34,2023-02-28
4651,user_4651,US,free,18-24,2023-01-09
4652,user_4652,Germany,free,25-34,2023-11-20
4653,user_4653,India,free,18-24,2023-06-16
4654,user_4654,Mexico,free,25-34,2023-12-03
4655,user_4655,UK,free,25-34,2024-01-14
4656,user_4656,US,free,35-44,2024-12-03
4657,user_4657,Mexico,premium,25-34,2023-08-30
4658,user_4658,India,free,25-34,2024-10-27
4659,user_4659,US,premium,18-24,2023-06-09
4660,user_4660,Germany,premium,45+,2023-08-23
4661,user_4661,India,free,35-44,2024-03-28
4662,user_4662,Brazil,free,35-44,2023-07-18
4663,user_4663,India,free,18-24,2024-04-21
4664,user_4664,Mexico,free,25-34,2023-02-02
4665,user_4665,Mexico,free,18-24,2024-02-12
4666,user_4666,Germany,premium,25-34,2023-03-30
4667,user_4667,US,free,18-24,2024-08-29
4668,user_4668,Mexico,free,25-34,2023-08-09
4669,user_4669,Germany,premium,25-34,2023-03-10
4670,user_4670,Germany,premium,25-34,2023-10-21
4671,user_4671,UK,free,25-34,2023-08-25
4672,user_4672,Canada,premium,35-44,2023-06-09
4673,user_4673,Germany,free,18-24,2023-10-17
4674,user_4674,US,free,35-44,2024-07-07
4675,user_4675,UK,free,18-24,2024-07-31
4676,user_4676,Canada,free,13-17,2024-06-16
4677,user_4677,US,premium,18-24,2023-12-01
4678,user_4678,Australia,free,35-44,2024-08-04
4679,user_4679,Germany,free,25-34,2024-05-16
4680,user_4680,Brazil,free,35-44,2023-09-03
4681,user_4681,US,free,25-34,2023-11-19
4682,user_4682,US,free,13-17,2024-09-02
4683,user_4683,France,free,25-34,2023-11-25
4684,user_4684,US,premium,18-24,2024-06-30
4685,user_4685,Japan,free,35-44,2023-12-05
4686,user_4686,UK,free,18-24,2023-06-20
4687,user_4687,US,free,18-24,2023-04-20
4688,user_4688,US,free,35-44,2023-01-10
4689,user_4689,India,free,45+,2023-07-21
4690,user_4690,Australia,premium,18-24,2023-09-14
4691,user_4691,UK,premium,35-44,2023-09-19
4692,user_4692,UK,free,18-24,2024-11-23
4693,user_4693,UK,free,35-44,2024-03-05
4694,user_4694,India,premium,25-34,2024-05-21
4695,user_4695,India,free,18-24,2023-03-07
4696,user_4696,Canada,free,18-24,2024-11-03
4697,user_4697,India,free,18-24,2024-08-01
4698,user_4698,India,premium,25-34,2024-09-03
4699,user_4699,US,free,18-24,2024-08-11
4700,user_4700,Australia,premium,25-34,2023-02-04
4701,user_4701,US,premium,45+,2024-07-10
4702,user_4702,US,free,13-17,2024-10-23
4703,user_4703,Brazil,premium,25-34,2024-05-05
4704,user_4704,Brazil,premium,25-34,2024-08-02
4705,user_4705,UK,free,45+,2023-09-11
4706,user_4706,India,free,25-34,2023-01-17
4707,user_4707,Japan,free,25-34,2023-09-18
4708,user_4708,US,free,25-34,2024-12-25
4709,user_4709,Mexico,free,18-24,2023-09-13
4710,user_4710,Brazil,free,13-17,2024-12-28
4711,user_4711,UK,free,25-34,2024-02-28
4712,user_4712,India,premium,13-17,2024-05-15
4713,user_4713,US,free,25-34,2023-10-13
4714,user_4714,Japan,free,18-24,2023-01-07
4715,user_4715,India,free,25-34,2024-05-11
4716,user_4716,UK,free,18-24,2023-07-18
4717,user_4717,Brazil,free,45+,2024-08-25
4718,user_4718,Australia,free,35-44,2024-10-20
4719,user_4719,India,free,18-24,2024-02-22
4720,user_4720,France,premium,18-24,2024-10-23
4721,user_4721,UK,premium,25-34,2023-02-21
4722,user_4722,US,free,18-24,2023-08-31
4723,user_4723,US,premium,18-24,2023-08-07
4724,user_4724,UK,premium,18-24,2024-06-01
4725,user_4725,US,free,45+,2023-04-19
4726,user_4726,US,premium,35-44,2023-12-17
4727,user_4727,Canada,premium,25-34,2023-03-07
4728,user_4728,Mexico,free,25-34,2023-01-10
4729,user_4729,Germany,free,45+,2023-07-21
4730,user_4730,US,free,45+,2023-08-02
4731,user_4731,US,free,45+,2023-03-09
4732,user_4732,US,premium,18-24,2023-11-23
4733,user_4733,Germany,free,18-24,2023-02-19
4734,user_4734,France,premium,25-34,2023-01-17
4735,user_4735,India,premium,25-34,2024-06-06
4736,user_4736,US,premium,13-17,2023-11-02
4737,user_4737,India,premium,13-17,2024-01-27
4738,user_4738,UK,free,35-44,2023-05-04
4739,user_4739,UK,free,35-44,2024-05-18
4740,user_4740,Brazil,premium,18-24,2023-08-13
4741,user_4741,Germany,free,35-44,2023-11-14
4742,user_4742,US,free,25-34,2024-04-17
4743,user_4743,US,premium,35-44,2024-06-24
4744,user_4744,Australia,premium,25-34,2023-12-24
4745,user_4745,US,free,18-24,2024-04-27
4746,user_4746,US,premium,25-34,2024-03-04
4747,user_4747,US,premium,25-34,2024-05-11
4748,user_4748,US,free,25-34,2024-04-16
4749,user_4749,UK,free,18-24,2024-07-24
4750,user_4750,Japan,premium,45+,2024-10-16
4751,user_4751,UK,free,18-24,2023-10-27
4752,user_4752,India,free,18-24,2024-11-06
4753,user_4753,Germany,free,25-34,2023-03-25
4754,user_4754,India,premium,25-34,2024-01-12
4755,user_4755,Mexico,free,25-34,2023-11-09
4756,user_4756,Mexico,free,35-44,2024-09-20
4757,user_4757,US,free,25-34,2023-11-16
4758,user_4758,Japan,premium,25-34,2023-07-23
4759,user_4759,India,free,25-34,2023-12-21
4760,user_4760,Australia,free,13-17,2023-10-21
4761,user_4761,India,premium,25-34,2024-05-18
4762,user_4762,Australia,free,35-44,2023-05-25
4763,user_4763,Japan,premium,13-17,2024-06-22
4764,user_4764,US,premium,25-34,2023-01-17
4765,user_4765,India,premium,45+,2024-07-28
4766,user_4766,Australia,free,18-24,2024-07-29
4767,user_4767,Mexico,premium,25-34,2023-02-08
4768,user_4768,US,premium,45+,2023-05-10
4769,user_4769,Germany,premium,18-24,2023-04-25
4770,user_4770,UK,free,13-17,2024-03-25
4771,user_4771,US,premium,35-44,2023-02-14
4772,user_4772,UK,free,35-44,2023-08-04
4773,user_4773,US,free,25-34,2024-08-22
4774,user_4774,Japan,free,25-34,2024-02-19
4775,user_4775,UK,premium,35-44,2024-11-19
4776,user_4776,Mexico,free,35-44,2023-09-22
4777,user_4777,US,free,18-24,2024-03-15
4778,user_4778,UK,premium,13-17,2024-09-08
4779,user_4779,US,free,25-34,2024-01-16
4780,user_4780,US,premium,35-44,2023-10-28
4781,user_4781,US,free,35-44,2023-06-20
4782,user_4782,US,free,45+,2024-09-11
4783,user_4783,India,premium,35-44,2024-02-10
4784,user_4784,US,premium,25-34,2023-12-21
4785,user_4785,UK,free,25-34,2023-06-10
4786,user_4786,UK,premium,35-44,2024-07-05
4787,user_4787,Canada,free,35-44,2023-01-26
4788,user_4788,Canada,free,25-34,2023-03-24
4789,user_4789,India,free,18-24,2023-06-22
4790,user_4790,UK,free,45+,2024-11-15
4791,user_4791,US,free,25-34,2023-03-11
4792,user_4792,France,free,18-24,2023-01-06
4793,user_4793,US,free,25-34,2023-07-14
4794,user_4794,US,free,25-34,2024-06-08
4795,user_4795,US,free,18-24,2023-03-04
4796,user_4796,UK,free,35-44,2023-01-13
4797,user_4797,US,premium,18-24,2023-07-24
4798,user_4798,Japan,premium,18-24,2023-02-09
4799,user_4799,US,free,25-34,2023-06-14
4800,user_4800,Brazil,premium,35-44,2023-01-31
4801,user_4801,US,premium,45+,2024-06-12
4802,user_4802,US,free,35-44,2024-10-10
4803,user_4803,Canada,free,45+,2024-11-07
4804,user_4804,US,premium,18-24,2024-02-02
4805,user_4805,Mexico,free,13-17,2024-04-03
4806,user_4806,India,premium,25-34,2023-08-11
4807,user_4807,US,premium,18-24,2024-09-25
4808,user_4808,France,premium,35-44,2023-03-19
4809,user_4809,US,premium,25-34,2024-08-22
4810,user_4810,Mexico,free,45+,2024-09-16
4811,user_4811,US,free,18-24,2024-09-03
4812,user_4812,Mexico,premium,25-34,2024-03-03
4813,user_4813,US,free,25-34,2024-02-29
4814,user_4814,India,premium,18-24,2024-01-22
4815,user_4815,Japan,premium,25-34,2023-08-27
4816,user_4816,France,premium,25-34,2024-09-14
4817,user_4817,Canada,free,25-34,2023-03-31
4818,user_4818,Japan,free,18-24,2024-01-20
4819,user_4819,Canada,free,13-17,2023-05-19
4820,user_4820,US,free,25-34,2024-10-08
4821,user_4821,US,premium,18-24,2024-06-07
4822,user_4822,US,premium,13-17,2023-09-01
4823,user_4823,UK,premium,18-24,2024-05-19
4824,user_4824,UK,free,18-24,2024-02-26
4825,user_4825,India,free,25-34,2023-07-01
4826,user_4826,US,premium,18-24,2023-07-14
4827,user_4827,Germany,free,25-34,2024-09-25
4828,user_4828,US,free,25-34,2023-02-22
4829,user_4829,UK,premium,25-34,2024-11-15
4830,user_4830,India,premium,35-44,2023-06-28
4831,user_4831,Japan,free,25-34,2023-10-20
4832,user_4832,Germany,premium,25-34,2024-01-10
4833,user_4833,Brazil,free,35-44,2023-02-28
4834,user_4834,US,premium,25-34,2023-02-23
4835,user_4835,India,free,25-34,2023-09-02
4836,user_4836,US,free,25-34,2023-05-29
4837,user_4837,UK,premium,25-34,2024-01-03
4838,user_4838,UK,free,35-44,2023-01-16
4839,user_4839,US,premium,18-24,2023-06-25
4840,user_4840,US,premium,18-24,2024-06-23
4841,user_4841,France,premium,18-24,2024-02-10
4842,user_4842,France,premium,18-24,2024-04-11
4843,user_4843,UK,free,18-24,2023-05-09
4844,user_4844,US,premium,25-34,2023-08-11
4845,user_4845,US,free,35-44,2023-09-01
4846,user_4846,UK,free,35-44,2024-03-01
4847,user_4847,France,premium,18-24,2023-12-20
4848,user_4848,US,free,45+,2023-11-22
4849,user_4849,Japan,free,25-34,2024-08-26
4850,user_4850,US,free,25-34,2023-01-03
4851,user_4851,Australia,premium,35-44,2024-04-23
4852,user_4852,UK,premium,25-34,2023-03-22
4853,user_4853,Japan,free,35-44,2023-02-13
4854,user_4854,UK,free,18-24,2023-06-04
4855,user_4855,Brazil,premium,25-34,2024-06-19
4856,user_4856,US,free,35-44,2023-04-09
4857,user_4857,US,free,25-34,2024-02-01
4858,user_4858,France,free,25-34,2023-06-20
4859,user_4859,Canada,free,25-34,2023-05-28
4860,user_4860,Canada,free,35-44,2023-05-03
4861,user_4861,Brazil,premium,18-24,2023-04-22
4862,user_4862,Japan,free,25-34,2023-05-10
4863,user_4863,US,premium,18-24,2023-03-09
4864,user_4864,UK,premium,25-34,2024-12-29
4865,user_4865,UK,premium,35-44,2024-08-30
4866,user_4866,Brazil,free,13-17,2024-10-18
4867,user_4867,UK,free,25-34,2024-06-28
4868,user_4868,US,free,25-34,2023-10-13
4869,user_4869,Brazil,premium,18-24,2023-01-05
4870,user_4870,Japan,free,25-34,2023-04-28
4871,user_4871,UK,free,18-24,2024-10-13
4872,user_4872,US,free,25-34,2023-08-18
4873,user_4873,US,free,25-34,2023-06-09
4874,user_4874,US,free,35-44,2023-10-21
4875,user_4875,US,free,35-44,2023-07-05
4876,user_4876,Brazil,free,25-34,2024-07-05
4877,user_4877,Brazil,free,13-17,2023-08-12
4878,user_4878,Germany,free,45+,2023-06-01
4879,user_4879,UK,premium,25-34,2023-05-20
4880,user_4880,Mexico,free,13-17,2024-01-02
4881,user_4881,US,free,35-44,2023-05-08
4882,user_4882,India,free,18-24,2023-12-17
4883,user_4883,Japan,free,25-34,2023-05-27
4884,user_4884,US,premium,25-34,2023-10-12
4885,user_4885,US,free,25-34,2024-04-13
4886,user_4886,Canada,premium,35-44,2023-08-06
4887,user_4887,UK,premium,25-34,2024-03-11
4888,user_4888,Germany,premium,13-17,2023-05-25
4889,user_4889,US,free,45+,2023-10-04
4890,user_4890,Germany,free,45+,2023-03-01
4891,user_4891,UK,premium,25-34,2024-09-01
4892,user_4892,US,free,25-34,2024-01-10
4893,user_4893,Brazil,premium,18-24,2024-02-08
4894,user_4894,US,premium,35-44,2024-11-23
4895,user_4895,UK,premium,13-17,2023-04-24
4896,user_4896,US,free,13-17,2024-05-09
4897,user_4897,US,premium,25-34,2024-09-06
4898,user_4898,US,premium,18-24,2023-12-02
4899,user_4899,US,premium,13-17,2024-07-22
4900,user_4900,Canada,free,25-34,2023-10-12
4901,user_4901,US,free,18-24,2023-05-09
4902,user_4902,India,free,18-24,2023-11-11
4903,user_4903,US,free,13-17,2024-08-20
4904,user_4904,UK,free,18-24,2024-12-12
4905,user_4905,France,premium,25-34,2023-03-12
4906,user_4906,US,free,35-44,2023-12-11
4907,user_4907,Australia,premium,25-34,2023-04-08
4908,user_4908,US,free,25-34,2023-10-27
4909,user_4909,Germany,free,13-17,2023-06-25
4910,user_4910,India,free,13-17,2023-03-16
4911,user_4911,Canada,free,18-24,2023-05-23
4912,user_4912,India,premium,25-34,2023-01-23
4913,user_4913,India,free,35-44,2023-06-30
4914,user_4914,US,premium,25-34,2023-02-14
4915,user_4915,US,free,25-34,2024-04-13
4916,user_4916,Canada,premium,18-24,2023-04-02
4917,user_4917,UK,free,35-44,2023-09-26
4918,user_4918,UK,free,18-24,2023-02-03
4919,user_4919,Japan,free,35-44,2024-11-08
4920,user_4920,UK,free,25-34,2024-08-04
4921,user_4921,France,free,35-44,2023-12-30
4922,user_4922,Germany,premium,45+,2024-12-08
4923,user_4923,Brazil,premium,45+,2023-05-13
4924,user_4924,Canada,premium,25-34,2024-01-17
4925,user_4925,US,free,25-34,2024-11-10
4926,user_4926,US,free,18-24,2023-10-04
4927,user_4927,India,free,45+,2023-06-05
4928,user_4928,US,premium,25-34,2024-01-22
4929,user_4929,Germany,premium,18-24,2024-06-18
4930,user_4930,Canada,premium,25-34,2023-07-19
4931,user_4931,India,premium,18-24,2023-10-02
4932,user_4932,UK,free,25-34,2024-05-15
4933,user_4933,Australia,free,25-34,2024-04-03
4934,user_4934,India,free,18-24,2023-02-19
4935,user_4935,India,free,13-17,2024-11-28
4936,user_4936,UK,free,45+,2024-06-15
4937,user_4937,Canada,free,35-44,2024-09-19
4938,user_4938,India,premium,35-44,2023-04-02
4939,user_4939,Japan,premium,18-24,2024-03-31
4940,user_4940,Japan,premium,35-44,2023-12-05
4941,user_4941,UK,premium,25-34,2023-02-22
4942,user_4942,India,free,18-24,2024-05-10
4943,user_4943,Mexico,free,18-24,2024-09-26
4944,user_4944,UK,premium,18-24,2023-01-04
4945,user_4945,Japan,free,18-24,2024-11-11
4946,user_4946,France,free,45+,2023-10-08
4947,user_4947,Brazil,free,13-17,2023-10-17
4948,user_4948,Germany,free,25-34,2023-03-14
4949,user_4949,Japan,free,25-34,2023-05-17
4950,user_4950,Mexico,free,18-24,2024-10-14
4951,user_4951,UK,free,25-34,2024-01-28
4952,user_4952,US,premium,18-24,2023-07-27
4953,user_4953,UK,free,35-44,2023-09-17
4954,user_4954,Germany,free,18-24,2023-09-20
4955,user_4955,India,free,25-34,2024-05-19
4956,user_4956,Germany,free,25-34,2024-07-03
4957,user_4957,UK,premium,35-44,2023-07-22
4958,user_4958,Brazil,premium,35-44,2023-12-13
4959,user_4959,US,premium,25-34,2023-02-21
4960,user_4960,Germany,free,25-34,2024-08-15
4961,user_4961,India,free,25-34,2023-12-22
4962,user_4962,US,free,35-44,2024-12-23
4963,user_4963,US,free,35-44,2024-06-02
4964,user_4964,Germany,free,18-24,2023-12-29
4965,user_4965,India,free,25-34,2023-02-14
4966,user_4966,US,free,35-44,2024-01-13
4967,user_4967,Australia,premium,25-34,2024-02-16
4968,user_4968,Germany,free,18-24,2023-05-22
4969,user_4969,France,premium,25-34,2023-09-15
4970,user_4970,India,free,25-34,2023-02-06
4971,user_4971,India,free,45+,2023-02-14
4972,user_4972,Canada,premium,25-34,2024-09-23
4973,user_4973,India,premium,18-24,2023-02-15
4974,user_4974,Germany,free,18-24,2024-10-13
4975,user_4975,US,free,13-17,2024-07-18
4976,user_4976,India,free,25-34,2023-10-28
4977,user_4977,US,free,25-34,2023-10-15
4978,user_4978,US,premium,18-24,2023-09-26
4979,user_4979,US,premium,25-34,2023-03-03
4980,user_4980,US,premium,35-44,2024-07-19
4981,user_4981,Australia,free,18-24,2024-08-03
4982,user_4982,US,premium,18-24,2023-08-30
4983,user_4983,Brazil,free,45+,2023-12-20
4984,user_4984,Mexico,premium,18-24,2023-03-12
4985,user_4985,India,premium,35-44,2024-02-17
4986,user_4986,US,free,25-34,2024-09-03
4987,user_4987,Germany,free,35-44,2023-03-02
4988,user_4988,Brazil,free,35-44,2024-09-06
4989,user_4989,Germany,free,25-34,2024-03-27
4990,user_4990,Japan,premium,35-44,2024-01-28
4991,user_4991,Australia,free,45+,2024-09-22
4992,user_4992,Brazil,free,25-34,2024-06-12
4993,user_4993,UK,free,18-24,2023-11-01
4994,user_4994,Brazil,premium,25-34,2023-07-10
4995,user_4995,US,free,35-44,2024-12-24
4996,user_4996,Canada,premium,25-34,2023-03-19
4997,user_4997,US,premium,18-24,2024-07-11
4998,user_4998,UK,premium,13-17,2024-08-27
4999,user_4999,Japan,free,25-34,2024-06-08
5000,user_5000,Brazil,free,18-24,2023-10-28
