artist_id,artist_name
1,!nvite
2,"""Cats"" 1983 Broadway Cast"
3,"""Little"" Jimmie Dickens"
4,"""Pepo"" San Martín"
5,"""Puppy Dog Pals"" Cast"
6,"""Sax"" Maldita Vecindad"
7,"""The Phantom Of The Opera"" 1990 German Cast"
8,"""Weird Al"" Yankovic"
9,#Kids
10,$NOT
11,$affie
12,$pyda
13,&ME
14,'Bat Out Of Hell' Original Cast
15,'Be More Chill' Ensemble
16,'Dogfight' Original Cast Ensemble
17,'Falsettos' 2016 Broadway Company
18,'Legally Blonde' Ensemble
19,'Little Women' Original Broadway Cast
20,'Songs for a New World' 2018 Encores! Off-Center Company
21,'The Drowsy Chaperone' Original Broadway Cast
22,'Til Tuesday
23,( Me Llamo ) Sebastián
24,((( O )))
25,(DOLCH)
26,(G)I-DLE
27,(Hed) P.E.
28,-M-
29,0-600
30,04 Limited Sazabys
31,070 Shake
32,1 Trait Danger
33,10 Years
34,10-FEET
35,100 Blaze
36,100 gecs
37,1000volts
38,1019
39,102 Boyz
40,10cc
41,10cm
42,110
43,112
44,11:11 Music Group
45,12 Stones
46,1200 Micrograms
47,1280 Almas
48,12AM
49,12th Planet
50,13
51,13 Block
52,1349
53,13th Floor Elevators
54,14 Bis
55,16 Bit
56,163
57,16BL
58,16bars
59,175R
60,1782
61,1788-L
62,19
63,1979
64,1986zig
65,1988
66,1991
67,1995
68,1Biggs Don
69,1Kilo
70,1PLIKÉ140
71,1mpakt
72,1nonly
73,2 Best Enemies
74,2 Blyga Läppar
75,2 Brothers On The 4th Floor
76,2 Chainz
77,2 Engel & Charlie
78,2 minutos
79,20 Fingers
80,2002
81,2016 Broadway Cast
82,21 Savage
83,22 Void Beats
84,220 KID
85,22Gz
86,22ViZz
87,23Till
88,24SJU
89,24h
90,24hrs
91,24kGoldn
92,250 kg kärlek
93,257ers
94,25th Annual Putnam County Spelling Bee Original Cast
95,2Baba
96,2CELLOS
97,2Infinity
98,2Pac
99,2R
100,2T
101,2ara
102,2gaudy
103,2jaym
104,2nd Grade
105,2square
106,3 Doors Down
107,3 Hürel
108,3 Pill Morning
109,3 Steps Ahead
110,3030
111,31 Minutos
112,311
113,32 Leaves
114,347aidan
115,36 Crazyfists
116,38 Special
117,3FORCE
118,3LAU
119,3OH!3
120,3RACHA of Stray Kids
121,3TEETH
122,3x7 Veintiuna
123,4 Strings
124,4 Tune Fairytales
125,4*TOWN (From Disney and Pixar’s Turning Red)
126,40 Below Summer
127,404vincent
128,42nd Street Ensemble
129,44phantom
130,450
131,48th St. Collective
132,4D Nature Recordings
133,4Keus Gang
134,4Korners
135,4TH Chapter
136,4ever Falling
137,4hero
138,4i20
139,4to28
140,4yye
141,5 Adım
142,5 Seconds of Summer
143,5 a Seco
144,50 Cent
145,509-E
146,50landing
147,53 Thieves
148,5oh8
149,6 Dogs
150,6091
151,666
152,678NATH
153,69 Boyz
154,6EJOU
155,6LACK
156,6ix9ine
157,6n
158,6o
159,6t6
160,7 MinutoZ
161,7 Minutoz
162,7 Skies
163,7!!
164,7Horse
165,7evin7ins
166,7kingZ
167,7ru7h
168,8 Crazy Nights Cast
169,8 Graves
170,8 Kalacas
171,808 Ander
172,80purppp
173,80xx
174,831
175,8485
176,88GLAM
177,8901
178,89ine
179,8Kays
180,8lak
181,8percent
182,8th Sin
183,9 Lazy 9
184,9 Theory
185,90´s Pop Tour
186,91 All Stars
187,916frosty
188,92 Sounds
189,92914
190,93FEETOFSMOKE
191,954mari
192,9Mill
193,9m88
194,9mm Parabellum Bullet
195,9smkr
196,9tails
197,:Wumpscut:
198,=LOVE
199,? & The Mysterians
200,@1Tmt__
201,A Banda Mais Bonita da Cidade
202,A Boogie Wit da Hoodie
203,A Dama
204,A Day To Remember
205,A Família
206,A Feast for Kings
207,A Fine Frenzy
208,A Flock Of Seagulls
209,A Forest Mighty Black
210,A Great Big World
211,A Life Once Lost
212,A Little Night Music Original Broadway Cast Ensemble
213,A Little Sound
214,A Mose
215,A Niu
216,A Number Of Names
217,A R I Z O N A
218,A Rocket To The Moon
219,A Si
220,A Skylit Drive
221,A Touch Of Class
222,A Tribe Called Quest
223,A Vida Music
224,A Wilhelm Scream
225,A Winged Victory for the Sullen
226,A$AP Ferg
227,A$AP Rocky
228,A$AP TyY
229,A*M*E
230,A*S*Y*S
231,A-F-R-O
232,A-Lin
233,A-Lusion
234,A-Mei Chang
235,A-Star
236,A-Tech
237,A-Trak
238,A-WA
239,A-Zone
240,A-do
241,A. G. Cook
242,A. Kanyakumari
243,A. Manetta
244,A. R. Reihana
245,A.B.I
246,A.CHAL
247,A.M.C
248,A.M.C.
249,A.M.R
250,A.N.I.M.A.L.
251,A.R. Rahman
252,A.Skillz
253,A1 x J1
254,A1Melodymaster
255,A7S
256,AA Apres-Ski!
257,AAKASH
258,ABBA
259,ABC
260,ABC Kids
261,ABK
262,AC Music
263,AC Slater
264,AC/DC
265,AC15
266,ACE COLLECTION
267,ACN Music.
268,ACxDC
269,ADK Srirascol
270,ADL
271,ADM
272,ADSO
273,AERYN
274,AFC
275,AFI
276,AFK
277,AFKAP
278,AFTERMYFALL
279,AG Beatz
280,AGA
281,AGLORY
282,AHOSHI
283,AHYRE
284,AI
285,AIDYL
286,AILEE
287,AIRMANN
288,AIROD
289,AJ Ghent [ j-ent ]
290,AJ Meijer
291,AJ Mitchell
292,AJ Salvatore
293,AJ Tracey
294,AJ Wav
295,AJJ
296,AJR
297,AJX
298,AK Bhuker
299,AK-69
300,AKA AFK
301,AKA AKA
302,AKASA
303,AKB48
304,AKI
305,AKKI (DE)
306,AKLO
307,AL-90
308,ALASKA
309,ALEX
310,ALEX FATT
311,ALEXANDRE APOSAN
312,ALI
313,ALIENSKILEZ
314,ALIUS
315,ALLÉ
316,ALMA
317,ALMAR
318,ALPHA 9
319,AMAGII
320,AMAN
321,AMARIA BB
322,AMAYA
323,AMK
324,AMONGST THE ASHES
325,AMRITA NAYAK
326,AMÉMÉ
327,AN21
328,ANAVITÓRIA
329,AND.ID
330,ANDY SVGE
331,ANNA
332,ANSONBEAN
333,ANUQRAM
334,ANVY
335,ANXZIETY
336,AO Cubo
337,AP Dhillon
338,APEK
339,APOLLYON.
340,AR Paisley
341,AR/CO
342,ARAM Mafia
343,ARIETE
344,ARIUS
345,ARMNHMR
346,ARTBAT
347,ARTHNAMIX
348,ARTY
349,ASCA
350,ASIAN KUNG-FU GENERATION
351,ASM
352,ASMR HD
353,ASMR Rain Sounds
354,ASTN
355,ATB
356,ATEEZ
357,ATFC
358,ATHRS
359,ATLiens
360,ATR
361,ATTLAS
362,ATTOMATIC RECORDS
363,AUGUSTKID
364,AURORA
365,AVIRA
366,AVIWKILA
367,AVOID
368,AViVA
369,AWA
370,AWAY
371,AWOLNATION
372,AXMO
373,AXYL
374,AXYS
375,AYLIVA
376,AYMEN
377,AZ
378,Aadesh Goud
379,Aakanksha Sharma
380,Aalaap Raju
381,Aalvero
382,Aaman Trikha
383,Aamir Khan
384,Aanandi Joshi
385,Aaren Hughes
386,Aaro Wichman
387,Aaron Behrens
388,Aaron Carl
389,Aaron Espe
390,Aaron Gillespie
391,Aaron Kaburick
392,Aaron Karo
393,Aaron Kennedy
394,Aaron Keyes
395,Aaron Kwok
396,Aaron Levy
397,Aaron Lewis
398,Aaron Martin
399,Aaron Pilsan
400,Aaron Richards
401,Aaron Shirk
402,Aaron Shust
403,Aaron Smith
404,Aaron Trinh
405,Aaron Tveit
406,Aaron Watson
407,Aaron Wilburn
408,Aarthos
409,Aaryan Dinesh Kanagaratnam
410,Aaryan Shah
411,Aashim Gulati
412,Aashna Hegde
413,Aastha Gill
414,Aavrutti
415,Aazar
416,AbRaw
417,Ababeel
418,Abandoned
419,Abayomi
420,Abayomy Afrobeat Orquestra
421,Abbath
422,Abbie Adi
423,Abby
424,Abby Cates
425,Abby Vestnys
426,Abdon Mech
427,Abdul Cisse
428,Abdul Hannan
429,Abdullah Kasumbi
430,Abdullah Siddiqui
431,Abel Korzeniowski
432,Abel Pintos
433,Abelation
434,Aberdeen
435,Aberola
436,Abfahrt Hinwil
437,Abhay Deol
438,Abhay Jodhpurkar
439,Abhijeet
440,Abhijeet Srivastava
441,Abhijit Vaghani
442,Abhijith Ravikumar
443,Abhilasha Sinha
444,Abhinash Mishra
445,Abhirami Ajai
446,Abhishek Kapur
447,Abhishek Lal
448,Abhishek Pughazh
449,Abid Brohi
450,Abidaz
451,Abigail Bailey
452,Abigail Barlow
453,Abigail Hodges
454,Abin Fang
455,Abject
456,Aborted
457,Above & Beyond
458,Abraham Boba
459,Abraham Mateo
460,Abram
461,Abrar Ul Haq
462,Abrissgebeat
463,Absent
464,Absofacto
465,Absolute Valentine
466,Abstract
467,Abstract Void
468,Absu
469,Abulon
470,Abyss & Judge
471,Academy of Ancient Music
472,Academy of St Martin in the Fields Chorus
473,Academy of St. Martin in the Fields
474,Academy of St. Martin in the Fields Chamber Ensemble
475,Acadêmicos Do Salgueiro
476,Accept
477,Access to Arasaka
478,Ace Aura
479,Ace Ventura
480,Acerina Y Su Danzonera
481,AcesToAces
482,Aceyalone
483,Achayan
484,Achillea
485,Achint
486,Achu
487,Aché Cubano
488,Acid Arab
489,Acid Ghost
490,Acid Horse
491,Acid Pauli
492,Acil Servis
493,Acnatro
494,Acoustic Covers Culture
495,Acoustic Guitar Collective
496,Acoustic Syndicate
497,AcousticTrench
498,Acranius
499,Acti
500,Action Bronson
501,Activator
502,Actor Siddharth
503,Actress
504,Acústicos & Valvulados
505,Ad Dios
506,Ad-Apt
507,Ada
508,Ada Betsabe
509,Ada Ehi
510,Ada Falcón
511,Ada Zhuang
512,Adalberto Santiago
513,Adalberto Álvarez y su Son
514,Adam Beyer
515,Adam Bryanbaum Wiltzie
516,Adam Calhoun
517,Adam Chanler-Berat
518,Adam Cheng
519,Adam Christopher
520,Adam Driver
521,Adam F
522,Adam Ferrara
523,Adam Freeland
524,Adam French
525,Adam Grupper
526,Adam Guettel
527,Adam Jensen
528,Adam Johnson
529,Adam Lambert
530,Adam Levine
531,Adam Lukas
532,Adam Melchor
533,Adam Mitchell
534,Adam Oh
535,Adam Pascal
536,Adam Plachetka
537,Adam Port
538,Adam Sandler
539,Adam Steffey
540,Adam Ten
541,Adam Turley
542,Adam White
543,Adamlar
544,Adamovich
545,Adan Jodorowsky
546,Adan La Amenaza
547,Adana Twins
548,Adara
549,Adaro
550,Adarsh Rao
551,Adason Lo
552,Adassa
553,Addal
554,Addict.
555,Addie Nicole
556,Addy
557,Adeba
558,Adekunle Gold
559,Adel Poursamadi
560,Adele
561,Adeline Verver
562,Adelitas Way
563,Adelmo Gauna
564,Adem & Murat
565,Adema
566,Aden x Asme
567,Adeva
568,Adhemar De Campos
569,Adhvik
570,Adi Oasis
571,Adiistation
572,Adithya Gopi
573,Adithya RK
574,Aditi Bhavaraju
575,Aditi Sagar
576,Aditi Shankar
577,Aditi Singh Sharma
578,Aditya A
579,Aditya Iyengar
580,Aditya Narayan
581,Aditya Rao
582,Aditya Rikhari
583,Aditya Yadav
584,Adlomusic
585,Admiral P
586,Adnan Sami
587,Ado
588,Adolescent's Orquesta
589,Adolescents
590,Adolphe Adam
591,Adolphson & Falk
592,Adon
593,Adonai
594,Adones
595,Adoniran Barbosa
596,Adonis
597,Adoo
598,Ados
599,Adrenalize
600,Adrian Barba
601,Adrian Chandler
602,Adrian Daniel
603,Adrian Lau
604,Adrian Sherwood
605,Adriana Arydes
606,Adriana Calcanhotto
607,Adriana Partimpim
608,Adriana Proenza
609,Adriana Varela
610,Adriano Luz
611,Adriatique
612,Adriel Flete
613,Adrina Thorpe
614,Adrián Otero
615,Adronity
616,Adryana E A Rapaziada
617,Adso Alejandro
618,Advait
619,Advaita
620,Adventure Club
621,Adventurer
622,Adzmilli
623,Ae:ther
624,Aeoliah
625,Aeolian Kammerchor
626,Aera
627,Aerosmith
628,Aesma Daeva
629,Aesthetic Perfection
630,Aestivum
631,Aether
632,Aevum
633,Aexcit
634,Affect
635,Afgan
636,Afgrund
637,African Children's Choir
638,Africania
639,Afrika 70
640,Afrika Bambaataa
641,Afrika Pratt-Ansa
642,Afro B
643,Afro Bros
644,Afro Nursery Rhymes
645,Afro-X
646,Afrocidade
647,Afrojack
648,Afroman
649,Afrosound Choir
650,Afrostringz
651,Afsal
652,Afsal Thuvoor
653,Afsana Khan
654,After Forever
655,After The Burial
656,AfterU
657,Aftercoma
658,Afternight Vibes
659,Aftershock
660,Against Me!
661,Against The Current
662,Agalloch
663,Agam
664,Agatha
665,Agatha Lee Monn
666,Agathocles
667,Age Of Love
668,Agent K
669,Agents Of Time
670,Agepê
671,Ageu Soares
672,Aggressive
673,Agnaldo Timoteo
674,Agnee
675,Agnes
676,Agnes Chiang
677,Agnes Nunes
678,Agnostic Mountain Gospel Choir
679,Agnus Dei
680,Agora
681,Agoraphobic Nosebleed
682,Agoria
683,Agressor Bunx
684,Agrypnie
685,Agua Mantra
686,Aguanile
687,Agustin Magaldi
688,Agustín Amigó
689,Agustín Barrios Mangoré
690,Agustín Irusta
691,Ah! Mr. Dan
692,Ahee
693,Ahir
694,Ahiyan
695,Ahmad Dhani
696,Ahmad Zahir
697,Ahmed Helmy
698,Ahmed Hussain
699,Ahmed Shakib
700,Ahmet Aslan
701,Ahmet Kilic
702,Ahmoudou Madassane
703,Ahn Trio
704,Ahoora
705,Ahrix
706,Ahsan Javed
707,Ai Milly
708,Ai Shinozaki
709,Aiaya
710,Aida Garifullina
711,Aidan
712,Aidan Bissett
713,Aidan Gemme
714,Aidan Hawken
715,Aidonia
716,Aiko
717,Aikodon
718,Aim
719,Aim To Head
720,Aimee Mann
721,Aimer
722,Aimie Atkinson
723,Aimyon
724,Ainbusk
725,Aine Minogue
726,Air
727,Air Lyndhurst Orchestra
728,Air Lyndhurst String Orchestra
729,Airbase
730,Airborne
731,Airbourne
732,Aires 085
733,Airship Express
734,Airwalk3r
735,Ais Ezhel
736,Aisha Jamiel
737,Aishwarya
738,Aishwarya R Dhanush
739,Aiswarya Khusi
740,Aisyah Aziz
741,Aitana
742,Aitch
743,Aizat Amdan
744,Aizen
745,Ajattara
746,Ajaxx
747,Ajay
748,Ajay Gogavale
749,Ajay Prasanna
750,Ajay Singha
751,Ajay-Atul
752,Ajda Pekkan
753,Ajebutter22
754,Ajesh
755,Ajey Nagar (CarryMinati)
756,Ajit Kadkade
757,Ajja
758,Ajoy Chakrabarty
759,Aju Philip
760,Ak
761,Ak4:20
762,Akademie für Alte Musik Berlin
763,Akalé Wubé
764,Akanksha Bhandari
765,Akanksha Sethi
766,Akari Kito
767,Akashdeep Sengupta
768,Akatu
769,Akcent
770,Akemi Fox
771,Akhil
772,Akhil Sachdeva
773,Akhila
774,Akhtar Chinnal
775,Akin Jensen
776,Akin Yai
777,Akina Nakamori
778,Akira
779,Akira Kosemura
780,Akitsa
781,Ako Mitchell
782,Akon
783,Akora
784,Akriti Kakkar
785,Aksan
786,Akshay Kamat
787,Akshay Kumar
788,Aktive
789,Akull
790,Akuma
791,Akylla
792,Akīn
793,Al B. Sure!
794,Al Di Meola
795,Al Green
796,Al Hirt
797,Al Hoffman
798,Al Hudson
799,Al Madrigal
800,Al Rufian
801,Al Storm
802,Al-Faris
803,Ala Jaza
804,Alabama Shakes
805,Alain Buet
806,Alain Chamfort
807,Alain Goraguer Et Son Orchestre
808,Alain Pérez
809,Alain Vanzo
810,Alan Bibey
811,Alan Cumming
812,Alan D
813,Alan Dixon
814,Alan Evans
815,Alan Fitzpatrick
816,Alan Gilbert
817,Alan Jackson
818,Alan Mallach
819,Alan Menken
820,Alan Pasqua
821,Alan Piz Morán
822,Alan Tam
823,Alan Umstead
824,Alan Walker
825,Alana de Fonseca
826,Alanis Morissette
827,Alanna Ubach
828,Alanzim Coreano
829,Alap Desai
830,Alar
831,Alaska
832,Alaska Y Dinarama
833,Albatraoz
834,Albatross
835,Albers Kuhnhart
836,Albert Au
837,Albert Collins
838,Albert King
839,Albert Neve
840,Albert Pla
841,Albertina
842,Alberto Barros
843,Alberto Castillo
844,Alberto Echagüe
845,Alberto Erede
846,Alberto Gambino
847,Alberto Gomez
848,Alberto Marino
849,Alberto Morán
850,Alberto Podestá
851,Alberto Stylee
852,Alberto Urso
853,Alberto Vazquez
854,Albin Johnsén
855,Albin Lee Meldau
856,Albin Myers
857,Albin Svensson
858,Albita
859,Alborosie
860,Albrecht Mayer
861,Alceo Galliera
862,Alcest
863,Alceu Valença
864,Alcione
865,Alda Célia
866,Aldair Playboy
867,Alditsa Decca Nugraha
868,Aldo Saralegui
869,Ale Sergi
870,AleXa
871,Alec Benjamin
872,Alec Troniq
873,Alee
874,Aleesia
875,Alef
876,Alef High
877,Alegant
878,Alegre All Stars
879,Aleix Aiken Anderson Jané
880,Alejandra Guzman
881,Alejandro Aquino & X-Kantina
882,Alejandro Armes
883,Alejandro Drago
884,Alejandro Escovedo
885,Alejandro Fernández
886,Alejandro González
887,Alejandro Lerner
888,Alejandro Medina
889,Alejandro Sanz
890,Alejandro Vazquez
891,Alejo
892,Alejo Alvarez
893,Alek Olsen
894,Aleks
895,Aleks Syntek
896,Aleksey Ekimov
897,Aleksey Glyzin
898,Aleksy Wysocki
899,Alelock
900,Aleman
901,Alemany
902,Alemão Do Forró
903,Alena Cherny
904,Alesana
905,Alesia
906,Alessandra Amoroso
907,Alessandra Salles
908,Alessandro Corbelli
909,Alessandro Grops
910,Alessandro Neri
911,Alessandro Safina
912,Alessandro Scarlatti
913,Alessandro Simonetto
914,Alessandro Vilas Boas
915,Alessia Cara
916,Alesso
917,Alestorm
918,Alex & Daniel
919,Alex & Sierra
920,Alex Adair
921,Alex Aiono
922,Alex Albino
923,Alex Alexander
924,Alex Anwandter
925,Alex Aris
926,Alex Arnout
927,Alex Baker
928,Alex Bassjunkie
929,Alex Bender
930,Alex Brightman
931,Alex Campos
932,Alex Ceesay
933,Alex Chilton
934,Alex Clare
935,Alex Cortiz
936,Alex Cruz
937,Alex Cuba
938,Alex D' Castro
939,Alex D'Castro
940,Alex D'Rosso
941,Alex Dreier
942,Alex Engel
943,Alex Exemption
944,Alex Gaudino
945,Alex Gonzaga
946,Alex Goot
947,Alex Grey
948,Alex Heffes
949,Alex Hepburn
950,Alex Hobson
951,Alex Keeper
952,Alex Kenji
953,Alex Kyza
954,Alex Lacamoire
955,Alex M.O.R.P.H.
956,Alex Maas
957,Alex Malheiros
958,Alex Mills
959,Alex Paterson
960,Alex Peace
961,Alex Preston
962,Alex Schulz
963,Alex Sensation
964,Alex Sevenrings
965,Alex Sirvent
966,Alex Sobre A
967,Alex Soze
968,Alex Spite
969,Alex Stein
970,Alex To
971,Alex Ubago
972,Alex Under
973,Alex Vargas
974,Alex Venegas
975,Alex Wright
976,Alex Zurdo
977,Alex e Alex
978,Alex1
979,AlexKea
980,Alexa Cirri
981,Alexa Harley
982,Alexander Abreu
983,Alexander Alar
984,Alexander Gemignani
985,Alexander Hanson
986,Alexander Hristov
987,Alexander Klaws
988,Alexander Luchs
989,Alexander Melik-Pashayev
990,Alexander Merlin
991,Alexander O'Neal
992,Alexander Pappas
993,Alexander Popov
994,Alexander Rahbari
995,Alexander Tidebrink
996,Alexander Vertinsky
997,Alexandra Badoi
998,Alexandra Koreneva
999,Alexandra Shipp
1000,Alexandra Wilcke
1001,Alexandre Bursztyn
1002,Alexandre Carlo
1003,Alexandre Desplat
1004,Alexandre Pires
1005,Alexandre Silva
1006,Alexandre Tharaud
1007,Alexandrjfk
1008,Alexei Kuzmin
1009,Alexfeer
1010,Alexi Action
1011,Alexi Murdoch
1012,Alexia
1013,Alexia Mathieu
1014,Alexis Donn
1015,Alexis Ffrench
1016,Alexis Jordan
1017,Alexis Kim
1018,Alexis Roberts
1019,Alexis Troy
1020,Alexis y Fido
1021,Alexisonfire
1022,Alextbh
1023,Aleyna Talınlı
1024,Aleyna Tilki
1025,Alf Robertson
1026,Alfaaz
1027,Alfie Boe
1028,Alfie Templeman
1029,Alfons Kontarsky
1030,Alfonso Herrera
1031,Alfonso Pahino
1032,Alfred Brendel
1033,Alfred Carcieri
1034,Alfred Heinrichs
1035,Alfred Hui
1036,Alfred Janders
1037,Alfred Walter
1038,Alfredo Catalani
1039,Alfredo De Angelis
1040,Alfredo Gobbi
1041,Alfredo Kraus
1042,Ali Arutan
1043,Ali Azmat
1044,Ali B
1045,Ali Bakgor
1046,Ali Farka Touré
1047,Ali Fisch
1048,Ali Gatie
1049,Ali Katı
1050,Ali Love
1051,Ali Meydanioğlu
1052,Ali Ostovar
1053,Ali Phi
1054,Ali Quli Mirza
1055,Ali Sasha
1056,Ali Siddiq
1057,Ali Zafar
1058,Alibi
1059,Alicai Harley
1060,Alice B
1061,Alice Babs
1062,Alice Berg
1063,Alice Cooper
1064,Alice Gasson
1065,Alice Gold
1066,Alice Guél
1067,Alice In Chains
1068,Alice Lee
1069,Alice Phoebe Lou
1070,Alice Ripley
1071,Alice Russell
1072,Alice Sara Ott
1073,Alicia Campbell
1074,Alicia Keys
1075,Alicia Mv
1076,Alicia de Larrocha
1077,Alida
1078,Alida Sørby
1079,Alien Ant Farm
1080,Alien Sex Fiend
1081,Alien8ed
1082,Alif
1083,Alif Tree
1084,Alignment
1085,Alika
1086,Alina Renae
1087,Alina W.
1088,Aline
1089,Aline Barros
1090,Alinka
1091,Alireza Mashayekhi
1092,Alisa Burket
1093,Alisha Chinai
1094,Alisha Thomas
1095,Alison Alty
1096,Alison Balsom
1097,Alison Brown
1098,Alison Goldfrapp
1099,Alison Krauss
1100,Alison Krauss & Union Station
1101,Alison May
1102,Alison Moyet
1103,Alison Wonderland
1104,Alistair Brammer
1105,Alix Korey
1106,Alix Perez
1107,Alka Yagnik
1108,Alkaline
1109,Alkehol
1110,Alkpote
1111,All 4 Kids
1112,All About Eve
1113,All Angels
1114,All Good Things
1115,All In One
1116,All Ok
1117,All Shook Up Ensemble
1118,All Sons & Daughters
1119,All That Remains
1120,All Time Low
1121,Alla Bayanova
1122,Allame
1123,Allan Furtado
1124,Allan Holdsworth
1125,Allan Soderbergh
1126,Allan Wilson
1127,Alle Farben
1128,Allen Haley
1129,Allen High School Symphony Orchestra
1130,Allen Toussaint
1131,Allen Watts
1132,Allessa
1133,Alligatoah
1134,Allisa Rose
1135,Allison
1136,Allison Ponthier
1137,Allman Brothers Band
1138,Allman Brown
1139,Allo Darlin'
1140,Ally Brooke
1141,Allyawan
1142,Alma Rasta
1143,Almafuerte
1144,Almanac
1145,Almeyda
1146,Almighty
1147,Almir
1148,Almir Bezerra
1149,Almir Guineto
1150,Almir Sater
1151,Almklausi
1152,Almo X
1153,Almério
1154,Alna
1155,Aloe Blacc
1156,Alogte Oho & His Sounds of Joy
1157,Alok
1158,Aloma Steele
1159,Alon
1160,Alondra Bentley
1161,Alone At Last
1162,Alonzo
1163,Alonzo Bodden
1164,Aloys Kontarsky
1165,Alpha
1166,Alpha Blondy
1167,Alpha Portal
1168,Alpha Wann
1169,Alpha Wolf
1170,Alphaville
1171,Alphawezen
1172,Alphaxone
1173,Alpha²
1174,Alphonse Puthren
1175,Alpines
1176,Alptam
1177,Alquimia La Sonora Del XXI
1178,Alrahim Wright III
1179,Alt Bloom
1180,Altamash Faridi
1181,Altamira
1182,Alter Bridge
1183,Alter Egosz
1184,Altero
1185,Althaír & Alexandre
1186,Althea And Donna
1187,Altijd Larstig & Rob Gasd'rop
1188,Alto contraste
1189,Aluado
1190,Alugiana
1191,AlunaGeorge
1192,Alvaro Diaz
1193,Alvaro Rod
1194,Alvaro Soler
1195,Alves
1196,Alvin & The Chipmunks
1197,Alvin Lee
1198,Alvino Rey
1199,Alvize Fantacone
1200,Always Never
1201,Alwin Raju
1202,Alxander Timchenko
1203,Aly & Fila
1204,Alyse Alan Louis
1205,Alyssa Mendonsa
1206,Alyssa Palmer
1207,Além do Véu
1208,Aléna Watters
1209,Aléxia França
1210,AmPm
1211,Amaal Mallik
1212,Amaarae
1213,Amada
1214,Amado Batista
1215,Amadou & Mariam
1216,Amaia
1217,Amaia Montero
1218,Amal Antony Agustin
1219,Amal Jose
1220,Amalie Malling
1221,Amanajé Sound System
1222,Amanda Collis
1223,Amanda Cook
1224,Amanda Ferrari
1225,Amanda Ginsburg
1226,Amanda Holden
1227,Amanda Jenssen
1228,Amanda Loyola
1229,Amanda Reifer
1230,Amanda Wanessa
1231,Amanda Wilson
1232,Amanda Zamolo
1233,Amandeep Singh
1234,Amantej Hundal
1235,Amar
1236,Amar Arshi
1237,Amar Jalal
1238,Amar Noorie
1239,Amar Sandhu
1240,Amar Sangam
1241,Amaral
1242,Amaranthe
1243,Amari
1244,Amaro Freitas
1245,Amartya Bobo Rahut
1246,Amatsuki
1247,Amaury Gutiérrez
1248,Amaury Vassili
1249,Amaya Hnos
1250,Amb
1251,Amba Shepherd
1252,Ambassador Inc
1253,Ambeon
1254,Amber
1255,Amber Coffman
1256,Amber Efe
1257,Amber Jolene
1258,Amber Leigh Irish
1259,Amber Mark
1260,Amber Run
1261,Amber Van Day
1262,Ambient Nature White Noise
1263,Ambient Rain
1264,Ambiente
1265,Ambrosian Opera Chorus
1266,Amduscia
1267,Amebix
1268,Amel Bent
1269,Amelia Magdalena
1270,Amelie Lens
1271,Amelinha
1272,Amelita Baltar
1273,Amenazzy
1274,America
1275,American Authors
1276,American Football
1277,American Head Charge
1278,American Song Contest
1279,American Theatre Orchestra
1280,Ametsub
1281,Ami Mishra
1282,Ami Warning
1283,Amidy
1284,Amilcar Boscan
1285,Amilcare Ponchielli
1286,Amindi
1287,Amir
1288,Amir Obe
1289,Amira
1290,Amira Willighagen
1291,Amirhosein Allah Yari
1292,Amistades Peligrosas
1293,Amit Kumar
1294,Amit Mishra
1295,Amit Trivedi
1296,Amitabh Bhattacharya
1297,Amjad Nadeem
1298,Ammy Virk
1299,Amnesys
1300,Amon Amarth
1301,Amon Tobin
1302,Amor de la luna
1303,Amores Tangos
1304,Amorf
1305,Amorphis
1306,Amorphous
1307,Amos Lee
1308,Amos Paul
1309,Amp Dog Knight
1310,Amparanoia
1311,Amplexos
1312,Amplify
1313,Amrit Maan
1314,Amrita Kak
1315,Amrita Singh
1316,Amritha Suresh
1317,Amsie Brown
1318,Amsterdam Sinfonietta
1319,Amy Adams
1320,Amy Burgess
1321,Amy Dickson
1322,Amy Lee
1323,Amy Liz
1324,Amy Macdonald
1325,Amy Millan
1326,Amy Samu
1327,Amy Shark
1328,Amy Spanger
1329,Amy Stroup
1330,Amy Wadge
1331,Amy Winehouse
1332,Amyss
1333,An On Bast
1334,AnGy KoRe
1335,Ana & Sven
1336,Ana Belén
1337,Ana Carolina
1338,Ana Cirré
1339,Ana Diaz
1340,Ana Encarnação
1341,Ana Gabriela
1342,Ana Guerra
1343,Ana Isabelle
1344,Ana Lúcia
1345,Ana Mena
1346,Ana Milva Gomes
1347,Ana Milva Gomez
1348,Ana Paula Valadão
1349,Ana Tijoux
1350,Ana Torroja
1351,Ana Velasco
1352,Ana Vilela
1353,Ana Villafañe
1354,Anaal Nathrakh
1355,Anabantha
1356,Anabel Englund
1357,Anagramma
1358,Anahí
1359,Anaida Ancil
1360,Anakim
1361,Anal Cunt
1362,Anal Vomit
1363,Analaga
1364,Analise Scarpaci
1365,Analog Context
1366,Analog Sunset
1367,Analy
1368,Anand Bakshi
1369,Anand Bhaskar Collective
1370,Anand Raj Anand
1371,Anand-Milind
1372,Anandraj Benjamin Paul
1373,Ananthakrrishnan
1374,Ananthu
1375,Ananya Bhat
1376,Ananya Chakraborty
1377,Anarbor
1378,Anarcute
1379,Anarkia Tropikal
1380,Anas
1381,Anastasia Barzee
1382,Anathema
1383,Anatol Ugorski
1384,Anatole Fistoulari
1385,Anatoliy Aleksandrovich
1386,Anatony Chmerev
1387,Anaïs Delva
1388,Anaïs Mitchell
1389,Anberlin
1390,Anchietx
1391,Ancient Astronauts
1392,Ancient Bards
1393,And One
1394,Andain
1395,Andando Descalzo
1396,Anddy Caicedo
1397,Anderex
1398,Anders Aldgård
1399,Anders Bye
1400,Anders Glenmark
1401,Anders Hatlo
1402,Anders Matthesen
1403,Anders Soldh
1404,Anderson & Vei da Pisadinha
1405,Anderson .Paak
1406,Anderson East
1407,Anderson Freire
1408,Anderson Neiff
1409,Anderson Rangel
1410,Andi & Dörk
1411,Andi Cakcak
1412,Andi Kiss
1413,Andi Latte
1414,Andi Smith
1415,Andien
1416,Andra Day
1417,Andre
1418,Andre Longo
1419,Andre Salmon
1420,Andre de Ridder
1421,AndrePlusPlus
1422,Andrea
1423,Andrea Binotto
1424,Andrea Bocelli
1425,Andrea Burns
1426,Andrea Fontes
1427,Andrea Griminelli
1428,Andrea Jeremiah
1429,Andrea Martins
1430,Andrea Monet
1431,Andrea Monta
1432,Andrea Roma
1433,Andreas Bieber
1434,Andreas Borkental
1435,Andreas Dalvik
1436,Andreas Fulterer
1437,Andreas Gabalier
1438,Andreas Kisser
1439,Andreas Lawo
1440,Andreas Lindenbaum
1441,Andreas Ottensamer
1442,Andreas Röhn
1443,Andreas Scholl
1444,Andreas Spechtl
1445,Andreas Utnem
1446,Andreas Vollenweider
1447,Andreea D
1448,Andrei Chagas
1449,Andrelli
1450,Andres
1451,Andres Ciro
1452,Andres Nusser
1453,Andrew Ashong
1454,Andrew Baena
1455,Andrew Bayer
1456,Andrew Belle
1457,Andrew Bird
1458,Andrew Call
1459,Andrew Cekala
1460,Andrew Foy
1461,Andrew Garfield
1462,Andrew Gold
1463,Andrew Jackson
1464,Andrew Keenan-Bolger
1465,Andrew Lloyd Webber
1466,Andrew Marlin
1467,Andrew McMahon in the Wilderness
1468,Andrew Mogrelia
1469,Andrew Norelli
1470,Andrew Orvedahl
1471,Andrew Rayel
1472,Andrew Ripp
1473,Andrew Tan
1474,Andrew W.K.
1475,Andrew Wan
1476,Andrew Zink
1477,Andrews Right
1478,Andrey Semjonov
1479,Andreya Triana
1480,Andrez Babii
1481,Andri Hart
1482,Andris Nelsons
1483,Andriya
1484,Andro
1485,Androma
1486,Andromedik
1487,Andromida
1488,Andry Kiddos
1489,Andrzej Cieplinski
1490,Andrzej Piaseczny
1491,Andrzej Zaucha
1492,András Schiff
1493,André 3000
1494,André Aquino
1495,André Bauer
1496,André De Shields
1497,André Freitas
1498,André Galluzzi
1499,André Gonzales
1500,André Laplante
1501,André Leono
1502,André Previn
1503,André Renato
1504,André Rieu
1505,André Sobota
1506,André Stade
1507,André Valadão
1508,André Ward
1509,André e Felipe
1510,Andrés
1511,Andrés Calamaro
1512,Andrés Dvicio
1513,Andrés Linetzky
1514,Andrés Torres
1515,Andy & Lucas
1516,Andy Bar
1517,Andy Barlow
1518,Andy C
1519,Andy Clay
1520,Andy El Unico
1521,Andy Gibb
1522,Andy Grammer
1523,Andy Griffith
1524,Andy Grotelueschen
1525,Andy Hendrickson
1526,Andy Hui
1527,Andy Judge
1528,Andy Karl
1529,Andy Lau
1530,Andy Luxx
1531,Andy McKee
1532,Andy Mineo
1533,Andy Montañez
1534,Andy Moor
1535,Andy Morris
1536,Andy Parsons
1537,Andy Sandford
1538,Andy Stott
1539,Andy Tallent
1540,Andy Thorn
1541,Andy Vibes
1542,Andy Z
1543,Andy the Core
1544,Ane
1545,Ane Alma
1546,Ane Brun
1547,Aneesh Gera
1548,Aneeta Beat
1549,Anenon
1550,Anette
1551,Anex Kurian
1552,Anfisa Letyago
1553,Angara
1554,Angband
1555,Angel Alanis
1556,Angel Canales
1557,Angel D'Agostino
1558,Angel Parra Trio
1559,Angel Reda
1560,Angel Taylor
1561,Angel Y Khriz
1562,Angela Aloy
1563,Angela Cartwright
1564,Angela Chang
1565,Angela Gheorghiu
1566,Angela Lansbury
1567,Angela McCluskey
1568,Angela Ro Ro
1569,Angelica Maria
1570,Angelina Cruz
1571,Angelina Reaux
1572,Angelique Kidjo
1573,Angelmaker
1574,Angelo Ferreri
1575,Angelo Garcia
1576,Angeloh
1577,Angelos
1578,Angelos Angelides
1579,Angelov
1580,Angels & Airwaves
1581,Angels of Liberty
1582,Angelspit
1583,Angemi
1584,Angerfist
1585,Angger Dimas
1586,Anggun
1587,Angie Brown
1588,Angie Schworer
1589,Angola
1590,Angrrsth
1591,Angry Johnny and the Killbillies
1592,Angst Pop
1593,Angus & Julia Stone
1594,Anibal Kerpel
1595,Anibal Troilo y su orquesta
1596,Anibal Velasquez
1597,Anika
1598,Anika Larsen
1599,Anika Moa
1600,Anikdote
1601,Anil Adoor
1602,Anil Raveendran
1603,Anila Mirela
1604,Animadrop
1605,Animal
1606,Animal Trainer
1607,Animal and Bird Songs
1608,Animato
1609,Anime
1610,Anime Piano Dreamers
1611,Animelmack
1612,Animotion
1613,Anindya Chatterjee
1614,Anirban Saha
1615,Anirudh Ravichander
1616,Anirudh Sharma
1617,Anis Don Demina
1618,Anisadh
1619,Anita
1620,Anita Baker
1621,Anita Fajardo
1622,Anita Kerr Singers
1623,Anita Meyer
1624,Anita Mui
1625,Anita Wilson
1626,Anitha Karthikeyan
1627,Anitta
1628,Anivee
1629,Anja Schneider
1630,Anjelah Johnson
1631,Anjolie Anna Eapen
1632,Anju Abraham
1633,Anju Blaxx
1634,Anju Joseph
1635,Ankit Sharda
1636,Ankit Tiwari
1637,Ankita Barwad
1638,Ankita Kundu
1639,Ankle Grease
1640,Anklebreaker
1641,Ankur Tewari
1642,Anly
1643,Anmol Malik
1644,Ann Bai
1645,Ann Clue
1646,Ann Harada
1647,Ann Pearson
1648,Ann Reinking
1649,Ann Saunderson
1650,Ann Sweeten
1651,Ann Wilson
1652,Anna Asbury
1653,Anna Buturlina
1654,Anna Clendening
1655,Anna Clyne
1656,Anna Eriksson
1657,Anna Golden
1658,Anna Grey
1659,Anna Hamilton
1660,Anna Hertzman
1661,Anna Jurksztowicz
1662,Anna Kathrina
1663,Anna Kitkowska
1664,Anna Kurian
1665,Anna Landström
1666,Anna Luisa
1667,Anna Maria Jopek
1668,Anna Maria Kaufmann
1669,Anna Moffo
1670,Anna Naklab
1671,Anna Nalick
1672,Anna Netrebko
1673,Anna Rickards
1674,Anna Rose & Amanda
1675,Anna Stadling
1676,Anna Straker
1677,Anna Ternheim
1678,Anna Yvette
1679,Anna of the North
1680,Anna-Maria Zimmermann
1681,Anna-Sophia Henry
1682,Annabel
1683,Annabelle Kralisch
1684,Annakutty
1685,Annaleigh Ashford
1686,Annalisa
1687,Anne Amie
1688,Anne Kihlstrom
1689,Anne Kirkpatrick
1690,Anne Queffélec
1691,Anne Sofie von Otter
1692,Anne Trenning
1693,Anne Vallayer
1694,Anne Wilson
1695,Anne-James Chaton
1696,Anne-Marie
1697,Anne-Sophie Mutter
1698,Anneliese Rothenberger
1699,Annelise Cepero
1700,Annemieke van Dam
1701,AnnenMayKantereit
1702,Annette Cantor
1703,Anni B Sweet
1704,Anni Kajos
1705,Annie Get Your Gun - 1999 Broadway Cast
1706,Annie Lennox
1707,Annie Schindel
1708,Annihilator
1709,Annika Herlitz
1710,Annika Wells
1711,Annisokay
1712,Annix
1713,Annural Khalid
1714,Anny
1715,Anomalie
1716,Anonimus
1717,Anonymous Dubs
1718,Anoop Shankar
1719,Anoraak
1720,Anoushbard
1721,Anoushka Maskey
1722,Anoushka Shankar
1723,Ansar.
1724,Ansel Collins
1725,Anshuman Sharma
1726,Ansiktet
1727,Anson Seabra
1728,Anstandslos & Durchgeknallt
1729,Ant Saunders
1730,Antal Doráti
1731,Antara Mitra
1732,Antara Nandy
1733,Ante Perry
1734,Antennaah
1735,Anthony B
1736,Anthony Broughton
1737,Anthony Camden
1738,Anthony Colon
1739,Anthony Daasan
1740,Anthony De Mare
1741,Anthony Gonzalez
1742,Anthony Green
1743,Anthony Hamilton
1744,Anthony Inglis
1745,Anthony Keyrouz
1746,Anthony Lazaro
1747,Anthony Nicholson
1748,Anthony Ramos
1749,Anthony Rapp
1750,Anthony Rooley
1751,Anthony Rother
1752,Anthony Russo
1753,Anthony Santos
1754,Anthony Shakir
1755,Anthony Weeden
1756,Anthony Wong
1757,Anthrax
1758,Anthropological
1759,Anti & Ratok
1760,Antibalas
1761,Antichrist Siege Machine
1762,Antidoping
1763,Antifuchs
1764,Antigama
1765,Antillas
1766,Antinomy
1767,Anton Ishutin
1768,Anton Mittermayr
1769,Anton Powers
1770,Anton Steck
1771,Antonello Leofreddi
1772,Antonia Bennett
1773,Antonia Fahberg
1774,Antonino Votto
1775,Antonio Agri
1776,Antonio Biribiesca
1777,Antonio Bribiesca
1778,Antonio Caldara
1779,Antonio Carlos & Jocafi
1780,Antonio Carmona
1781,Antonio Cartagena
1782,Antonio Cirilo
1783,Antonio Garcia Isaac
1784,Antonio Jesús Asiáin Sanz
1785,Antonio José
1786,Antonio Marcenò
1787,Antonio Orozco
1788,Antonio Pappano
1789,"Antonio Rayo ""Rayito"""
1790,Antonio Sol
1791,Antonio Tarragó Ros
1792,Antonio Vega
1793,Antonio Vivaldi
1794,Antonio y Joel Con Labranza
1795,Antonis Kalogiannis
1796,Antony & Gabriel
1797,Antony Genn
1798,Antonín Dvořák
1799,Antra Mitra
1800,Antti L.j. Pääkkönen
1801,Antti Paakkonen
1802,Antuan
1803,Antônio Carlos Jobim
1804,Anu Malik
1805,Anuel AA
1806,Anugrah
1807,Anumita Nadesan
1808,Anupam Amod
1809,Anupam Mukherjee
1810,Anupam Roy
1811,Anupma Mishra
1812,Anuradha
1813,Anuradha Paudwal
1814,Anuradha Sriram
1815,Anurag Kulkarni
1816,Anurag Saikia
1817,Anurag Vashisht
1818,Anushka Manchanda
1819,Anuv Jain
1820,Anvita Dutt
1821,Anvita Dutt Guptan
1822,Anxiety Attacks!
1823,Anxious
1824,Any Given Day
1825,Anya Marina
1826,Anyma
1827,Anything Goes Ensemble (1987)
1828,Anz
1829,Aníbal Arias
1830,Aníbal Troilo
1831,Aníbal Troilo Y Su Orquesta Típica
1832,Anıl Durmuş
1833,Anıl Emre Daldal
1834,Anıl Piyancı
1835,Aodhan King
1836,Aoi Teshima
1837,Aoife O'Donovan
1838,Aoki Takamasa
1839,Aonikenk
1840,Apache Indian
1841,Aparde
1842,Aparna Harikumar
1843,Aparna Sathyan
1844,Apartment 213
1845,Apaztron
1846,Ape Drums
1847,Apech
1848,Apes of the State
1849,Apex
1850,Aphex Twin
1851,Aphrodite
1852,Aphrodite's Child
1853,Apocalyptica
1854,Apollo 440
1855,Apollo Fresh
1856,Apollo Jane
1857,Apollo Voices
1858,Apoorva Sreejith
1859,Apoptygma Berzerk
1860,Appalachian Express
1861,Appalachian Road Show
1862,Apparat
1863,April Baxter
1864,April Bender
1865,Apzi
1866,Aqua Timez
1867,Aquagen
1868,Aqualung
1869,Aquasky
1870,Aquasky Vs Masterblaster
1871,Aquatica
1872,Aquilo
1873,Ara Ketu
1874,Aradia Ensemble
1875,Arash
1876,Arash Azadi
1877,Arash Pandi
1878,Arc North
1879,Arca
1880,Arcado
1881,Arcando
1882,Arcane
1883,Arcangel
1884,Arcangelo Corelli
1885,Arch Enemy
1886,Archagathus
1887,Archaik
1888,Archana Mohan Iyer
1889,Archana Padhi
1890,Archila
1891,Archit Anand
1892,Architechs
1893,Architects
1894,Architecture In Helsinki
1895,Archive
1896,Archspire
1897,Arckanum
1898,Arctic Lake
1899,Arctic Monkeys
1900,Arcturus
1901,Arda Gezer
1902,Arden Jones
1903,Ardhito Pramono
1904,Ardian Bujupi
1905,Ardiansyah Darmawangsa
1906,Ardyn
1907,Area 11
1908,Arek Kopaczewski
1909,Arem Ozguc
1910,Arena Louvor
1911,Ares Trio
1912,Aretha Franklin
1913,Argentino Ledesma
1914,Argentino Luna
1915,Argy
1916,Ari
1917,Ari Koivunen
1918,Ari Shaffir
1919,Aria
1920,Ariana DeBose
1921,Ariana Grande
1922,Arianna Rosario
1923,Arianne
1924,Aribo
1925,Ariel Ardit
1926,Ariel Donato
1927,Ariel Pink
1928,Ariel Ramírez
1929,Aries
1930,Arif Cooper
1931,Arijit Anand
1932,Arijit Singh
1933,Aril Brikha
1934,Arild Aas
1935,Arin Ray
1936,Arinity
1937,Arinn
1938,Arioso Quartett Wien
1939,Arivu
1940,Ariza
1941,Arja Saijonmaa
1942,Arjan Dhillon
1943,Arjan virk
1944,Arjon Oostrom
1945,Arjun
1946,Arjun Kanungo
1947,Ark Patrol
1948,Arkadiy Pogodin
1949,Arkana
1950,Arkania
1951,Arkano
1952,Arko
1953,Arkona
1954,Arlindinho
1955,Arlindo Cruz
1956,Arlington High School Philharmonia Strings
1957,Arlissa
1958,Arm In Arm
1959,Arma Blanca
1960,Armaan Malik
1961,Armaja
1962,Arman Aydin
1963,Arman Cekin
1964,Armand Amar
1965,Armand Van Helden
1966,Armandinho
1967,Armando
1968,Armando Filho
1969,Armando Garmendi
1970,Armando Gatto
1971,Armando Laborde
1972,Armando Moreno
1973,Armando Pontier
1974,Armando Pontier y su Orquesta
1975,Armando Pontier y su Orquesta Tipica
1976,Armani White
1977,Armanii
1978,Armağan Oruç
1979,Armen Miran
1980,Armin van Buuren
1981,Armor For Sleep
1982,Armored Dawn
1983,Arnab Dutta
1984,Arnaldo Antunes
1985,Arne Qvick
1986,Arnez J
1987,Arno
1988,Arnold Kasar
1989,Arnold Moreno
1990,Arnold Schoenberg Chor
1991,Arnold Schönberg Choir
1992,Arnór Dan
1993,Arohi Mhatre
1994,Aromal Chekaver
1995,Aron Edwards
1996,Aron Wright
1997,AronChupa
1998,Arooj Aftab
1999,Arovane
2000,Arpita Chatterjee
2001,Arranged By
2002,Arrebato
2003,Arrested Youth
2004,Arrhult
2005,Arrol Corelli
2006,Arsames
2007,Arsenale Sonoro
2008,Arsonists Get All The Girls
2009,Art Brut
2010,Art Farmer
2011,Art Frequency
2012,Art Of Fighters
2013,Art Popular
2014,Art Taylor
2015,ArtSaves
2016,Artcell
2017,Artche
2018,Arte Elegante
2019,Artefuckt
2020,Arthur Callazans
2021,Arthur Fiedler
2022,Arthur Grumiaux
2023,Arthur Henrique
2024,Arthur Miguel
2025,Artic
2026,Artie Lange
2027,Artifact
2028,Artifacts
2029,Artificial Intelligence
2030,Artists for Puerto Rico
2031,Artur Zmijewski
2032,Arturo Basile
2033,Arturo Benedetti Michelangeli
2034,Arturo Sandoval
2035,Artwork Sounds
2036,Artz
2037,Arude
2038,Aruman
2039,Arun
2040,Arun Gopan
2041,Arun Muraleedharan
2042,Arunraja Kamaraj
2043,Aruyah Shan
2044,Arvid Holst
2045,Arvid Lundquist
2046,Arvid Nero
2047,Arvind KP
2048,Arvind Raj
2049,Arvingarna
2050,Arvnd
2051,Arvo Pärt
2052,Arya Dhayal
2053,Arya Prakash
2054,Aryan Sharma
2055,Arz
2056,As Baías
2057,As Ganhadeiras de Itapuã
2058,As I Lay Dying
2059,Asadjohn
2060,Asake
2061,Asal Kolaar
2062,Asami Tachibana
2063,Asaph
2064,Asaph Borba
2065,Asas Livres
2066,Asdrubar
2067,Ase Manual
2068,Aseem
2069,Aseema Panda
2070,Asees Kaur
2071,Asef Akbari
2072,Asena
2073,Asep Balon
2074,Asgard
2075,Ash
2076,Ash Code
2077,Ash Costello
2078,Ash King
2079,Ash Koosha
2080,Asha
2081,Asha Bhosle
2082,Asha Elia
2083,Ashal S
2084,Ashanti
2085,Ashbury Heights
2086,Ashe
2087,Asher
2088,Ashes Of Soma
2089,Ashes Remain
2090,Asheville Symphony
2091,Ashh
2092,Ashic Arun
2093,Ashika Ranganath
2094,Ashin Chen
2095,Ashira
2096,Ashish Kulkarni
2097,Ashish Singh Rawat
2098,Ashish Zachariah
2099,Ashkan Kagan
2100,Ashland
2101,Ashley Alisha
2102,Ashley Drake
2103,Ashley Kutcher
2104,Ashley McBryde
2105,Ashley Monroe
2106,Ashley Park
2107,Ashley Slater
2108,Ashley Wallbridge
2109,Ashnikko
2110,Ashoo
2111,Ashton Woerz
2112,Ashu Shukla
2113,Ashwathy Krishnakumar
2114,Ashwin Adwani
2115,Ashwin Renju
2116,Asia
2117,Asia 2001
2118,Asiaboy 禁藥王 ＆ Lizi 栗子
2119,Asil Slang
2120,Asim Azhar
2121,Asima Panda
2122,Aska Pratama
2123,Aska Yang
2124,Asking Alexandria
2125,Aslam Abdul Majeed
2126,Asli GOLD
2127,Asphalt Anton
2128,Aspirador
2129,Aspova
2130,Aspyer
2131,Asrar
2132,Assagai
2133,Assassin's Creed
2134,Assemblage 23
2135,Assia
2136,Asspera
2137,Asta Kask
2138,Astonvilla
2139,Astor Piazzolla
2140,Astor Piazzolla Y Su Conjunto 9
2141,Astor Piazzolla Y Su Quinteto
2142,Astral Projection
2143,Astrality
2144,Astrallbass
2145,Astraye
2146,Astrid Jones
2147,Astrid S
2148,Astrid Sky
2149,Astrid Varnay
2150,Astrix
2151,Astro Bunny
2152,Astronoid
2153,Astrud Gilberto
2154,Astrus*
2155,Astyle Alive
2156,Astúlio Nunes
2157,Asu Maralman
2158,Asya
2159,At The Gates
2160,At17
2161,Ata Ebtekar
2162,Atari Teenage Riot
2163,AtariJones
2164,Ataxia
2165,Atención Atención
2166,Atentado Napalm
2167,Atharva Sanjay Joshi
2168,Athena
2169,Athira Janakan
2170,Ati242
2171,Atif Aslam
2172,Atilio Stampone y su Orquesta Tipica
2173,AtituD
2174,Atitude 67
2175,Atjazz
2176,Atlanta Rhythm Section
2177,Atlantic Starr
2178,Atli Örvarsson
2179,Atmosphere Asmr
2180,Atmozfears
2181,Atom Kobayashi
2182,Atomic Pulse
2183,Atomirotta
2184,Atour
2185,Atreyu
2186,Atria
2187,Atrocity
2188,Atsuko Takezawa
2189,Atta Isaacs
2190,Attaque 77
2191,Atteev
2192,Attila
2193,Attom
2194,Atul Sharma
2195,Atul Thomas Joy
2196,Au/Ra
2197,Au5
2198,Audien
2199,Audio
2200,Audio Avenues
2201,Audio Bullys
2202,Audiofreq
2203,Audion
2204,Audioscribe
2205,Audioslave
2206,Audiosonic
2207,Audiotricz
2208,Audra McDonald
2209,Audrey Assad
2210,Audrey Mika
2211,Audrey Williams
2212,Audy
2213,August
2214,August Alsina
2215,August Burns Red
2216,August D. Valentine
2217,August Flendahl
2218,Augustana
2219,Augustus Pablo
2220,Augustín Magaldi
2221,Aukai
2222,Auli'i Cravalho
2223,Auntie Sally
2224,Aunty Donna
2225,Aura Vortex
2226,Auram
2227,Aurelina Dourado
2228,Aurora
2229,Aurora Orchestra
2230,Aurora Rules
2231,Aurélie
2232,Austin Basham
2233,Austin George
2234,Austin Jenckes
2235,Austin Leeds
2236,Austin Mahone
2237,Austin Millz
2238,Austin Plaine
2239,Australian Chamber Orchestra
2240,Austyn Johnson
2241,Autechre
2242,Authen
2243,Authority Zero
2244,Autodidakt
2245,Autograf
2246,Automatic Tasty
2247,Autopsy
2248,Autoramas
2249,Autrey
2250,Aux 88
2251,Auztin Pauers
2252,Ava
2253,Ava Asante
2254,Ava Decker
2255,Ava Max
2256,Ava Silver
2257,Avail Hollywood
2258,Avalanch
2259,Avalon
2260,Avancada
2261,Avantasia
2262,Avanti Nagral
2263,Avatar
2264,Avaxx
2265,Avenged Sevenfold
2266,Aventura
2267,Avernal
2268,Aversion
2269,Aversions Crown
2270,Avery Anna
2271,Avery Storm
2272,Avhath
2273,Avi Avital
2274,Avial
2275,Aviana
2276,Avicii
2277,Aviella
2278,Avine Vinny
2279,Avion
2280,Aviões do Forró
2281,Avneet Kaur
2282,Avneet Khurmi
2283,Avoure
2284,Avril Smith
2285,Avrosse
2286,Avslappning Sound
2287,Avslut
2288,AwKarin
2289,Awaken I Am
2290,Awakend
2291,Axel Bauer
2292,Axel Cooper
2293,Axel Fischer
2294,Axel Flóvent
2295,Axel Gillison
2296,Axel Johansson
2297,Axel Thesleff
2298,Axero
2299,Axis Of Despair
2300,Axix
2301,Axolotes Mexicanos
2302,Axonn
2303,Axwell
2304,Axwell /\ Ingrosso
2305,Aya Hirano
2306,Aya Ingrid Alber
2307,Aya Nakamura
2308,Ayah Marar
2309,Ayak
2310,Ayaka Hirahara
2311,Ayano Kaneko
2312,Ayben
2313,Ayden
2314,Aydilge
2315,Ayesha Darbar
2316,Ayisha Abdul Basith
2317,Ayla
2318,Ayla Algan
2319,Ayla Dikmen
2320,Ayleen Valentine
2321,Aylin Aslım
2322,Aymará
2323,Ayna
2324,Ayo Jay
2325,Ayo97
2326,Ayria
2327,Aysha Mathis
2328,Ayten Alpman
2329,Ayumikurikamaki
2330,Ayush Panda
2331,Ayushi Pani
2332,Ayushmann Khurrana
2333,AyyLeek
2334,Azaad
2335,Azaan Sami Khan
2336,Azap HG
2337,Azarel
2338,Azat Gimadeev
2339,Azax
2340,Azedia
2341,Azee
2342,Azekel
2343,Azevedo
2344,Azhirock
2345,Azooma
2346,Azora Chin
2347,Aztec Camera
2348,Azteck
2349,Azucar Moreno
2350,Azucar Negra
2351,Azucena Maizani
2352,Azulhema
2353,Azuquita Y Su Orquesta Melao
2354,Azur
2355,Azurenity
2356,Azuria Sky
2357,Azzy
2358,Ağaçkakan
2359,Aşkın Nur Yengi
2360,Aşık Veysel
2361,B Praak
2362,B'z
2363,B-Front
2364,B-Tribe
2365,B-complex
2366,B-qll
2367,B. Ajaneesh Loknath
2368,B.B. Jacques
2369,B.B. King
2370,B.Baby
2371,B.I
2372,B.Slade
2373,B.o.B
2374,B0b
2375,B12
2376,B2A
2377,B3nte
2378,BABYMETAL
2379,BADBADNOTGOOD
2380,BADSISTA
2381,BAEKHYUN
2382,BAIG
2383,BAJOREK
2384,BALLISTIK BOYZ from EXILE TRIBE
2385,BAND JA NAIMON! MAXX NAKAYOSHI
2386,BAND-MAID
2387,BANGERZ
2388,BANKS
2389,BANNERS
2390,BANTU
2391,BARBEE BOYS
2392,BATE
2393,BAYNK
2394,BAZU
2395,BB Brunes
2396,BB Jürgen
2397,BB Team
2398,BBS Paranoicos
2399,BC Araújo
2400,BCN
2401,BCX
2402,BCee
2403,BDK
2404,BEAM
2405,BEATDOMK
2406,BEAUZ
2407,BEC
2408,BEIST
2409,BEKA
2410,BELLSAINT
2411,BENEE
2412,BETWEEN FRIENDS
2413,BF/C
2414,BG
2415,BH
2416,BHZ
2417,BIA
2418,BIBI
2419,BIBIZA
2420,BIGBANG
2421,BIJOU
2422,BILBAO
2423,BIMINI
2424,BIN
2425,BJ Cole
2426,BJ The Chicago Kid
2427,BK
2428,BLACKGRAPES
2429,BLACKPINK
2430,BLIM
2431,BLOND:ISH
2432,BLOOM
2433,BLOSSOM DEARIE
2434,BLOT!
2435,BLUE ENCOUNT
2436,BLVCK CROWZ
2437,BLVKSHP
2438,BLÜ EYES
2439,BMZ
2440,BNXN fka Buju
2441,BNegão
2442,BOL4
2443,BOP
2444,BOXINBOX
2445,BOØWY
2446,BRADIO
2447,BRAMANE
2448,BRAVE
2449,BRAZA
2450,BRDigung
2451,BRELAND
2452,BRIANNA
2453,BROODS
2454,BROX
2455,BRVMES
2456,BRYXON
2457,BT
2458,BTS
2459,BUMP OF CHICKEN
2460,BURNOUT SYNDROMES
2461,BVLACLAVA
2462,BVLVNCE
2463,BVRNOUT
2464,BXTR
2465,BY2
2466,BYOR
2467,BYU Chamber Orchestra
2468,BZB
2469,Baani Sandhu
2470,Baaroot
2471,Baauer
2472,Baba Gnohm
2473,Baba Sehgal
2474,Babasónicos
2475,Babbu Maan
2476,Babe Rainbow
2477,Babert
2478,Babik Reinhardt
2479,Babis Stokas
2480,Babul Supriyo
2481,Baby Blue
2482,Baby Can't Sleep
2483,Baby Do Brasil
2484,Baby Jason
2485,Baby K
2486,Baby Lullaby
2487,Baby Lullaby & Baby Lullaby
2488,Baby Naptime
2489,Baby Queen
2490,Baby Rasta
2491,Baby Rasta & Gringo
2492,Baby Sensory
2493,Baby Shushing
2494,Baby Sleep
2495,Baby Sleep Aid
2496,Baby Sleep Lullaby Academy
2497,Baby Sleep Music
2498,Baby Sleep Music & Sounds Library
2499,Baby Sleep Sounds
2500,"Baby Sleep Sounds, White Noise Therapy"
2501,Baby Sleep Through the Night
2502,Baby Sleep White Noise
2503,Baby Sweet Dream
2504,Baby Swetha
2505,Baby Tate
2506,BabyFirst
2507,BabyJake
2508,Babyboomboom
2509,Babyface
2510,Babyfather
2511,Babywine
2512,Bacao Rhythm & Steel Band
2513,Baccara
2514,Baccara Smart
2515,Bachelors of Science
2516,Bachman-Turner Overdrive
2517,Baciary
2518,Bacilos
2519,Back to Earth
2520,BackRoad Gee
2521,Backdrop Falls
2522,Background Ambiances
2523,Background Appliances
2524,Backstreet Boys
2525,Backstreet Girls
2526,Baco Exu do Blues
2527,Bad Boy Bill
2528,Bad Boy Timz
2529,Bad Boys Blue
2530,Bad Bunny
2531,Bad Cash Quartet
2532,Bad Company
2533,Bad Company UK
2534,Bad Computer
2535,Bad English
2536,Bad Gyal
2537,Bad Livers
2538,Bad Omens
2539,Bad Paris
2540,Bad Wolves
2541,Bad//Dreems
2542,Bad/Love
2543,BadKidMacei
2544,Bade Ghulam Ali Khan
2545,Badem
2546,Baden Powell
2547,Badfinger
2548,Badflower
2549,Badjack
2550,Badkidparis
2551,Badkidz
2552,Badrapper
2553,Badshah
2554,Baen Mow
2555,Baffa-Berlingieri y su Orquesta
2556,Baffa-Berlingieri y su Orquesta Típica
2557,Baflo
2558,Bag Raiders
2559,Bagno
2560,Bagua Records
2561,Bahadır Sağlam
2562,Bahamas
2563,Bahari
2564,Bahiano
2565,Bahramji
2566,Bahramji & Maneesh De Moor
2567,BaianaSystem
2568,Bailey
2569,Bailey Jehl
2570,Bailey Pelkman
2571,Bailey Rushlow
2572,Bailey Zimmerman
2573,Bajka
2574,Bakers Eddy
2575,Bakhova
2576,Bakufu Slump
2577,Bal-Sagoth
2578,Bala
2579,Bala Desejo
2580,Bala da Tropa
2581,"Bala, Bombom e Chocolate"
2582,Balalaika-Ensemble Troika
2583,Balan Kash
2584,Balan Kashmir
2585,Balance And Composure
2586,Balancear
2587,Balanço do Forró
2588,Balbi El Chamako
2589,Balduin
2590,Balek
2591,Balineiro
2592,Balkans
2593,Ballarak
2594,Balmorhea
2595,Balsam Range
2596,Baltic House Orchestra
2597,Baltimora
2598,Bamba Bakya
2599,Bamboo
2600,Bamby
2601,Bananarama
2602,Bananas In Pyjamas
2603,Band Of Skulls
2604,Banda & Voz
2605,Banda A Loba
2606,Banda Autentica de Jerez
2607,Banda Beijo
2608,Banda Bostik
2609,Banda Calypso
2610,Banda Carnaval
2611,Banda Cascavel
2612,Banda Clave Nueva
2613,Banda Cuisillos
2614,Banda El Recodo
2615,Banda Eva
2616,Banda Giom
2617,Banda Kassikó
2618,Banda Kitara
2619,Banda La Reyna de Monterrey
2620,Banda Los Recoditos
2621,Banda Magníficos
2622,Banda Rancho Viejo De Julio Aramburo La Bandononona
2623,Banda Real
2624,Banda Som e Louvor
2625,Banda Styllus
2626,Banda do Mar
2627,Bandalos Chinos
2628,Bandi
2629,Bandit
2630,Bandlez
2631,Bane
2632,Banes World
2633,Baneva
2634,Bang Data
2635,Bang!
2636,BangerOfTheDay
2637,Bangers Only
2638,Bankzitters
2639,Banner Pilot
2640,Bantunagojeje
2641,Banty Foot
2642,Banx & Ranx
2643,Baobinga
2644,Bappi Lahiri
2645,Bar B
2646,Bara Nova
2647,Baramant
2648,Baratapai
2649,Barathrum
2650,Barbados
2651,Barbara Cook
2652,Barbara Dever
2653,Barbara Dickson
2654,Barbara Higbie
2655,Barbara Obermeier
2656,Barbara Tucker
2657,Barbie Amod
2658,Barbra Streisand
2659,Barefoot
2660,Barely Alive
2661,Barem
2662,Barilari
2663,Barkley
2664,Barlas & Mert
2665,Barlow & Bear
2666,Barney
2667,Barney Isaacs
2668,Barns Courtney
2669,Baron Vaughn
2670,Baroni
2671,Baroque Modernist
2672,Barren Gates
2673,Barreracudas
2674,Barrerito
2675,Barrett Wilbert Weed
2676,Barrientos
2677,Barrington Levy
2678,Barrio Boyzz
2679,Barron Ricks
2680,Barry Ashworth
2681,Barry Bales
2682,Barry Carl
2683,Barry Drift
2684,Barry Fest
2685,Barry Gibb
2686,Barry Likumahuwa
2687,Barry Manilow
2688,Barry Tuckwell
2689,Barry White
2690,Barry Wordsworth
2691,Barsha
2692,Bart Skils
2693,Bartek Królak
2694,Bartika Eam Rai
2695,Bartosz Opania
2696,Barão Vermelho
2697,Barış Akarsu
2698,Barış Kocatürk
2699,Barış Manço
2700,Base Alert
2701,Base Ball Bear
2702,Basebrothers
2703,Baseck
2704,Basement
2705,Basho & Friends
2706,Basiani Ensemble
2707,Basic Bastard
2708,Basixx
2709,Bass Chaserz
2710,Bass Modulators
2711,Bass-D
2712,Bassa
2713,BassedOlaf
2714,Bassem Hawar
2715,Bassflow
2716,Bassjackers
2717,Basskillers
2718,Bassnectar
2719,Bastardo
2720,Basti Grub
2721,Basti Trailerpark
2722,Bastian Sierich
2723,Bastiancortesxv
2724,Bastille
2725,Bastián Cortés
2726,Basty Corvalan
2727,Bat For Lashes
2728,Bathory
2729,Batidão Stronda
2730,Batman Zavareze
2731,Batmobile
2732,Battle Beast
2733,Batu Akdeniz
2734,Batu Onat
2735,Batuflex
2736,Batuhan Kordel
2737,Batushka
2738,Bauhaus
2739,Bauri
2740,Bausa
2741,Bavarian Radio Symphony Orchestra
2742,Bavarian State Orchestra
2743,Bawari Basanti
2744,Bayaan
2745,Bayer Full
2746,Bayera
2747,Bayete
2748,Bayka
2749,Baymont Bross
2750,Bayriton
2751,Bayron Fire
2752,Bayside
2753,Bazil Alexander
2754,Bazurto All Stars
2755,Bazzi
2756,Bağzıları
2757,Be More Chill
2758,Be More Chill Original Broadway Ensemble
2759,Be No Rain
2760,Be Svendsen
2761,Bea Miller
2762,Beach Bunny
2763,Beach Fossils
2764,Beach Goons
2765,Beach House
2766,Beach Slang
2767,Beach Weather
2768,Beadyman
2769,Beamon
2770,Beanie Feldstein
2771,Beans on Toast
2772,Bear Grillz
2773,Bear Rinehart
2774,Bear's Den
2775,Beardyman
2776,Beartooth
2777,Beast In Black
2778,Beat Assassins
2779,Beat Briner
2780,Beat Inside
2781,Beat Minister
2782,Beat Oven
2783,Beat The System
2784,BeatBo
2785,Beatbynajwa
2786,Beatcrooks
2787,Beatnugget
2788,Beatriz
2789,Beatriz Denaro
2790,Beatriz Luengo
2791,BeatsHoundz
2792,Beatsole
2793,Beatsteaks
2794,Beatstream
2795,Beau Diako
2796,Beau.
2797,Beautiful Beats
2798,Beautiful Female Ensemble
2799,Beautiful Sleep
2800,Beautiful Storms
2801,Beave
2802,Bebe
2803,Bebe Neuwirth
2804,Bebe Rexha
2805,Bebeto
2806,Bebu Silvetti
2807,Bec Stevens
2808,Becca Folkes
2809,Becca Jane Grey
2810,Becci
2811,Beck
2812,Beck Pete
2813,Becker
2814,Beckii Cruel
2815,Becks
2816,Becky Ann Baker
2817,Becky Buller
2818,Becky G
2819,Becky Hill
2820,Beddy Rays
2821,Bedo
2822,Bedtijd
2823,Bedtime Baby
2824,Bee Gees
2825,Beena Khan
2826,Beendo Z
2827,Beenie Man
2828,Beetlejuice Original Broadway Cast Recording Ensemble
2829,Before I Turn
2830,Before You Exit
2831,Begbie
2832,Begum Akhtar
2833,Behemoth
2834,Behmer
2835,Being As An Ocean
2836,Bekah Novi
2837,Bekar
2838,Beki Mari
2839,Bekom
2840,Bela Shende
2841,Belanova
2842,Belchior
2843,Beleza e Maravilha
2844,Belfa
2845,Belik Boom
2846,Belinda
2847,Belinda Carlisle
2848,Bell Marques
2849,Bella Alubo
2850,Bella Poarch
2851,Bella Renee
2852,Belle
2853,Belle Humble
2854,Belle and the Nursery Rhymes Band
2855,Belleruche
2856,Bellie Raj
2857,Bellorum
2858,Belmonte & Amaraí
2859,Belo
2860,Belouis Some
2861,Beloved Music
2862,Belphegor
2863,Beltiner
2864,Belzebubs
2865,Belén Aguilera
2866,Bembe Orquesta
2867,Ben
2868,Ben Alessi
2869,Ben Bailey
2870,Ben Beal
2871,Ben Böhmer
2872,Ben Chappell
2873,Ben Coleman
2874,Ben Crawford
2875,Ben Duffy
2876,Ben Dust
2877,Ben E. King
2878,Ben Fankhauser
2879,Ben Fielding
2880,Ben Folds
2881,Ben Folds Five
2882,Ben Glassberg
2883,Ben Gold
2884,Ben Hiura
2885,Ben Howard
2886,Ben Hutcheson
2887,Ben Kessler
2888,Ben Klock
2889,Ben Lukas Boysen
2890,Ben Mazué
2891,Ben Nicky
2892,Ben Pearce
2893,Ben Phipps
2894,Ben Platt
2895,Ben Rector
2896,Ben Russell
2897,Ben Schuller
2898,Ben Snow
2899,Ben Sollee
2900,Ben Speer
2901,Ben Sterling
2902,Ben Thrills
2903,Ben Woodward
2904,Ben Zucker
2905,Benab
2906,BenderCat
2907,Benedict Cumberbatch
2908,Benediction
2909,Benedikt Geiger
2910,Benedixhion
2911,Benet Walsh
2912,Bengal
2913,Bengt Sändh
2914,Beni Araki
2915,Beniamino Gigli
2916,Benito Di Paula
2917,Benj Pasek
2918,Benja Bruijning
2919,Benjamin
2920,Benjamin Biolay
2921,Benjamin Britten
2922,Benjamin Darren
2923,Benjamin Grosvenor
2924,Benjamin Ingrosso
2925,Benjamin Kheng
2926,Benjamin Kowalewicz
2927,Benjamin Paper
2928,Benjamin Roustaing
2929,Benjamin Wallfisch
2930,Benjamin William Hastings
2931,Benjammin
2932,Benji La Maldita Escritura De Oro
2933,Benji Lewis
2934,Benjita Montana
2935,Bennett Coast
2936,Benno De Goeij
2937,Benny
2938,Benny Andersson
2939,Benny Anderssons Orkester
2940,Benny Benassi
2941,Benny Benni
2942,Benny Carter
2943,Benny Dayal
2944,Benny Garner
2945,Benny Goodman
2946,Benny L
2947,Benny Martin
2948,Benny Page
2949,Benny The Butcher
2950,Benoît Pioulard
2951,Bensley
2952,Benson Boone
2953,Bent
2954,Bentley Rhythm Ace
2955,Beny Moré
2956,Benziê
2957,Beowülf
2958,Ber
2959,Berc Polat
2960,Beret
2961,Berg
2962,Bergen
2963,Berget Lewis
2964,Berioska
2965,Berlin
2966,Berlin Minimal
2967,Berlin Radio Symphony Orchestra
2968,Berliner Barock Solisten
2969,Berliner Philharmoniker
2970,Bernabe Cantlon
2971,Bernadette Peters
2972,Bernard Adamus
2973,Bernard Badie
2974,Bernard Lavilliers
2975,Bernd Ruf
2976,Bernd Schöler
2977,Bernhard Brink
2978,Bernhard Hofmann
2979,Bernhard Paumgartner
2980,Bernhard Wilfert
2981,Bernward Koch
2982,Berry Goodman
2983,Bersuit Vergarabat
2984,Bert & Heman Hunters
2985,Bert Jansch
2986,Bert Kreischer
2987,Bertie Scott
2988,Bertocucci Feranzano
2989,Bertrand de Billy
2990,Beryl Natasha
2991,Beshenitar
2992,Beside
2993,Besmaya
2994,Besomorph
2995,Bess Atwell
2996,Best Relaxing SPA Music
2997,Besta Evo
2998,Bestial Mockery
2999,Beta Berk Bayındır
3000,Beta Soul
3001,Beth Blankenship
3002,Beth Carvalho
3003,Beth Fowler
3004,Beth Gibbons
3005,Beth Hirsch
3006,Beth Leavel
3007,Beth Malone
3008,Bethany Wohrle
3009,Bethel Music
3010,Beto Diaz
3011,Beto Gibbs
3012,Beto Guedes
3013,Beto Mejía
3014,Beto Zamarbide
3015,Beto Zapata
3016,Betrayer
3017,Betraying The Martyrs
3018,Betsy Wolfe
3019,Bette Midler
3020,Better Call Soul
3021,Better Than Ezra
3022,Betterov
3023,Betty Bloom
3024,Betty Who
3025,Bettye LaVette
3026,Between The Buried And Me
3027,Bev Lee Harling
3028,Beverley Knight
3029,Bewitcher
3030,Beyaz Kelebekler
3031,Beyazz
3032,Beyoncé
3033,Beyond
3034,Beyond The Guitar
3035,Bezerra Da Silva
3036,Beéle
3037,Bhad Bhabie
3038,Bhai Nirmal Singh
3039,Bhallwaan
3040,Bhalwaan
3041,Bharan
3042,Bharat Chauhan
3043,Bharath Sajikumar
3044,Bharg
3045,Bhargavi
3046,Bhaskar
3047,Bhavatharini
3048,Bhavdeep Jaipurwale
3049,Bhimsen Joshi
3050,Bhoomi
3051,Bhoomi Trivedi
3052,Bhupinder Singh
3053,Bhuvan Bam
3054,Bhuvanesh Komkali
3055,BiD
3056,BiS
3057,BiSH
3058,Bia Marques
3059,Bianca
3060,Bianca Horn
3061,Bianca Krahl
3062,Biba Dupont
3063,Bibimbeats
3064,Bibio
3065,Bicep
3066,Bickram Ghosh
3067,Bidê ou Balde
3068,Bienvenido Granda
3069,Bierkapitän
3070,Biesiada
3071,Big & Rich
3072,Big Ali
3073,Big Audio Dynamite
3074,Big Baby Tape
3075,Big Block Singsong
3076,Big Boy
3077,Big Brother & The Holding Company
3078,Big Bud
3079,Big Country Bluegrass
3080,Big D and the Kids Table
3081,Big Daddy & Rockin' Combo
3082,Big Daddy Kane
3083,Big Don
3084,Big Dope P
3085,Big Duke
3086,Big Fish Original Broadway Cast
3087,Big Flex
3088,Big Four
3089,Big Freedia
3090,Big Gay
3091,Big Gigantic
3092,Big Homiie G
3093,Big Hoodoo
3094,Big Javy
3095,Big Jay Oakerson
3096,Big Joe Turner
3097,Big Kap
3098,Big L
3099,Big Mama Thornton
3100,Big Mato
3101,Big Mountain
3102,Big Mucci
3103,Big Murph
3104,Big O
3105,Big P
3106,Big Pat
3107,Big Pokey
3108,Big Pun
3109,Big Red Machine
3110,Big Saldo
3111,Big Sean
3112,Big Smoak
3113,Big Soto
3114,Big Star
3115,Big Syke
3116,Big Tiny Little
3117,Big Ty
3118,Big Up
3119,Big Wild
3120,Big Yayo
3121,Big Youth
3122,BigRicePiano
3123,Biga*Ranx
3124,Bigflo & Oli
3125,Bigg Robb
3126,Bigg Skip
3127,Bigwig
3128,Bihler
3129,Bii
3130,Bijay Anand Sahu
3131,Bijibal
3132,Bijou
3133,Bikini Bandits
3134,Bikki Gurung
3135,Bilal Saeed
3136,Bile
3137,Bilici
3138,Bill Anderson
3139,Bill Borez
3140,Bill Charlap Trio
3141,Bill Emerson
3142,Bill Evans
3143,Bill Evans Trio
3144,Bill Frisell
3145,Bill Haley
3146,Bill Haley & His Comets
3147,Bill Harrell
3148,Bill Lee
3149,Bill Monroe
3150,Bill Monroe & His Blue Grass Boys
3151,Bill Shirley
3152,Bill Thompson
3153,Bill Withers
3154,Billboard Baby Lullabies
3155,Billen Ted
3156,Billfold
3157,Billie
3158,Billie Eilish
3159,Billie Holiday
3160,Billie Marten
3161,Billkin
3162,Billo's
3163,Billx
3164,Billy Bueffer
3165,Billy Childish
3166,Billy Connolly
3167,Billy Currington
3168,Billy Dans
3169,Billy Dean
3170,Billy Eichner
3171,Billy F Gibbons
3172,Billy Fury
3173,Billy Gardell
3174,Billy Gillies
3175,Billy Idol
3176,Billy Joe Shaver
3177,Billy Joel
3178,Billy Lo
3179,Billy Lockett
3180,Billy Marchiafava
3181,Billy Mays Band
3182,Billy Ocean
3183,Billy Porter
3184,Billy Preston
3185,Billy Ray Cyrus
3186,Billy Soul Bonds
3187,Billy Squier
3188,Billy Strings
3189,Billy Talent
3190,Billy Zoom
3191,Bina Butta
3192,Binaural Beats
3193,Binaural Beats Brain Waves Isochronic Tones Brain Wave Entrainment
3194,Binaural Beats Brainwave Entrainment
3195,Binaural Beats Sleep
3196,Binaural Beats Study Music
3197,Bindu Anirudhan
3198,Bing Ji Ling
3199,Bingo Bango
3200,Bingo Players
3201,Binho Simões
3202,Binhu
3203,Binkie
3204,Binks Beatz
3205,Bino Beats
3206,Binod Majhi
3207,Binum
3208,Biohazard
3209,Biosphere
3210,Bioweapon
3211,Bipolar Sunshine
3212,Bipul Chettri
3213,Biquini Cavadão
3214,Bira Santos
3215,Birat Bitz
3216,Birchill
3217,Birdflesh
3218,Birdy
3219,Birileri
3220,Birkan Nasuhoğlu
3221,Birsen Tezer
3222,Bisa Kdei
3223,Biscits
3224,Bishop Briggs
3225,Bishop Larry Trotter
3226,Bissett
3227,Bitkit
3228,Bitstream
3229,Bitter End
3230,Bitter:Sweet
3231,Biu do Piseiro
3232,Bixi Blake
3233,Bixiga 70
3234,Biz Markie
3235,Bizarrap
3236,Bizzare Contact
3237,Bizzy Bone
3238,Bjarne Hendrik
3239,Bjarni Erlingursson
3240,Bjoern Torwellen
3241,Bjorn Surrao
3242,Björgvin Sigurðsson
3243,Björk
3244,Björn Afzelius
3245,Björn Holmgren
3246,Björn Rosenström
3247,Björn Skifs
3248,Bjørg Stigbjørnson
3249,Bjørnskov
3250,Blaaze
3251,Black
3252,Black Alien
3253,Black Atlass
3254,Black Box Revelation
3255,Black Chiney
3256,Black Coffee
3257,Black Eyed Peas
3258,Black Eyed Vermillion
3259,Black Kids
3260,Black Label Society
3261,Black Lips
3262,Black Loops
3263,Black Messiah
3264,Black Mountain
3265,Black Muffin
3266,Black Olive
3267,Black Pantera
3268,Black Pistol Fire
3269,Black Pumas
3270,Black Raven
3271,Black Rebel Motorcycle Club
3272,Black Rob
3273,Black Roots
3274,Black Ryno
3275,Black Sabbath
3276,Black Shadow
3277,Black Spyda
3278,Black Stone Cherry
3279,Black Sun Empire
3280,Black Tambourine
3281,Black Tiger Sex Machine
3282,Black Uhuru
3283,Black V Neck
3284,Black Veil Brides
3285,BlackBonez
3286,BlackGummy
3287,BlackRoy
3288,Blackburri
3289,Blackhaine
3290,Blackitude
3291,Blackjack
3292,Blacklistt
3293,Blackmen
3294,Blackmill
3295,Blackstreet
3296,Blade
3297,Bladee
3298,Blademasterz
3299,Bladerunner
3300,Blaikz
3301,Blaine
3302,Blak Ryno
3303,Blake
3304,Blake Babies
3305,Blake Baxter
3306,Blake Clark
3307,Blake Leisurely
3308,Blake Rose
3309,Blake Rules
3310,Blake Shelton
3311,Blakk Hazel
3312,Blakk Man
3313,Blame
3314,Blame Jones
3315,Blame it on Ed
3316,Blamstrain
3317,Blancmange
3318,Blanco Palamera
3319,Blanco White
3320,Blandine Verlet
3321,Blank & Jones
3322,Blanke
3323,Blapps Posse
3324,Blaq Rushan
3325,Blaqk Audio
3326,Blas Cantó
3327,Blasterjaxx
3328,Blastoyz
3329,Blasé
3330,Blaze
3331,Blazy
3332,Ble0
3333,Bleach
3334,Bleachers
3335,Bleech
3336,Bleed From Within
3337,Bleeding Knees Club
3338,Bleeding Through
3339,Bleeker
3340,Blessing Offor
3341,Blesslee
3342,Blesson Thomas
3343,Bleu Edmondson
3344,Bleu Toucan
3345,Blind Channel
3346,Blind Faith
3347,Blind Melon
3348,Blind Pigs
3349,Blind Witness
3350,Blinded Hearts
3351,Blinders
3352,Blinkie
3353,Blippi
3354,Bliss
3355,Blitz
3356,Block Device
3357,Blocka
3358,Blockboi Twitch
3359,Bloke & Bird
3360,Blon
3361,Blonde Maze
3362,Blonde Redhead
3363,Blondfire
3364,Blondie
3365,Blood Duster
3366,Blood For Blood
3367,Blood Incantation
3368,Blood Orange
3369,Blood Youth
3370,BloodPop®
3371,Bloodbath
3372,Bloodbound
3373,Bloodhound Gang
3374,Bloodred Hourglass
3375,Bloodywood
3376,Bloom Twins
3377,Blossum
3378,Bludgeoned
3379,Blue Boatz
3380,Blue Feather
3381,Blue Foundation
3382,Blue Highway
3383,Blue Magic
3384,Blue Moon Rising
3385,Blue Motyl
3386,Blue October
3387,Blue Stahli
3388,Blue States
3389,Blue Swede
3390,Blue Öyster Cult
3391,Blueboy
3392,Blueridge Mountain Bluegrass Band
3393,Blues Delight
3394,Blues Saraceno
3395,BluntOne
3396,Blunts & Blondes
3397,Blur
3398,Blurstem
3399,Blush
3400,Bluszcz
3401,Blutengel
3402,Blvk Sheep
3403,Blxst
3404,Blå Tåget
3405,Blümchen
3406,Bo Bruce
3407,Bo Diddley
3408,Bo Kaspers Orkester
3409,Bo Sundström
3410,Boards of Canada
3411,Boaz Daniel
3412,Boaz van de Beatz
3413,Bob
3414,Bob & Lucille
3415,Bob Dylan
3416,Bob Gunton
3417,Bob Luman
3418,Bob Marley & The Wailers
3419,Bob Moses
3420,Bob Mould
3421,Bob Saget
3422,Bob Seger
3423,Bob Sinclar
3424,Bob Smith
3425,Bob Stevens
3426,Bob Weir
3427,Bobbi White
3428,"Bobby ""Blue"" Bland"
3429,Bobby 6ix
3430,Bobby Brown
3431,Bobby Chen
3432,Bobby Cruz
3433,Bobby Darin
3434,Bobby Day
3435,Bobby Driscoll
3436,Bobby Goldsboro
3437,Bobby Hicks
3438,Bobby Osborne
3439,Bobby Rosario
3440,Bobby Rydell
3441,Bobby Shmurda
3442,Bobby Steggert
3443,Bobby Timmons
3444,Bobby Valentin
3445,Bobby Vee
3446,Bobby Vinton
3447,Bobby Xavier
3448,Bobbylene
3449,Bobi
3450,Bobo Shashi
3451,Bobs & Lolo
3452,Boc Scadet
3453,Bochum Welt
3454,Bodine
3455,Bodor Vencel
3456,Body Void
3457,BodyHI
3458,Bodybox
3459,Bodyjar
3460,Bodylotion
3461,Bodyrox
3462,Bodysnatcher
3463,Boehm
3464,Bogdan Mihai
3465,Bogdan Raczynski
3466,Bogle
3467,Bohemia
3468,Bohnes
3469,Boi Foi Toch
3470,Boilermakers
3471,Bok Nero
3472,Bokaloka
3473,Bola
3474,Bola Johnson
3475,Boldy James
3476,Bolier
3477,Bolshoi Theatre Chorus and Orchestra
3478,Bolshoi Theatre Orchestra
3479,Bolt Thrower
3480,Bolémvn
3481,Bom Gosto
3482,Bomba Estéreo
3483,Bombai
3484,Bombay Bandook
3485,Bombay Bicycle Club
3486,Bombay Jayashri
3487,Bombay Jeyashree
3488,Bombay Sisters
3489,Bombino
3490,Bombo Rosa
3491,Bombus
3492,Bommer
3493,Bomsori
3494,Bon Entendeur
3495,Bon Iver
3496,Bon Jovi
3497,Bonde R300
3498,Bonde da Stronda
3499,Bonde do Brasil
3500,Bonde do Forró
3501,Bonde do gato preto
3502,Bondi Cigars
3503,Bone Killa
3504,Bone Thugs-N-Harmony
3505,Boney M.
3506,Bonez MC
3507,Bonfire
3508,Bonga
3509,Bonjr
3510,Bonn
3511,Bonnie Brooksbank
3512,Bonnie Raitt
3513,Bonnie Simmons
3514,Bonnie Tyler
3515,Bono
3516,Bonobo
3517,Boog Brown
3518,Boogarins
3519,Boogie T
3520,Book Of Love
3521,Booka Shade
3522,Booker T. & the M.G.'s
3523,Boom Buddies
3524,Boom-Bastic
3525,Boombox Cartel
3526,Boomdabash
3527,Boon Hui Lu
3528,Boon-T
3529,Bootie Brown
3530,Bootstraps
3531,Boozoo Bajou
3532,Bora
3533,Borderland
3534,Boreal Embla
3535,Borgeous
3536,Borgore
3537,Bori & Suan
3538,Boricceli
3539,Boris Brejcha
3540,Boris Dlugosch
3541,Boris Giltburg
3542,Boris Khaikin
3543,Boris Shtokolov
3544,Boris Way
3545,Borknagar
3546,Born I
3547,Born Of Osiris
3548,Boro Boro
3549,Borodin Quartet
3550,Borys LBD
3551,Bosca
3552,Bosq
3553,Boss Axis
3554,Boss in Drama
3555,Bosse
3556,Bossfight
3557,Bossy
3558,Bossy Bo
3559,Boston
3560,Boston 168
3561,Boston Pops Orchestra
3562,Boston Soundlabs
3563,Boston Symphony Orchestra
3564,Bottai
3565,Boub
3566,Boulevard Depo
3567,Bounce Patrol
3568,Bount
3569,Bounty Killer
3570,Bowery Electric
3571,Bowie Lam
3572,Bowling For Soup
3573,Boy Boy
3574,Boy George
3575,Boy In Space
3576,Boy Kiss Girl
3577,Boy Matthews
3578,Boy Nobody
3579,Boy Robot
3580,Boy Tedson
3581,Boy is Fiction
3582,Boyce Avenue
3583,Boyfifty
3584,Boyinaband
3585,Boys
3586,Boys Like Girls
3587,Boys Noize
3588,Boys n Root
3589,Boyscott
3590,Boysetsfire
3591,Boyz II Men
3592,Boz Scaggs
3593,Boza
3594,Bracket
3595,Brad Davis
3596,Brad Giovanine
3597,Brad Jacobsen
3598,Brad Kane
3599,Brad Mehldau
3600,Brad Oscar
3601,Brad Paisley
3602,Brad Williams
3603,Brad stank
3604,Bradley Burgess
3605,Bradley Cooper
3606,Bradley Dean
3607,Brain
3608,Brainbox
3609,Brainkicker
3610,Braken
3611,Bram Boender
3612,Bram Krikke
3613,Brambles
3614,Branchez
3615,Brand of Sacrifice
3616,Brandi Carlile
3617,Brandi Johnson
3618,Brando
3619,Brandon
3620,Brandon Chase
3621,Brandon J. Ellis
3622,Brandon Lake
3623,Brandon Lomas
3624,Brandon Mignacca
3625,Brandon Uranowitz
3626,Brandy
3627,Brandyn Burnette
3628,Brantley Gilbert
3629,Brasas do Forró
3630,Brascon
3631,Brasil Guitar Duo
3632,Brassie
3633,Bratty
3634,Bratz
3635,Braulio Barrera
3636,Bravado
3637,Brave
3638,Brave Girls
3639,Bravesboy
3640,Bravo
3641,Bravo Ravers
3642,Braxton
3643,Bray Choral Society
3644,Brayden Kehler
3645,Brayke
3646,Brazilian Girls
3647,Brazo Wa Afrika
3648,Bread
3649,Break
3650,Break The Box
3651,Breakage
3652,Breakbot
3653,Breakestra
3654,Breakfast For Brunch
3655,Breaking Benjamin
3656,Breaking Grass
3657,Breanne Düren
3658,Breathe Carolina
3659,Breaux
3660,Breeton Boi
3661,Brenda
3662,Brenda Danese
3663,Brenda Lee
3664,Brendan James
3665,Brendan Mills
3666,Brendon Urie
3667,Brennan Heart
3668,Brennan Savage
3669,Brennan Story
3670,Brennen Grey
3671,Brenno & Matheus
3672,Brenno Reis & Marco Viola
3673,Breno & Caio Cesar
3674,Breno Rocha
3675,Brent Carver
3676,Brent Morgan
3677,Brent Smith
3678,Brenton Mattheus
3679,Bret Ernst
3680,Brett Dennen
3681,Brett Eldredge
3682,Brett Kelly
3683,Brett Young
3684,Brett Younker
3685,Brezy
3686,Bri Holland
3687,Bri-C
3688,Brian Boncher
3689,Brian Brainstorm
3690,Brian Chambouleyron
3691,Brian Crain
3692,Brian Culbertson
3693,Brian D'Arcy James
3694,Brian Doerksen
3695,Brian Eno
3696,Brian Hyland
3697,Brian Johnson
3698,Brian Kage
3699,Brian Kennedy
3700,Brian Lyndon
3701,Brian May
3702,Brian McKnight
3703,Brian More
3704,Brian Posehn
3705,Brian Regan
3706,Brian Richmond
3707,Brian Setzer
3708,Brian Stokes Mitchell
3709,Brian the Sun
3710,Brianna
3711,Bricquebec
3712,Bridget Cunningham
3713,Brigado Crew
3714,Brigetta
3715,Bright Lights
3716,Bright Sparks
3717,Bright Star Original Broadway Ensemble
3718,Bright Visions
3719,Brigitte
3720,Brijesh Shandilya
3721,Brijesh Shrestha
3722,BrillLion
3723,Bring Me The Horizon
3724,Brings
3725,Brinsley Schwarz
3726,Brisa Star
3727,Brisk
3728,Briston Maroney
3729,British India
3730,Britney Spears
3731,Britt Lari
3732,Britten Sinfonia
3733,Brittney Bouchard
3734,Brittni Paiva
3735,Broadside
3736,Brock Ansiolitiko
3737,Brock Human
3738,Broder Daniel
3739,Brodha V
3740,Brodinski
3741,Broilers
3742,Broken
3743,Broken Back
3744,Broken Minds
3745,Brondo
3746,Bronski Beat
3747,Bronson Levy
3748,Bronwyn Keith-Hynes
3749,Brook Benton
3750,Brooke Bentham
3751,Brooke Ligertwood
3752,Brooke Young
3753,Brookes Brothers
3754,Brooklyn
3755,Brooklyn Bounce
3756,Brooks
3757,Brooks & Dunn
3758,Brooks Ashmanskas
3759,Brosher
3760,Brother Dege
3761,Brother Simion
3762,Brothers In Crime
3763,Brothers of Metal
3764,Brothomstates
3765,Brous One
3766,Broussaï
3767,Brown Noise Baby Sleep
3768,Brown Noise Dreams
3769,Brown Sabbath
3770,Brownout
3771,Brray
3772,Bruce Bruce
3773,Bruce Channel
3774,Bruce Dickinson
3775,Bruce Faulconer
3776,Bruce Hornsby
3777,Bruce Liu
3778,Bruce Molsky
3779,Bruce Springsteen
3780,Bruce Zalcer
3781,Brujeria
3782,Brummi Bryan
3783,Bruna Branco
3784,Bruna Karla
3785,Bruna Olly
3786,Bruna Paula
3787,Bruninho & Davi
3788,Brunner & Brunner
3789,Brunno Ramos
3790,Bruno & Barretto
3791,Bruno & Marrone
3792,Bruno Bartoletti
3793,Bruno Furlan
3794,Bruno Gadiol
3795,Bruno Mars
3796,Bruno Martini
3797,Bruno Pelletier
3798,Bruno de Sá
3799,Brunão Morada
3800,Brussels Philharmonic
3801,Brutal Truth
3802,BrxkenBxy
3803,Brxndead
3804,Bryan & Katie Torwalt
3805,Bryan Adams
3806,Bryan Behr
3807,Bryan Choy Hin Lok
3808,Bryan Garris
3809,Bryan Gee
3810,Bryan Kearney
3811,Bryan Senti
3812,Bryan Sutton
3813,Bryan White
3814,Bryant Myers
3815,Bryce Dessner
3816,Bryce Fox
3817,Bryce Pinkham
3818,Bryce Vine
3819,Brylho
3820,Bryn Terfel
3821,Bryson Tiller
3822,Brytiago
3823,Bstk Prod
3824,Bubaseta
3825,Buccaneer
3826,Bucie
3827,Buckcherry
3828,Buckethead
3829,Bucovina
3830,Budapest Festival Chorus
3831,Budapest Symphony Orchestra
3832,Buddha Monk
3833,Buddy
3834,Buddy Guy
3835,Buddy Holly
3836,Buddy Holly & The Crickets
3837,Buddy Mv
3838,Buddy Nielsen
3839,Buddy Schaub
3840,Buena Onda Reggae Club
3841,Buena Vista Social Club
3842,Buerak
3843,Buffalo Springfield
3844,Buffalo Tom
3845,Buggimaan
3846,Buggin
3847,Bugle
3848,Bugs
3849,Buguinha Dub
3850,Bugz
3851,Builder
3852,Buju Banton
3853,Bukue One
3854,Bule Bule
3855,Bull Brigade
3856,Bulldog
3857,Bulldozer Project
3858,Bullet Bane
3859,Bullet For My Valentine
3860,Bullet061
3861,Bullseye Release
3862,BullySongs
3863,Bulutsuzluk Özlemi
3864,Bun B
3865,Bunga
3866,Bunji Garlin
3867,Bunkface
3868,Bunna
3869,Bunny Hop Dance Party
3870,Bunny Wailer
3871,Burak Alkın
3872,Burak Cilt
3873,Burak Yeter
3874,Burak Çebi
3875,Buray
3876,Burcu Güneş
3877,Burefu
3878,Buren Van De Brandweer
3879,Burgerkill
3880,Burgettii
3881,Burial
3882,Burn The Priest
3883,Burna Boy
3884,Burning Skies
3885,Burning Spear
3886,Burnt By The Sun
3887,Burr Oak
3888,Burro Banton
3889,Burt Bacharach
3890,Bury Tomorrow
3891,Bury Your Dead
3892,Burzum
3893,Buscabulla
3894,Bush
3895,Bushman
3896,Bushwacka!
3897,Busta Rhymes
3898,Busted
3899,Busy Signal
3900,Butch
3901,Butcher Babies
3902,Butthole Surfers
3903,Buyepongo
3904,Buzz Fuzz
3905,Bvga
3906,Byasadeb
3907,Byejack
3908,Byg Bird
3909,Byg Byrd
3910,Byjoelmichael
3911,Bynmc
3912,Byrell The Great
3913,Byron Nelson High School Symphony Orchestra
3914,Byting
3915,BÖ
3916,BØRNS
3917,Bára Zemanová
3918,Béla Fleck
3919,Bénabar
3920,Bëllo
3921,Böhse Onkelz
3922,Bölzer
3923,Bülent Ortaçgil
3924,Bünger
3925,Bürdel King
3926,Büyük Ev Ablukada
3927,C AllStar
3928,C&K
3929,C-Blak
3930,C-Funk
3931,C-Kan
3932,C-Lurio & Area 31
3933,C-Ro
3934,C. Sathya
3935,C. Tangana
3936,C.D
3937,C.J.
3938,C.L. Smooth
3939,C.O.D.
3940,C.O.F.F.I.N
3941,C.R.O
3942,C.V. Jørgensen
3943,C.W. Stoneking
3944,CA7RIEL
3945,CABAL
3946,CABLE
3947,CADE
3948,CALVO
3949,CAMO
3950,CAN
3951,CANCUN?
3952,CAPS
3953,CAPSULE
3954,CASHEW
3955,CASSIMM
3956,CASTLEBEAT
3957,CBSO Cellos
3958,CESRV
3959,CG5
3960,CHANEY
3961,CHANGMO
3962,CHANYEOL
3963,CHAYA DEVI
3964,CHEHON
3965,CHEMISTRY
3966,CHEN
3967,CHENDA
3968,CHIAKI SATO
3969,CHIC
3970,CHRSTPHR
3971,CHTHONIC
3972,CHUNG HA
3973,CHVRCHES
3974,CHiCO with HoneyWorks
3975,CID
3976,CIMBA
3977,CINTHIE
3978,CIRRRCLE
3979,CIRRUS
3980,CIV
3981,CIVIC
3982,CIVILIAN
3983,CJ
3984,CJR
3985,CKY
3986,CKay
3987,CL
3988,CLIP
3989,CLMD
3990,CLOSR
3991,CLS
3992,CLUB HATS
3993,CLUBZ
3994,CMC$
3995,CMK
3996,CN
3997,CNCO
3998,COBRAH
3999,CODA
4000,COIN
4001,COMFY
4002,COMPLEX
4003,CONNY
4004,COOLS
4005,CORBAL
4006,CORSAK
4007,COUCOU CHLOE
4008,COY
4009,CPM 22
4010,CRASPORE
4011,CRAY
4012,CRO
4013,CRT Weekend
4014,CRaymak
4015,CTS
4016,CVBZ
4017,CXM
4018,CYNHN
4019,Cab Drivers
4020,Caballero
4021,Caballero & JeanJass
4022,Cabin John Middle School Advanced Orchestra
4023,Cabiria
4024,Cabrito Vudú
4025,Cacho Tirao
4026,Cachorro Grande
4027,Cachureos
4028,Cacife Clandestino
4029,Cacka Israelsson
4030,Cadaveria
4031,Cadena Perpetua
4032,Cadmium
4033,Cady Huffman
4034,Caelando
4035,Caesars
4036,Caetano Veloso
4037,Cafuné
4038,Café Quijano
4039,Café Tacvba
4040,Cage The Elephant
4041,Cages
4042,Cahill
4043,Caifanes
4044,Caillou
4045,Caio Passos
4046,Caissie Levy
4047,Caitlin Kinnunen
4048,Caitlin Tan
4049,Caitlyn Scarlett
4050,Caius Biel
4051,Caj Morgan
4052,Cajama
4053,Cajmere
4054,Cajsa Stina Åkerström
4055,Caju Pra Baixo
4056,Cal Smith
4057,Calango Aceso
4058,Calcinha Preta
4059,Calcium
4060,Caleb Femi
4061,Caleb Hearn
4062,Caleb Santos
4063,Caleb Shomo
4064,Calero LDN
4065,Cali Flow Latino
4066,Cali Y El Dandee
4067,Caliajah
4068,Calibre
4069,Calibretto 13
4070,Calica
4071,Calil
4072,Calin
4073,Calippo
4074,Call Me Karizma
4075,Call Super
4076,Calle 13
4077,Calle Lehmann
4078,CalledOut Music
4079,Callejeros
4080,Callejon
4081,CalliCartel
4082,Callie
4083,Callum Beattie
4084,Callum J Wright
4085,Calm Children Collection
4086,Calm Ocean Sound
4087,Calm Sea Sounds
4088,Calming Eyes
4089,Calming Sounds
4090,Calmsound
4091,Calo
4092,Caloncho
4093,Calum Scott
4094,Calum Venice
4095,Calvin Harris
4096,Calvin Richardson
4097,Caly Bevier
4098,Calyx
4099,Calyx & TeeBee
4100,Cam Meekins
4101,CamaSutra
4102,Camden Cox
4103,Camel
4104,CamelPhat
4105,Camela
4106,Cameo
4107,Cameo Blush
4108,Camerata Salzburg
4109,Cameron Adams
4110,Cameron Hayes
4111,Cameron Seely
4112,Cameron Sinosa
4113,Cameron's Bedtime Classics
4114,Cami
4115,Camiches
4116,Camila Cabello
4117,Camila Holanda
4118,Camila Recchio
4119,Camilia
4120,Camilla Bäckman
4121,Camilla Henemark
4122,Camille
4123,Camille Saint-Saëns
4124,Camille Thomas
4125,Camilo
4126,Camilo Séptimo
4127,Camisa de Vênus
4128,Cammie
4129,Cammie Robinson
4130,Camo & Krooked
4131,Camp Claude
4132,Campaign Nino
4133,Campedrinos
4134,Campsite Dream
4135,Camylio
4136,Can Bonomo
4137,Can Durmus
4138,Can Gox
4139,Cancer Bats
4140,Canciones De Cuna Para Dormir Bebes
4141,Canciones Infantiles
4142,Candan Erçetin
4143,Candi Staton
4144,Candlebox
4145,Candlemass
4146,Candy Lo
4147,Cane Hill
4148,Caner Özgür
4149,Canfeza
4150,Cani González
4151,Caninana
4152,Canindé
4153,Caninus
4154,Canking
4155,Canned Heat
4156,Cannibal Corpse
4157,Cannon's Jug Stompers
4158,Cannonball Adderley
4159,Cano Estremera
4160,Canseco
4161,Cantabile Singers
4162,Canticuentos
4163,Canticuénticos
4164,Canto
4165,Canyon City
4166,Canção & Louvor
4167,Canções Para Curar
4168,Caparezza
4169,Capcom Sound Team
4170,Capella Academica Wien
4171,Capital Cities
4172,Capital Do Sol
4173,Capital Inicial
4174,Capital J
4175,Capital Monkey
4176,Capitalist Casualties
4177,Capitan Folk
4178,Capleton
4179,Capo
4180,Cappadonna
4181,Cappella Mediterranea
4182,Cappella Musicale di Santa Maria in Campitelli di Roma
4183,Captain & Tennille
4184,Captain Cuts
4185,Captain Gips
4186,Captain Hollywood Project
4187,Captain Hook
4188,Captain Jack
4189,Captain Planet
4190,Captaine Roshi
4191,Captaine Révolte
4192,"Car, the garden"
4193,Cara Melín
4194,Carach Angren
4195,Carajo
4196,Caralisa Monteiro
4197,Caramelows
4198,Carangano
4199,Carasel
4200,Caravan Palace
4201,Carbin
4202,Carbon
4203,Carbon Based Lifeforms
4204,Carbonas
4205,Carbozo
4206,Carcass
4207,Cardboard Foxes
4208,Cardi B
4209,Carducci String Quartet
4210,Cari
4211,Cari Lekebusch
4212,Caribou
4213,Caribou Mountain Collective
4214,Carin Filipcic
4215,Carin Leon
4216,Carina Andersson
4217,Carina Crone
4218,Cariño
4219,Carl & Pearl Butler
4220,Carl Barron
4221,Carl Butler
4222,Carl Cox
4223,Carl Craig
4224,Carl Davis
4225,Carl Douglas
4226,Carl Faure
4227,Carl Marshall
4228,Carl Michalski
4229,Carl Millöcker
4230,Carl Perkins
4231,Carl Smith
4232,Carl Storm
4233,Carl Weathers
4234,Carla Monroe
4235,Carla Prather
4236,Carla Simmons
4237,Carla Werner
4238,Carlangas (Novedades Carminha)
4239,Carleigh Bettiol
4240,Carligo
4241,Carlinhos Brown
4242,Carlinhos Félix
4243,Carlita
4244,Carlitos Junior
4245,Carlo Bergonzi
4246,Carlo Boscoli
4247,Carlo Boszhard
4248,Carlo Colombara
4249,Carlo Lio
4250,Carlo Maria Giulini
4251,Carlo Pallavicino
4252,Carlo Ravelli
4253,Carlo Rizzi
4254,Carlo Supo
4255,Carlos Almada
4256,Carlos Argentino
4257,Carlos Baute
4258,Carlos Bermúdez
4259,Carlos Báez
4260,Carlos Cipa
4261,Carlos Dante
4262,Carlos Di Fulvio
4263,Carlos Di Sarli
4264,Carlos Di Sarli y su Orquesta Típica
4265,Carlos E. Gonzalez
4266,Carlos Eduardo
4267,Carlos Figari
4268,Carlos Galán
4269,Carlos Garcia
4270,Carlos Gardel
4271,Carlos Jean
4272,Carlos Kleiber
4273,Carlos Lico
4274,Carlos Lima
4275,Carlos Lombardi
4276,Carlos Lyra
4277,Carlos Malta
4278,Carlos Marin
4279,Carlos Marír
4280,Carlos Moscardini
4281,Carlos Paredes
4282,Carlos Rivera
4283,Carlos Roldán
4284,Carlos Sadness
4285,Carlos Sánchez Falú
4286,Carlos Vivas
4287,Carlos Vives
4288,Carlotta Chadwick
4289,Carluccio
4290,Carly Lyman
4291,Carly Pearce
4292,Carly Rae Jepsen
4293,Carmela Y Rafael
4294,Carmelo Carone
4295,Carmen Campagne
4296,Carmen Cusack
4297,Carmen Giannattasio
4298,Carmen Lienqueo
4299,Carmen Monarcha
4300,Carmen Sarahi
4301,Carmen Twillie
4302,Carnage
4303,Carnifex
4304,Carnivore
4305,Carol Avelar
4306,Carol Gonzales
4307,Carola
4308,Carolaine
4309,Carole Shelley
4310,Carolee Carmello
4311,Caroliina
4312,Carolin Kebekus
4313,Carolin Spieß
4314,Carolina
4315,Carolina & Her Rhythm Rockets
4316,Carolina Chocolate Drops
4317,Carolina Winograd
4318,Caroline Dare
4319,Caroline Harrison
4320,Caroline Rhea
4321,Caroline's Spine
4322,Caron Wheeler
4323,Carpathian Forest
4324,Carrie Hope Fletcher
4325,Carrie Nation and the Speakeasy
4326,Carrie Underwood
4327,Carroch
4328,Carryminati
4329,Carsten Svendsen
4330,Carston
4331,Carta
4332,Carta de Baralho
4333,Cartel Mcs
4334,Carter Powers
4335,Cartoon
4336,Cartridge
4337,Caru
4338,Carufo
4339,Cary Brothers
4340,Casa De Leones
4341,Casa Worship
4342,Casadilego
4343,Casanovas schwule Seite
4344,Cascada
4345,Cascada de Lluvia
4346,Cascão
4347,Casey Donahew
4348,Casey MQ
4349,Cash Cash
4350,Cash Flow
4351,Cash Savage and the Last Drinks
4352,Casino Versus Japan
4353,Casio Ware
4354,Caskets
4355,Caslow
4356,Caspa
4357,Caspar Babypants
4358,Caspar Camitz
4359,Casper
4360,Casper & Col'ta
4361,Casper Cole
4362,Casper Esmann
4363,Casper Loe
4364,Casper Magico
4365,Casper Richter
4366,Cass Phang
4367,Cassadee Pope
4368,Cassandra Lucas
4369,Cassandra Nestico
4370,Cassegrain
4371,Cassettes
4372,Casseurs Flowters
4373,Cassian
4374,Cassiane
4375,Cassiane e Jairinho
4376,Cassius Select
4377,Casso
4378,Cassper Nyovest
4379,Cast - Cenerentola
4380,Cast - Frozen
4381,Cast - Olaf's Frozen Adventure
4382,Cast - Olaf's Frozen Avontuur
4383,Cast - Sofia the First
4384,Cast - Vampirina
4385,"Cast Of ""The Phantom Of The Opera"" Motion Picture"
4386,Cast of Frozen 2
4387,Cast of Frozen Fever
4388,Cast of Sleeping Beauty
4389,Castello Branco
4390,Caster
4391,Casting Crowns
4392,Castion
4393,Casuarina
4394,Cat Dealers
4395,Cat Knight
4396,Cat Power
4397,Catas
4398,Catch 22
4399,Catch Side
4400,Catching Cairo
4401,Catching Flies
4402,Cate Downey
4403,Catedral
4404,Caterina Barontini
4405,Cathedral Bells
4406,Catherine Dunn
4407,Catherine Feeny
4408,Catherine Larsen-Maguire
4409,Catherine Marie Charlton
4410,Catherine Walker
4411,Catherine Zeta-Jones
4412,Cathrine Iversen
4413,Cathrine Lassen
4414,Cathy Boyd
4415,Cathy Burton
4416,Catie Turner
4417,Catnapp
4418,Catrin Finch
4419,Catscan
4420,Cattle Decapitation
4421,Catuaba Com Amendoim
4422,Catupecu Machu
4423,Catz 'n Dogz
4424,Cause
4425,Cause & Affect
4426,Cautious Clay
4427,Cauty
4428,Cavaleiros do Forró
4429,Cavalera Conspiracy
4430,Cavalo De Pau
4431,Cavern of Anti-Matter
4432,Cavetown
4433,Caviar Com Rapadura
4434,Cayouche
4435,Caz n' Kenny
4436,Cazuza
4437,Cazz Major
4438,Cazzu
4439,Caê
4440,Cdawgva
4441,Ce'Cile
4442,CeCe Rogers
4443,Cebolinha do Passinho
4444,Ceci Bastida
4445,Cecile Believe
4446,Cecilia Bartoli
4447,Cecilia Krull
4448,CedMusic
4449,Cedarmont Kids
4450,Cedric Armfeldt
4451,Cedric Gervais
4452,CeeLo Green
4453,Ceephax Acid Crew
4454,Ceeys
4455,Cefa
4456,Ceg
4457,Cegıd
4458,Celeste
4459,Celestial Alignment
4460,Celestial Conscience
4461,Celi
4462,Celia Cruz
4463,Celia Dail
4464,Celina
4465,Celina Borges
4466,Celina Sharma
4467,Celine
4468,Celine Cairo
4469,Celio Gonzalez
4470,Celldweller
4471,Celo1st
4472,Celso Blues Boy
4473,Celso Piña
4474,Celtas Cortos
4475,Celtic Frost
4476,Celtic Thunder
4477,Celtic Woman
4478,Cem Adrian
4479,Cem Karaca
4480,Cem Tuncer
4481,Cem Öget
4482,Cemiyette Pişiyorum
4483,Cende
4484,Cengiz Kurtoğlu
4485,Centhron
4486,Centimillimental
4487,Centinex
4488,Central 3
4489,Central Cee
4490,Central Washington University Symphony Orchestra
4491,Centrix
4492,Cepeda
4493,Cephalic Carnage
4494,Cepia
4495,Ceres
4496,Ceriumidis
4497,Cerrero
4498,Cerrone
4499,Cerwen
4500,Cesar Costa
4501,Cesar Mc
4502,Cesar Vega
4503,Cesare Cremonini
4504,Cestar
4505,Cesária Evora
4506,Cet étrange éclat
4507,Cevin Fisher
4508,Ceylan Ertem
4509,Ceza
4510,Cezar & Paulinho
4511,Cha Cha Slide DJ's
4512,Chad Daniels
4513,Chad Hates George
4514,Chad Kroeger
4515,Chad Lawson
4516,Chad Wackerman
4517,Chael Produciendo
4518,Chai Lenin
4519,Chain Reaction
4520,Chain Whip
4521,Chairlift
4522,Chairman Hahn
4523,Chaka Khan
4524,Chali 2na
4525,Cham
4526,Chamath Sangeeth
4527,Chambao
4528,Chamber Orchestra of Europe
4529,Chamber Orchestra of the Bavarian Radio
4530,Chamin Correa
4531,Chamin Madero
4532,Champagne Drip
4533,Chance the Rapper
4534,Chancho En Piedra
4535,Chandan Shetty
4536,Chandiran
4537,Chandler Leighton
4538,Chandler Moore
4539,Change
4540,Chango Spasiuk
4541,Chani Man
4542,Chani Nattan
4543,Channel Tres
4544,Channy Leaneagh
4545,Chantal Kashala
4546,Chantal Kreviazuk
4547,Chantay Savage
4548,Chante
4549,Chantry Johnson
4550,Chaos Descent
4551,Chaos Team
4552,Chaosphere
4553,Chaotic Hostility
4554,Chapa C
4555,Chapel Of Disease
4556,Chapeleiro
4557,Chapo102
4558,Chapter & Verse
4559,Charan
4560,Charan Raj
4561,Charity Angél Dawson
4562,Charity Vance
4563,Charlene Choi
4564,Charlene Su
4565,Charleon
4566,Charles Angels
4567,Charles Ans
4568,Charles Braswell
4569,Charles Dillon
4570,Charles Dutoit
4571,Charles Gounod
4572,Charles Hart
4573,Charles Kimbrough
4574,Charles Lecocq
4575,Charles May
4576,Charles Michael Brotman
4577,Charles Pasi
4578,Charli 2na
4579,Charli Brix
4580,Charli XCX
4581,Charlie Aponte
4582,Charlie Bisharat
4583,Charlie Brown Jr.
4584,Charlie Burg
4585,Charlie Byrd
4586,Charlie Cardona
4587,Charlie Chauhan
4588,Charlie Cruz
4589,Charlie Cunningham
4590,Charlie Feathers
4591,Charlie Haden
4592,Charlie Hightone and The Rock-It´s
4593,Charlie Hope
4594,Charlie Houston
4595,Charlie Miller
4596,Charlie Oriain
4597,Charlie P
4598,Charlie Parr
4599,Charlie Puth
4600,Charlie Recaido
4601,Charlie Rich
4602,Charlie South
4603,Charlie Sparks (UK)
4604,Charlie Vergos
4605,Charlie Walker
4606,Charlie and the Chocolate Factory Broadway Ensemble
4607,Charline Arthur
4608,Charlo
4609,Charlotte Almgren
4610,Charlotte Church
4611,Charlotte Colley
4612,Charlotte Haining
4613,Charlotte Heinke
4614,Charlotte Jaconelli
4615,Charlotte Lawrence
4616,Charlotte Sands
4617,Charlotte Savary
4618,Charlotte de Witte
4619,Charly Black
4620,Charly Fässler
4621,Charly García
4622,Charly Lownoise
4623,Charly Lownoise & Mental Theo
4624,Charly Sam
4625,Charmaine D'Avis
4626,Charmaine Fong
4627,Charmian Carr
4628,Charming Horses
4629,Charon
4630,Charta 77
4631,Charulatha Mani
4632,Chas & Dave
4633,Chase & Status
4634,Chase & Status And Blossoms
4635,Chasing Kurt
4636,Chatham County Line
4637,Chatmonchy
4638,Chato Flores
4639,Chawki
4640,Chayn
4641,Che'Nelle
4642,Cheap Trick
4643,Cheat Codes
4644,Checo Acosta
4645,Checopolaco
4646,Cheer Chen
4647,Cheesecake Boys
4648,Chefboss
4649,Chelly
4650,Chelsea Collins
4651,Chelsea Cutler
4652,Chelsea Grin
4653,Chema Rivas
4654,Chemlab
4655,Chencho Corleone
4656,Cheney
4657,Chenoa
4658,Cheo Feliciano
4659,Cher Lloyd
4660,Cheri Rose Katz
4661,Cheriimoya
4662,Cherney
4663,Cherrie
4664,Cherrymoon Trax
4665,Cheryl Freeman
4666,Cheryl Lynn
4667,Cheryl Studer
4668,Cheshire Cat
4669,Chess In Concert
4670,Chester Young
4671,Chet Baker
4672,Chet Porter
4673,Chethan
4674,Chevelle
4675,Chewie Melodies
4676,Cheyenne Jackson
4677,Cheyenne Mitchell
4678,Chez
4679,Chez Damier
4680,Chezidek
4681,Chezz
4682,Chi Ching Ching
4683,ChiChi Peralta
4684,Chiara Civello
4685,Chiara Sasso
4686,Chibs
4687,Chic Loren
4688,Chica Surfer
4689,Chicago
4690,Chicago Ensemble
4691,Chicago Symphony Chorus
4692,Chicago Symphony Orchestra
4693,Chicane
4694,Chicano Batman
4695,Chichi
4696,Chicken Dance Mix DJ's
4697,Chicken Dance Party
4698,Chickenfoot
4699,Chiclete Com Banana
4700,Chico
4701,Chico Brown
4702,Chico Buarque
4703,Chico Chico
4704,Chico César
4705,Chico Da Curimba
4706,Chico Getz
4707,Chico Mann
4708,Chico Rey & Paraná
4709,Chico Science
4710,Chico Teixeira
4711,Chico Trujillo
4712,Chicão do Piseiro
4713,Chicão dos Teclados
4714,Chidima
4715,Chie Nagatani
4716,Chie Peters
4717,Chief Checker
4718,Chief Keef
4719,Chike
4720,Chilam
4721,Childish Gambino
4722,Children Collide
4723,Children Of Bodom
4724,Children's Music
4725,Children's Party
4726,Childrens DJ's
4727,ChildsPlay
4728,Childsplay
4729,Chili
4730,Chill Bump
4731,Chill Satellite
4732,Chillies
4733,Chillowfy
4734,Chilly Gonzales
4735,Chimaira
4736,Chimarruts
4737,Chimbala
4738,Chime
4739,Chimo Bayo
4740,China Anne McClain
4741,China Crisis
4742,Chineke! Orchestra
4743,Chingadazo de Kung Fu
4744,Chingo Bling
4745,Chininha
4746,Chinmayi
4747,Chinmayi Sripada
4748,Chinna Ponnu
4749,Chino & Nacho
4750,Chino Grande
4751,Chino Laborde
4752,Chiodos
4753,Chip & Dale
4754,Chip E.
4755,Chips
4756,Chiquitines TV
4757,Chiquito Team Band
4758,Chiranjeevi
4759,Chirantan Bhat
4760,Chisato Moritaka
4761,Chite
4762,Chitharth
4763,Chitra Singh
4764,Chitãozinho & Xororó
4765,Chivirico Davila
4766,Chixdiggit!
4767,Chloe Agnew
4768,Chloe Angelides
4769,Chloe Doyle
4770,Chloe Lee
4771,Chloe Noone
4772,Chloe Sagum
4773,Chloé (Thévenin)
4774,Chloé Czans
4775,Chlöe
4776,Chocolate Puma
4777,Choeur Les Elements
4778,Choeurs D'Enfants Jean Pesneaud
4779,Choeurs Rene Duclos
4780,Choi Yuree
4781,Choice
4782,"Choir of King's College, Cambridge"
4783,Choir of The King's Consort
4784,Choirs of Nashotah House Theological Seminary
4785,Choke
4786,Choking Victim
4787,Choklate
4788,Chon
4789,Choo Choo Soul
4790,Chopade
4791,Chor
4792,Chor Chlopiecy Towarzystwa Spiewaczego
4793,Chor der Bayerischen Staatsoper München
4794,Chor der Deutschen Oper Berlin
4795,Chord Overstreet
4796,Chorus
4797,Chorus - Beauty And the Beast
4798,Chorus - Brave
4799,Chorus - Hercules
4800,Chorus - Mulan
4801,Chorus - Pocahontas
4802,Chorus - Sleeping Beauty
4803,Chorus - The Hunchback Of Notre Dame
4804,Chorus - The Lion King 2: Simba's Pride
4805,Chorus Viennensis
4806,Chorus of Pinocchio
4807,Chorus of the Bolshoi Theatre
4808,"Chorus of the Royal Opera House, Covent Garden"
4809,Chorão
4810,Chosen Few
4811,ChouCho
4812,Chowraasta
4813,Chri$tian Gate$
4814,Chrigor
4815,Chris & Cosey
4816,Chris Andrian Yang
4817,Chris Ardoin
4818,Chris Beats Zn
4819,Chris Bekker
4820,Chris Botti
4821,Chris Brown
4822,Chris Carrier
4823,Chris Coleman
4824,Chris Cornell
4825,Chris Cresswell
4826,Chris Cronauer
4827,Chris Crone
4828,Chris D'Elia
4829,Chris Davenport
4830,Chris Diamantopoulos
4831,Chris G.
4832,Chris Hardwick
4833,Chris Harms
4834,Chris Hart
4835,Chris Helv
4836,Chris Howard
4837,Chris James
4838,Chris Janson
4839,Chris Jedi
4840,Chris Jones
4841,Chris Keya
4842,Chris Lake
4843,Chris Lane
4844,Chris Lanzon
4845,Chris Liebing
4846,Chris Lilley
4847,Chris Linton
4848,Chris Lorenzo
4849,Chris MC
4850,Chris Malinchak
4851,Chris Martin
4852,Chris McClarney
4853,Chris Montez
4854,Chris Nazuka
4855,Chris One
4856,Chris Pearson
4857,Chris Quilala
4858,Chris Rea
4859,Chris Robinson
4860,Chris Spedding
4861,Chris Stapleton
4862,Chris Thile
4863,Chris Tomlin
4864,Chris Trucher
4865,Chris Walden
4866,Chris Whited
4867,Chris Willis
4868,Chris Worsey
4869,Chrisette Michele
4870,Chriss Tuxi
4871,Chrissie Hynde
4872,Chrissy Dave
4873,Christ Agony
4874,Christa Ludwig
4875,Christer Sjögren
4876,Christfried Bickenbach
4877,Christian Anders
4878,Christian Badzura
4879,Christian Borle
4880,Christian Burns
4881,Christian Cambas
4882,Christian Carcamo
4883,Christian Chávez
4884,Christian Craken
4885,Christian Death
4886,Christian Du Plessis
4887,Christian Finnegan
4888,Christian French
4889,Christian J
4890,Christian Kjos
4891,Christian Kuria
4892,Christian Lais
4893,Christian Leave
4894,Christian Löffler
4895,Christian Nodal
4896,Christian Peterson-Bergling
4897,Christian Rivet
4898,Christian Smith
4899,Christian Thielemann
4900,Christie Tristão
4901,Christina Aguilera
4902,Christina Amphlett
4903,Christina Lindberg
4904,Christina Novelli
4905,Christina Perri
4906,Christina Pluhar
4907,Christine Brewer
4908,Christine D'Clario
4909,Christine Ebersole
4910,Christine Fan
4911,Christine Leyser
4912,Christoffer Staib
4913,Christoph Eschenbach
4914,Christoph Israel
4915,Christoph Jilo
4916,Christoph Stiefel
4917,Christoph Willibald Gluck
4918,Christoph Ziegler
4919,Christoph von Dohnányi
4920,Christoph von Freydorf
4921,Christophe
4922,"Christopher ""Zondaflex"" Tyler"
4923,Christopher Birch
4924,Christopher Coe
4925,Christopher Cross
4926,Christopher Dicker
4927,Christopher Fitzgerald
4928,Christopher Garvey (The Prototypes)
4929,Christopher Herrick
4930,Christopher Hogwood
4931,Christopher J. Hanke
4932,Christopher Jackson
4933,Christopher Martin
4934,Christopher Paul Richards
4935,Christopher Sieber
4936,Christopher Stanley
4937,Christopher Titus
4938,Christopher Wong
4939,Christopher Zondaflex Tyler
4940,Christopher von Uckermann
4941,Christos Mastoras
4942,Christos Thivaios
4943,Christy Altomare
4944,Christy Nockels
4945,Chrisye
4946,Chrom3
4947,Chromatics
4948,Chrome Sparks
4949,Chronic Law
4950,Chronixx
4951,Chrono
4952,Chrystian & Ralf
4953,ChuChu TV
4954,Chubb Rock
4955,Chubby Checker
4956,Chuck Berry
4957,Chuck D
4958,Chuck Jhonson and Juan Jose Burgos
4959,Chuck Jonhson
4960,Chuck Leavell
4961,Chuck Ragan
4962,Chuck Roberts
4963,Chuckie
4964,Chucky V
4965,Chulito Camacho
4966,Chullo
4967,Chumbawamba
4968,"Chunk! No, Captain Chunk!"
4969,Churrasco
4970,Chuva Negra
4971,Chuy Lizarraga
4972,Chuy Lizarraga y Su Banda Tierra Sinaloense
4973,Chuyko
4974,Chyi Chin
4975,Chymamusique
4976,Chœur De Chambre De Namur
4977,Cianciarulo
4978,Ciara Renée
4979,Ciaran Hinds
4980,Ciaran Lavery
4981,Cibo Matto
4982,Cicco Sanchez
4983,Cid Rim
4984,Cidade Negra
4985,Cidade Verde Sounds
4986,Cidadão Quem
4987,Cidergirl
4988,Cielo Razzo
4989,Cielo Torres
4990,Cigarettes After Sex
4991,Ciju Bless
4992,Cimo Fränkel
4993,Cimone
4994,Cinco
4995,Cinderella
4996,Cinderella Original Motion Picture Cast
4997,Cindy Bourquin
4998,Cindy Combs
4999,Cindy Yen
5000,Cine
5001,Cinnamonrolls
5002,Circa Survive
5003,Circle Jerks
5004,Circle Of Dead Children
5005,Circle Of Live
5006,Circle of Dust
5007,Circle of Life
5008,Circuito Musical
5009,Circuito Reggae
5010,Circuits
5011,Circuladô de Fulô
5012,Circulando De Fulo
5013,Circus No. 9
5014,Ciro Pertusi
5015,Ciro y los Persas
5016,Cise Star
5017,Cisko Disco
5018,City Morgue
5019,City Of Birmingham Symphony Orchestra
5020,City Wolf
5021,Civil Twilight
5022,Civilní Obrana
5023,Cixx
5024,Clair Dietrich
5025,Claire Greenaway
5026,Claire Kuo
5027,Claire Lynch
5028,Claire Moore
5029,Claire Ridgely
5030,Claire Rosinkranz
5031,Claire-Marie Le Guay
5032,Clairo
5033,Clan of Xymox
5034,Clancy Brown
5035,Clannad
5036,Claptone
5037,Clara Cava
5038,Clara Johnson
5039,Clara La San
5040,Clara Mae
5041,Clara Nunes
5042,Clara Sanabras
5043,Clara Stegall
5044,Clara Valverde
5045,Clara Yates
5046,Clare Maguire
5047,"Clarence ""Frogman"" Henry"
5048,Clarence White
5049,ClariS
5050,Clarian
5051,Claribel Ramón
5052,Clarice Falcão
5053,Clarice Jensen
5054,Clarx
5055,Classic
5056,Classic FM Radio Orchestra
5057,Claude Barzotti
5058,Claude Debussy
5059,Claude Oliver Rudolph
5060,Claude VonStroke
5061,Claude Young
5062,Claude-Michel Schönberg
5063,Claudia
5064,Claudia Brücken
5065,Claudia Jung
5066,Claudia Koh
5067,Claudia Leitte
5068,Claudia Manzo
5069,Claudia Valentina
5070,Claudinho Brasil
5071,Claudio Abbado
5072,Claudio Arrau
5073,Claudio Estrada
5074,Claudio Marciello
5075,Claudio Scimone
5076,Claus Dam
5077,Claustrofobia
5078,Clawfinger
5079,Clay Walker
5080,Clayton & Romário
5081,Clayton Queiroz
5082,Clayton Snyder
5083,Clayton-Hamilton Jazz Orchestra
5084,Clea Vincent
5085,Clean Bandit
5086,Cleber & Alex
5087,Cleber & Cauan
5088,Cleber Camargo
5089,Cleiton E Camargo
5090,Clem Leek
5091,Clementina De Jesus
5092,Clementine
5093,Clementine Douglas
5094,Clementine Duo
5095,Cleveland Orchestra
5096,Cleverson Silva
5097,Cliff Edwards
5098,Cliff Martinez
5099,Cliff Richard
5100,Cliff Richard & The Drifters
5101,Cliff Richard & The Shadows
5102,Clifford Brown
5103,Climie Fisher
5104,Clint Is Quinn
5105,Clint Mansell
5106,Clinton
5107,Clinton Cerejo
5108,Clinton Jackson
5109,Clinton Kane
5110,Clio
5111,Clive Farrington
5112,Clive Rowe
5113,Clockartz
5114,Clockvice
5115,Clonnex
5116,Cloonee
5117,Closehead
5118,Clothes Dryer
5119,Cloud 11
5120,Cloud Rat
5121,Clovercroft Kids
5122,Club Kuru
5123,Club des Belugas
5124,ClubDub
5125,Clube Do Balanço
5126,Cluster
5127,Clutch
5128,Clyde
5129,Clyde McPhatter
5130,Clément Debieuvre
5131,Clément Leroux
5132,CoCo Lee
5133,CoComelon
5134,CoMa
5135,Coach Bennet
5136,Coach Kody
5137,Coal Chamber
5138,Cobra Skulls
5139,Cobra Starship
5140,Cobra Wipeout
5141,Cock Robin
5142,Cocktail Slippers
5143,Coco & Breezy
5144,Coco Street
5145,CocoSA
5146,Code Black
5147,Codeko
5148,Codename Chinadoll
5149,Cody
5150,Cody B. Ware
5151,Cody Carnes
5152,Cody Fry
5153,Cody Johnson
5154,Cody Lovaas
5155,Cody Simpson
5156,Coffee Cub
5157,Coffeekids
5158,Coheed and Cambria
5159,Coiffeur
5160,Coka Cobra
5161,Cokobi
5162,Cola Jet Set
5163,Colbie Caillat
5164,Colby O'Donis
5165,Cold
5166,Cold Beat
5167,Cold Blood
5168,Cold Cave
5169,Cold Confusion
5170,Cold Hart
5171,Cold War Kids
5172,Coldabank
5173,Coldcut
5174,Colde
5175,Coldplay
5176,Coldworker
5177,Cole Sprouse
5178,Cole Swindell
5179,Coleman Trapp
5180,Colette Lush
5181,Colin
5182,Colin & Caroline
5183,Colin Donnell
5184,Colin Mawby
5185,Collabro
5186,Collective Soul
5187,College
5188,Collide
5189,Collie Buddz
5190,Collin Raye
5191,Collins
5192,Colo de Deus
5193,Cologne Chamber Orchestra
5194,Colombianas Salsa All Star
5195,Colombo
5196,Colone
5197,Colonel Abrams
5198,Colonel Bagshot
5199,Colonel Reyel
5200,Colorstone
5201,Colour Castle
5202,Colours in Context
5203,Columbine
5204,Colyn
5205,Coma
5206,Comaduster
5207,Combichrist
5208,Comedian Bob Marley
5209,Comisario Pantera
5210,Comma Dee
5211,Commix
5212,Commodores
5213,Common Rider
5214,Compa
5215,Companhia do Calypso
5216,Company
5217,Company - Freaky Friday: A New Musical
5218,Company Ensemble
5219,"Company of SpongeBob SquarePants, The New Musical"
5220,"Company of The Original Broadway Cast Of ""Bridges Of Madison County"""
5221,Compton's Most Wanted
5222,Compulsive Gamblers
5223,Comunidade Católica Shalom
5224,Comunidade Evangélica Internacional da Zona Sul
5225,Comunidade Evangélica de Maringá
5226,Comunidade Jongo Dito Ribeiro
5227,Comunidade Nin-jitsu
5228,Con Alma
5229,Con Funk Shun
5230,Conan
5231,Conan Gray
5232,Conan Osíris
5233,Concept Art
5234,Concerto Köln
5235,Concord Dawn
5236,Conde do Forró
5237,ConeCrewDiretoria
5238,Confess
5239,Confession
5240,Congo Natty
5241,Conjunto Berretin
5242,Conjunto Borincuba
5243,Conjunto Chaney
5244,Conjunto Clásico
5245,Conjunto Ivoti
5246,Conjure One
5247,Connate Exasperation
5248,Connección Santiago
5249,Conner Smith
5250,Connie Constance
5251,Connie Francis
5252,Connie Talbot
5253,Connor Price
5254,Connor Quest!
5255,Connor Questa
5256,Connor Rapper
5257,Conociendo Rusia
5258,Conor Byrne
5259,Conor Gardiner
5260,Conor Matthews
5261,Conor Maynard
5262,Conquer Divide
5263,Conquering Lion
5264,Conrad Sewell
5265,Conrado & Aleksandro
5266,Conro
5267,Conroy Smith
5268,Consciência Humana
5269,Consoul Trainin
5270,Constance Demby
5271,Constantine Maroulis
5272,Contra
5273,Control Freak
5274,Convictions
5275,Conway the Machine
5276,Cookie Monsta
5277,Cookiee Kawaii
5278,Cookiesan
5279,Cookin' On 3 Burners
5280,Cool Candys
5281,Coolio
5282,Cooltime Kids
5283,Coone
5284,Cooper Lagace
5285,Coopex
5286,Coosje Smid
5287,Coqeéin Montana
5288,Coral Kadmiel
5289,Coral Palestrina
5290,Coral Reef
5291,Coral Resgate
5292,Coral Unidade em Cristo
5293,Coral Voice Soul
5294,Coral Vozes Guerreiras
5295,Corazón
5296,Corbett
5297,Corchetis
5298,Cordae
5299,Corey Cott
5300,Corey Hart
5301,Corey Hawkins
5302,Corey Reynolds
5303,Corey Smith
5304,Corey Taylor
5305,Cori Johnson
5306,Corin Curschellas
5307,Corinne Bailey Rae
5308,Corlea
5309,Cormega
5310,Corneille
5311,Cornelis Vreeswijk
5312,Cornmeal
5313,Coro - Il ritorno di Mary Poppins
5314,Coro - Pocahontas
5315,Coro Chile Canta
5316,Coro Del Teatro Alla Scala Di Milano
5317,Coro Ghislieri
5318,Coro Infantil Do Rio De Janeiro
5319,Coro Sinfonico di Milano Giuseppe Verdi
5320,Corporate Hearts
5321,Correatown
5322,Corroded
5323,Corrosion Of Conformity
5324,Cortex
5325,Cortijo Y Su Combo
5326,Coruja Bc1
5327,Corvad
5328,Cory Asbury
5329,Cosculluela
5330,Cosmic Boys
5331,Cosmic Gate
5332,Cosmic Grooves
5333,Cosmic Psychos
5334,Cosmo Swain
5335,Cosmonet
5336,Cosmonov
5337,Cosmos People
5338,Costa Gold
5339,Costa Mee
5340,Costa Pantazis
5341,Coti
5342,Cottonwood Firing Squad
5343,Coulson
5344,Count Basie
5345,Count Five
5346,Counterparts
5347,Counting Crows
5348,Counting Tides
5349,Countree Hype
5350,Couple Skate
5351,Cour
5352,Courting
5353,Courtney
5354,Courtney LaPlante
5355,Courtney Paige Nelson
5356,Cover Drive
5357,Covers Culture
5358,Cowboy Copas
5359,Cowboy KiTa Bill
5360,Coyote Beatz
5361,Coyote Oldman
5362,Cozi Zuehlsdorff
5363,Cr3on
5364,Cr7z
5365,Craankstar
5366,Crackazat
5367,Cradle Of Filth
5368,Craft
5369,Craig Armstrong
5370,Craig Connelly
5371,Craig David
5372,Craig Ferguson
5373,Craig Mack
5374,Craig Ogden
5375,Craig Shoemaker
5376,Craig Urquhart
5377,Craig Xen
5378,Crankdat
5379,Crashville
5380,Crate Diggers
5381,Craveiro & Cravinho
5382,Crayon
5383,Crazibiza
5384,Crazy Ken Band
5385,Crazy Krauts
5386,Crazy Otto
5387,Crazy P
5388,Crazy Town
5389,CrazyBoy
5390,Crea BeatBox
5391,Cream
5392,Creed
5393,Creedence Clearwater Revival
5394,Creek Boyz
5395,Creep Hyp
5396,Creepy Nuts
5397,Crenoka
5398,Creston Herron
5399,Crewkid
5400,Cri-Cri
5401,Crianças Diante do Trono
5402,Crichy Crich
5403,Crickets
5404,Crickets - Tinnitus Sleep Solution
5405,Crimson Memoirs
5406,Criolo
5407,Cripple Bastards
5408,Cris Groenendaal
5409,Cris Mj
5410,Crishna
5411,Crispian Steele-Perkins
5412,Crispy脆樂團
5413,Criss & Ronny
5414,Crissin
5415,Cristal
5416,Cristale
5417,Cristian
5418,Cristian Castro
5419,Cristiano Gaudio
5420,Cristiano Lobo
5421,Cristiano Teixeira
5422,Cristin Milioti
5423,Cristina Eustace
5424,Cristina Gallardo-Domas
5425,Cristina Mel
5426,Cristina Máximo
5427,Cristina Ortiz
5428,Cristina Vidoni
5429,Cristo Vivo
5430,Cristoph
5431,Critical Mass
5432,Crocodylus
5433,Croell
5434,Crooked Still
5435,Crookers
5436,"Crosby, Stills & Nash"
5437,"Crosby, Stills, Nash & Young"
5438,Crossfade
5439,Crowd Lu
5440,Crowd+Ctrl
5441,Crown The Empire
5442,Crows in the Rain
5443,Cruachan
5444,Crude Intentions
5445,Cruel Force
5446,Crumb
5447,Crush
5448,Crusy
5449,Cry4Tre
5450,Cryex
5451,Crying
5452,Cryogenic
5453,Crypsis
5454,Crypton
5455,Crystal Aikin
5456,Crystal Castles
5457,Crystal F
5458,Crystal Kay
5459,Crystal Lake
5460,Crystal Mad
5461,Crystal Skies
5462,Crystal Waters
5463,Crystalline
5464,Crywolf
5465,Ctrl Alt Esc
5466,Ctrl-Z
5467,Cuarteto La Púa
5468,Cuarteto Patria
5469,Cub Rayan
5470,Cuba Cuba
5471,Cuban Link
5472,Cubicolor
5473,Cuca
5474,Cucha Cavalheiro
5475,Cuchillazo
5476,Cuco Sánchez
5477,Cuco Valoy
5478,Cucuza Castiello
5479,Cueio Limão
5480,Cuencos Tibetanos Sonidos Relajantes
5481,Culprate
5482,Cult Of Fire
5483,Cults
5484,Culture
5485,Culture Beat
5486,Culture Club
5487,Culture Code
5488,Culture Queen
5489,Culture Shock
5490,Culwick Choral Society
5491,Cumbiafrica
5492,Cuna
5493,Cuper
5494,Cupid
5495,Cupido
5496,Curasbun
5497,Curbi
5498,Curly
5499,Curren$y
5500,Current Joys
5501,Currents
5502,Cursed Kingdom
5503,Cursive
5504,Curt Cazal
5505,Curtis B
5506,Curtis Holbrook
5507,Curtis Mayfield
5508,Curtis McClain
5509,Curtis Potter
5510,Curumin
5511,Cusch Jung
5512,Cusco
5513,Cut Chemist
5514,Cut La Roc
5515,Cut Off
5516,Cut Worms
5517,Cutee B.
5518,Cutting Crew
5519,Cutty Ranks
5520,Cyantific
5521,Cybass
5522,Cyber
5523,Cyberbully Mom Club
5524,Cybotron
5525,Cyclo
5526,Cyhra
5527,Cylob
5528,Cymande
5529,Cyndi Lauper
5530,Cyndi Wang
5531,Cynthia Erivo
5532,Cynthia Luz
5533,Cypress Hill
5534,Cyril Kamer
5535,Cyril Mathews
5536,Cyril Neville
5537,Cyril Pahinui
5538,Czech National Symphony Orchestra
5539,Czech Philharmonic Orchestra
5540,Czeslaw Mozil
5541,Cássia Eller
5542,Cátia Moreira
5543,Cäbränegrä
5544,Cécile McLorin Salvant
5545,Célia Sakamoto
5546,Céline Dion
5547,César Araújo
5548,César Menotti & Fabiano
5549,César Vidal
5550,Céu
5551,Cícero
5552,Cícero Dantas
5553,Cólera
5554,Côrdydd
5555,Cö Shu Nie
5556,Cœur De Pirate
5557,D Mafia Muzik
5558,D Taylor
5559,D'Arcangelo
5560,D'Evil
5561,D'banj
5562,D'yani
5563,D-51
5564,D-Attack
5565,D-Block & S-te-Fan
5566,D-Block Europe
5567,D-Ceptor
5568,D-Charged
5569,D-Fence
5570,D-Formation
5571,D-Hit
5572,D-Jahsta
5573,D-Major
5574,D-Mind
5575,D-Stroyer
5576,D-Sturb
5577,D-Unity
5578,D. Imman
5579,D.ACE
5580,D.Butler
5581,D.F.C.
5582,D.I.T.C.
5583,D.L. Hughley
5584,D.O.
5585,D.O.D
5586,D.T.E
5587,D12
5588,D80
5589,DA PUMP
5590,DA Uzi
5591,DAF
5592,DAKU
5593,DANSKY RECORDS
5594,DARE
5595,DAVICHI
5596,DAVID AUGUST
5597,DAY 7
5598,DAZZ
5599,DAZZLE VISION
5600,DBN Gogo
5601,DC Breaks
5602,DC Grimsta
5603,DC Krma
5604,DC The Don
5605,DCMBR
5606,DCS
5607,DCazz
5608,DE'WAYNE
5609,DEAD END
5610,DEADLIFE
5611,DEAN FUJIOKA
5612,DEATH CODE
5613,DEATH NOTE デスノート
5614,DECO*27
5615,DEELYLE
5616,DEGO
5617,DEHA INC.
5618,DEL-30
5619,DELLAFUENTE
5620,DENNIS
5621,DENZO
5622,DESTIN CONRAD
5623,DEV
5624,DEVO
5625,DEXTER KING
5626,DG e Batidão Stronda
5627,DGHTR
5628,DHN Missile
5629,DI MI DO
5630,DIALOGUE+
5631,DIGITAL KINGZ
5632,DILOMAN
5633,DING DONG
5634,DIRTYXAN
5635,DISH//
5636,DIVINE
5637,DIXSON
5638,DIZE
5639,DJ 2K DO TAQUARIL
5640,DJ 3000
5641,DJ 900
5642,DJ A3
5643,DJ AG PROD
5644,DJ Abraxas
5645,DJ Acres
5646,DJ Aftab
5647,DJ Afterthought
5648,DJ Agnivesh
5649,DJ Alle Mark
5650,DJ Andrômeda
5651,DJ Arana
5652,DJ Arthur ZL
5653,DJ Artz
5654,DJ BL
5655,DJ BOY
5656,DJ BRUNO PRADO
5657,DJ BUNE
5658,DJ Babu
5659,DJ Baby Anne
5660,DJ Bake
5661,DJ Balineiro
5662,DJ Battle
5663,DJ Biel Beats
5664,DJ Biel Bolado
5665,DJ Black Rock
5666,DJ Blakes
5667,DJ Bratti SC
5668,DJ Bryan
5669,DJ Buddha
5670,DJ Buzz Fuzz
5671,DJ CARAI
5672,DJ Cam
5673,DJ Carlo
5674,DJ Cashi
5675,DJ Cayoo
5676,DJ Chose
5677,DJ Cia
5678,DJ Cost
5679,DJ Cotton Eye Joe
5680,DJ Covy
5681,DJ DB
5682,DJ DN
5683,DJ Dark
5684,DJ David Dee
5685,DJ Deeon
5686,DJ Deep
5687,DJ Delirium
5688,DJ Die
5689,DJ Drama
5690,DJ Düse
5691,DJ Envy
5692,DJ Ery
5693,DJ F7
5694,DJ FERRAZ
5695,DJ FUMINHO
5696,DJ Faveliano
5697,DJ Fixx
5698,DJ Flex
5699,DJ Fly
5700,DJ Frank E
5701,DJ Fresh
5702,DJ Frog
5703,DJ Frosty
5704,DJ Furax
5705,DJ GH7
5706,DJ GUSTAVO DA VS
5707,DJ Gbeats
5708,DJ Ghost Floripa
5709,DJ Gijs
5710,DJ Gimi-O
5711,DJ Glenner
5712,DJ Gollum
5713,DJ Gordinho
5714,DJ Greg C
5715,DJ Gu
5716,DJ Guh Mix
5717,DJ Guih Da ZO
5718,DJ HG MLK É BRABO
5719,DJ Ham
5720,DJ Hazard
5721,DJ Heini
5722,DJ Hell
5723,DJ Hella HIGH
5724,DJ Herzbeat
5725,DJ Hype
5726,DJ IZEUS
5727,DJ Icey
5728,DJ Isaac
5729,DJ JR No Beat
5730,DJ Jamaika
5731,DJ Jantje
5732,DJ Jayhood
5733,DJ Jeeh FDC
5734,DJ João da Inestan
5735,DJ K2
5736,DJ KS
5737,DJ KS SHEIK
5738,DJ Kantik
5739,DJ Kayz
5740,DJ Kelwin Lopes
5741,DJ Khaled
5742,DJ Kley
5743,DJ Koze
5744,DJ Krazy
5745,DJ Krush
5746,DJ LBR
5747,DJ LILMAN
5748,DJ Lancinhouse
5749,DJ Laszlo
5750,DJ Law
5751,DJ Lense
5752,DJ Lg do Sf
5753,DJ Luan Beat 7
5754,DJ Luan Qr
5755,DJ Luck & MC Neat
5756,DJ Luian
5757,DJ Léo BQ
5758,DJ MAVICC
5759,DJ MNS
5760,DJ MOX
5761,DJ Madd
5762,DJ Maddog
5763,DJ Magrones
5764,DJ Manabu
5765,DJ Maphorisa
5766,DJ Marcelo
5767,DJ Marky
5768,DJ Marlboro
5769,DJ Martiens
5770,DJ Mass
5771,DJ Matheus Lazaretti
5772,DJ Matt D
5773,DJ Maurice
5774,DJ Medved
5775,DJ Meek
5776,DJ Mico
5777,DJ Mister Cee
5778,DJ Mongoose
5779,DJ Mox
5780,DJ Mustard
5781,DJ Mutiny
5782,DJ NEGRESKO
5783,DJ Negret
5784,DJ Nelson
5785,DJ Neptune
5786,DJ Noiz
5787,DJ NpcSize
5788,DJ Nu-Mark
5789,DJ Nyack
5790,DJ Nyk
5791,DJ Oreia
5792,DJ Ostkurve
5793,DJ P13
5794,DJ PANDISK
5795,DJ PATRICK ZS
5796,DJ PH DA SERRA
5797,DJ PP
5798,DJ PV
5799,DJ Padre
5800,DJ Panic
5801,DJ Patife
5802,DJ Paul
5803,DJ Petit
5804,DJ Pierre
5805,DJ Premier
5806,DJ Primecuts
5807,DJ Quest
5808,DJ Quik
5809,DJ RC
5810,DJ RD DA DZ7
5811,DJ RF3
5812,DJ Radiate
5813,DJ Rafinha Dz7
5814,DJ Raja
5815,DJ Ramonstro
5816,DJ Rap
5817,DJ Red
5818,DJ Rob
5819,DJ Robin
5820,DJ Roca
5821,DJ Roger Vale
5822,DJ Rolando
5823,DJ Ronnie
5824,DJ Rozwell
5825,DJ Ruan da VK
5826,DJ Ruckes
5827,DJ Ruffneck
5828,DJ Rush
5829,DJ S.K.T
5830,DJ SANJU OFFICIAL
5831,DJ Sa
5832,DJ Seduction
5833,DJ Selecta
5834,DJ Shadow
5835,DJ Shog
5836,DJ Silvério
5837,DJ Sim
5838,DJ Skull
5839,DJ Sliink
5840,DJ Slugo
5841,DJ Smallz 732
5842,DJ Smoak
5843,DJ Snake
5844,DJ Sneak
5845,DJ Spen
5846,DJ SpinKing
5847,DJ Spooky
5848,DJ Ss
5849,DJ Stephanie
5850,DJ Strings
5851,DJ Suv
5852,DJ Swat
5853,DJ TH DO PRIMEIRO
5854,DJ TS
5855,DJ Taj
5856,DJ Tarico
5857,DJ Tarkan
5858,DJ Team Oep Ze Kant
5859,DJ Tenebroso
5860,DJ Trace
5861,DJ Tray
5862,DJ Trevor
5863,DJ Tunez
5864,DJ UDAYA SAHU
5865,DJ VST
5866,DJ Vadim
5867,DJ Valdi
5868,DJ Vilão
5869,DJ Vince
5870,DJ Vinimax
5871,DJ Virus
5872,DJ WIZARD
5873,DJ WN
5874,DJ Wallah
5875,DJ Waxweazle
5876,DJ Weirdo
5877,DJ Will SP
5878,DJ Will22
5879,DJ Wink's
5880,DJ Wizard
5881,DJ Ws da Igrejinha
5882,DJ Yella
5883,DJ Yogii
5884,DJ Zinc
5885,DJ Ötzi
5886,DJ.B
5887,DJ30A
5888,DJLeach
5889,DLG
5890,DLMT
5891,DM Galaxy
5892,DMA ILLAN
5893,DMX
5894,DN do Recife
5895,DNAKM
5896,DNC
5897,DNCE
5898,DNMO
5899,DOES
5900,DOLLA
5901,DON BROCO
5902,DONDON
5903,DONNER
5904,DOWN
5905,DOXX
5906,DRAMA
5907,DRAY
5908,DREAMS COME TRUE
5909,DROELOE
5910,DROPiXX
5911,DRS
5912,DRY&HEAVY
5913,DRYM
5914,DSM
5915,DSTORTD
5916,DTF
5917,DUDA BEAT
5918,DV8
5919,DV8 Rocks!
5920,DVBBS
5921,DVRKCLOUD
5922,DWLLRS
5923,DYEN
5924,DZ Deathrays
5925,Da Melhor Qualidade
5926,Da Mouth of Madness
5927,Da Poet
5928,Da Problem Solvas
5929,Da Real Emkay
5930,Da TMC
5931,Da Tweekaz
5932,Da Vynalist
5933,Da$H
5934,Da'ville
5935,Da-iCE
5936,DaBaby
5937,DaNica
5938,Daani
5939,Dabin
5940,Dabzee
5941,Dada Life
5942,Dada Yute
5943,Daddy Freddy
5944,Daddy Jean
5945,Daddy Shaq
5946,Daddy Waku
5947,Daddy Yankee
5948,Daddy1
5949,Daddyphatsnaps
5950,Dadju
5951,Dado Villa-Lobos
5952,Daedric
5953,Daft Punk
5954,Dafuniks
5955,Dag Vag
5956,Dagda
5957,Dagmar Collier
5958,Dagny
5959,Dahl
5960,Daichi Miura
5961,Daigo Hanada
5962,Dailey & Vincent
5963,Dailucia
5964,Dailyn Curbelo
5965,Daiquiri
5966,Daisuke Tanabe
5967,Daisy Duck
5968,Daisy Guttridge
5969,Daisy the Great
5970,DaisyBanaisy
5971,Dajae
5972,Dakota
5973,Daks
5974,Dale Ann Bradley
5975,Dale Hawkins
5976,Dale Howard
5977,Daleema
5978,Daler Mehndi
5979,Dalex
5980,Dallas
5981,Dallas Austin
5982,Dallas Stars
5983,Dallas Wayne
5984,DallasK
5985,Dallass
5986,Dallerium
5987,Dallomo
5988,Dalmata
5989,Dalora
5990,Dalsin
5991,Dalto
5992,Dalua
5993,Dalva De Oliveira
5994,Dam Swindle
5995,Damage
5996,Damage Musiq
5997,Damaged Goods (UK)
5998,Damageplan
5999,Damares
6000,Damassaclan
6001,Dame
6002,Dame Joan Sutherland
6003,Damero.
6004,Damian Bolotin
6005,Damian Marley
6006,Damian McGinty
6007,Damian Ray
6008,Damien
6009,Damien N-Drix
6010,Damien Rice
6011,Damn Yankees
6012,Damon Albarn
6013,Damon Empero
6014,Damon Hess
6015,Damon Jee
6016,Damon Paul
6017,Damon Sharpe
6018,Damso
6019,Dan
6020,Dan + Shay
6021,Dan Andriano in the Emergency Room
6022,Dan Auerbach
6023,Dan Berk
6024,Dan Bowskill
6025,Dan Caplen
6026,Dan Cummins
6027,Dan Domenech
6028,Dan Gibson's Solitudes
6029,Dan Hartman
6030,Dan Hylander
6031,Dan Lellis
6032,Dan Levy
6033,Dan Melchior
6034,Dan Pearson
6035,Dan Reynolds
6036,Dan Seals
6037,Dan Soleil
6038,Dan Stevens
6039,Dan Stezo
6040,Dan Truhitte
6041,Dan Tyminski
6042,Dan Vapid & the Cheats
6043,Dan Ventura
6044,Dan Watson
6045,Dana Gould
6046,Dana Salah
6047,Danakil
6048,Dance Dance Dance!
6049,Dance Gavin Dance
6050,Dance of Days
6051,Dancing Mood
6052,Dancody
6053,Dandara Guinares
6054,Dane Amar
6055,Danelle Sandoval
6056,Dang Thai Son
6057,Dang3r
6058,Dangerkids
6059,Dani Fernández
6060,Dani Filth
6061,Dani Garcia
6062,Dani King
6063,Dani M
6064,Dani Martín
6065,Dani Nel-lo
6066,Dani Poppitt
6067,Dani Sause
6068,Dani Sbert
6069,Dani Vellocet
6070,DaniLeigh
6071,DaniSogen
6072,Danie Green
6073,Daniel
6074,Daniel & Samuel
6075,Daniel Adams-Ray
6076,Daniel Andersson
6077,Daniel Araujo
6078,Daniel Balavoine
6079,Daniel Barenboim
6080,Daniel Caesar
6081,Daniel Caon
6082,Daniel Chan
6083,Daniel Cooney
6084,Daniel Deluxe
6085,Daniel Di Angelo
6086,Daniel Ek
6087,Daniel Glaven
6088,Daniel Gonzaga
6089,Daniel Gutierrez
6090,Daniel Harding
6091,Daniel Hope
6092,Daniel J. Edwards
6093,Daniel Johnston
6094,Daniel Kaede
6095,Daniel Kobialka
6096,Daniel Koek
6097,Daniel Levi
6098,Daniel Lioneye
6099,Daniel Lo
6100,Daniel Lozakovich
6101,Daniel May
6102,Daniel Melingo
6103,Daniel Nitt
6104,Daniel Pemberton
6105,Daniel Pezzotti
6106,Daniel Pioro
6107,Daniel Radcliffe
6108,Daniel Reichert
6109,Daniel Robinson
6110,Daniel Ryan Murphy
6111,Daniel Silva
6112,Daniel Souza
6113,Daniel Steinberg
6114,Daniel Stewart Sherman
6115,Daniel Telis
6116,Daniel Zapico
6117,Daniel Zueras
6118,Daniel e Samuel
6119,"Daniel, Me Estás Matando"
6120,Daniela Alfinito
6121,Daniela Andrade
6122,Daniela Araújo
6123,Daniela Darcourt
6124,Daniela Longhi
6125,Daniela Rathana
6126,Daniele Leoni
6127,Danielle Bradbery
6128,Danielle Cristina
6129,Danielle Fleur
6130,Danielle Laval
6131,Danielzinho Grau
6132,Danieze Santiago
6133,Daniil Trifonov
6134,Danilo Dellepiane
6135,Danindra DIVIDE
6136,Daniyel
6137,Danju
6138,Danko Jones
6139,Danna Lisboa
6140,Danna Paola
6141,Danne Stråhed
6142,Danni Baylor
6143,Danni Carra
6144,Dannic
6145,Danny & The Juniors
6146,Danny Avila
6147,Danny Breaks
6148,Danny Burstein
6149,Danny Byrd
6150,Danny Carvalho
6151,Danny Chan
6152,Danny Chung
6153,Danny Cocke
6154,Danny Cooltmoore
6155,Danny Daniel
6156,Danny G
6157,Danny Gokey
6158,Danny Howard
6159,Danny Ke Dose
6160,Danny Koo
6161,Danny L Harle
6162,Danny Ocean
6163,Danny Olson
6164,Danny Romero
6165,Danny Saucedo
6166,Danny Wright
6167,Dansado & De Feestmeester
6168,Dante
6169,Dante Bowe
6170,Dante Carlos
6171,Dante Klein
6172,Dantiez
6173,Dantra
6174,Danvendra Arya
6175,Dany Synthé
6176,Danyka Nadeau
6177,Danzig
6178,Daphne Rubin-Vega
6179,Daphni
6180,Dara O Briain
6181,Darbuka Siva
6182,Darci
6183,Darcie Roman
6184,Darckstar
6185,Dardan
6186,Dardust
6187,Darell
6188,Dari
6189,Daria Hovora
6190,Darin
6191,Dario G
6192,Dario Marianelli
6193,Dario Moreno
6194,Darius
6195,Darius & Finlay
6196,Darius King
6197,Darius Rucker
6198,Darius Syrossian
6199,Dariush
6200,Dariush Dolat-Shahi
6201,Dark Funeral
6202,Dark Lunacy
6203,Dark Rehab
6204,Dark Sarah
6205,Dark Smoke Signal
6206,Dark Thoughts
6207,Dark Tranquillity
6208,Dark-E
6209,Dark0
6210,Darkest Hour
6211,Darkey
6212,Darkiel
6213,Darkk Matter
6214,Darkkey
6215,Darko US
6216,Darksiight
6217,Darkthrone
6218,Darla Jade
6219,Darlene Zschech
6220,Daron Malakian
6221,Darran Muller
6222,Darrell McCall
6223,Darrell Scott
6224,Darren Criss
6225,Darren Porter
6226,Darren Styles
6227,Darrien
6228,Darrison
6229,Darryl Lenox
6230,Darshan Raval
6231,Darude
6232,Darwin
6233,Daryl Hall & John Oates
6234,Darzamat
6235,Das EFX
6236,Das Hamburger Ensemble
6237,Das Lumpenpack
6238,Das Münchner Rundfunkorchester
6239,Dascha Polanco
6240,Dasco
6241,Dash
6242,Dash Berlin
6243,Dash Y Cangri
6244,Dashboard Confessional
6245,Dasinga
6246,Daso
6247,Dastic
6248,Datach'i
6249,Datassette
6250,Datsik
6251,Datune
6252,Daughtry
6253,Dav Dralleon
6254,Dave Audé
6255,Dave Barnes
6256,Dave Bascombe
6257,Dave Brown
6258,Dave Brubeck
6259,Dave East
6260,Dave Edmunds
6261,Dave Gibson
6262,Dave Koz
6263,Dave Lee
6264,Dave Lombardo
6265,Dave Matthews Band
6266,Dave Mustaine
6267,Dave Revan
6268,Dave Stewart
6269,Dave The Hustler
6270,Dave Thomas Junior
6271,Dave Van Ronk
6272,Dave Wong
6273,Dave and Ava
6274,Daveed Diggs
6275,Davi
6276,Davi Sacer
6277,Davi Singh
6278,David & Steve Gordon
6279,David Alvarez
6280,David Arkenstone
6281,David Arnold
6282,David Avilés Morales
6283,David Bell
6284,David Bisbal
6285,David Boomah
6286,David Bowie
6287,David Brinston
6288,David Buckley
6289,David Byrne
6290,David Calzado y su Charanga Habanera
6291,David Carnes
6292,David Carretta
6293,David Cedeño
6294,David Cross
6295,David Crowe
6296,David DeMaría
6297,David Devoto
6298,David Forbes
6299,David Foster
6300,David Frank
6301,David Fung
6302,David Funk
6303,David Gilmour
6304,David Grant
6305,David Grier
6306,David Grisman
6307,David Guetta
6308,David Guzman
6309,David Hazeltine
6310,David Healer
6311,David Helpling
6312,David Hernando
6313,David Hibbard
6314,David Hodges
6315,David Holmes
6316,David Huntsinger
6317,David Hyde Pierce
6318,David J
6319,David Kushner
6320,David Lanz
6321,David Leonard
6322,David Lindley
6323,David Ling
6324,David Ling Jr
6325,David Ling Jr. and Johnny at CBS
6326,David Lui
6327,David Moore
6328,David Morales
6329,David Nevue
6330,David Ogden Stiers
6331,David Otero
6332,David Pabon
6333,David Penn
6334,David Puentez
6335,David Quinlan
6336,David Rawlings
6337,David Ritschard
6338,David Seville
6339,David Shane
6340,David Shaw and The Beat
6341,David Shiner
6342,David Spade
6343,David Spekter
6344,David Stivender
6345,David Sylvian
6346,David Syrus
6347,David Tao
6348,David Temessi
6349,David Thomas
6350,David Tomlinson
6351,David Trindade
6352,David Wahler
6353,David Ware
6354,David Whistle
6355,David Witczak
6356,David Xirgu
6357,David Y Abraham
6358,David Zepeda
6359,David Zippel
6360,Davide Dalli Cardillo
6361,Davide Famularo
6362,Davide Sonar
6363,Davido
6364,Davidson Silva
6365,Davignon
6366,Davila 666
6367,Daviles de Novelda
6368,Davina Michelle
6369,Davis
6370,Davis John Patton
6371,Davis Mallory
6372,Davizinho
6373,Davodka
6374,Davojah
6375,Davy Cornillot
6376,Dawid Narożny
6377,Dawid Runtz
6378,Dawn Golden
6379,Dawn Of Ashes
6380,Dawn Upshaw
6381,Dawn Wall
6382,Dawty Music
6383,Dax
6384,Dax Wolf
6385,Daxson
6386,Day e Lara
6387,Day-Mar
6388,Daya
6389,Dayana
6390,Dayce Williams
6391,Daye
6392,Daye Jack
6393,Daylight
6394,Dayme y El High
6395,Days N Daze
6396,Days Of The New
6397,Dayseeker
6398,Dayser 23
6399,Daz Dillinger
6400,Dazaranha
6401,Dazik69
6402,Ddy Nunes
6403,De Alpenzusjes
6404,De Antennes
6405,De Beatsers
6406,De Brassers
6407,De Deurzakkers
6408,De Doelleazen
6409,De Hofnar
6410,De Kraaien
6411,De La Ghetto
6412,De La Soul
6413,De La Tierra
6414,De Lorra
6415,De Mangueira
6416,De Moi
6417,De Mosselman
6418,De Nalgas
6419,De Profundis
6420,De Rien
6421,De Seu
6422,De Vet Du
6423,De'nie wel Rave
6424,De-Phazz
6425,DeBarge
6426,DeGoBooM
6427,DeVita
6428,Dead By Sunrise
6429,Dead Dawg
6430,Dead Fish
6431,Dead Ghosts
6432,Dead Heat
6433,Dead Hot Workshop
6434,Dead Infection
6435,Dead Kennedys
6436,Dead Moon
6437,Dead Or Alive
6438,Dead Prez
6439,Dead To Fall
6440,Dead To Me
6441,Dead by April
6442,DeadSquad
6443,Deadbolt
6444,Deaded Yasuke
6445,Deadlife
6446,Deadly Guns
6447,Deadlyft
6448,Deadsy
6449,Deaf Kev
6450,Deafheaven
6451,Deal Casino
6452,Deal's Gone Bad
6453,Dean Demir
6454,Dean Evenson
6455,Dean Fraser
6456,Dean Jones
6457,Dean Lewis
6458,Dean Martin
6459,Deanie Ip
6460,Deano Yipadee
6461,Dear Gravity
6462,Dear Jane
6463,Dear Seattle
6464,Dear Silas
6465,Death
6466,Death Angel
6467,Death Cab for Cutie
6468,Death From Above 1979
6469,Death Grips
6470,Death In Vegas
6471,Death Lens
6472,Death Stranding: Timefall
6473,Death Toll 80K
6474,Deathpact
6475,Deathstars
6476,Deathtune
6477,Deb Talan
6478,Debabrata Gogoi
6479,Debbie Doo
6480,Debbie Turner
6481,Debbies
6482,Debby van Dooren
6483,Deborah Blues
6484,Deborah Hanks
6485,Deborah de Luca
6486,Deb’s Daughter
6487,Decada Explosiva
6488,Decipher
6489,Declan McKenna
6490,Deddy Dhukun
6491,Dede Sabunge
6492,Dee MC
6493,DeeWunn
6494,Deejay Biene
6495,Deejay Matze
6496,Deekapz
6497,Deekline
6498,Deekline & Wizard
6499,Deemas J
6500,Deen Burbigo
6501,Deep Chills
6502,Deep Clarity
6503,Deep Forest
6504,Deep Jahi
6505,Deep Jandu
6506,Deep Joshi
6507,Deep Meditation Lullabies
6508,Deep Money
6509,Deep Ng
6510,Deep Purple
6511,Deep Sen
6512,Deep Sleep
6513,Deep Sleep & Relajacion Del Mar
6514,Deep Sleep Background Noise
6515,Deep Sleep Brown Noise
6516,Deep Sleep Hair Dryers
6517,Deep Sleep Lullabies
6518,Deep Sleep Meditation
6519,Deep Sleep Music Collective
6520,Deep Sleep Rain Sounds
6521,Deep Sleep Relaxation
6522,Deep Sleep Systems
6523,Deep Sleep Vacuum Cleaners
6524,Deep Sleep Waterfalls
6525,Deep Sleep White Noise
6526,Deep88
6527,Deepa Miriam
6528,Deepack
6529,Deepak
6530,Deepak Blue
6531,Deepak Chandran Ganesh
6532,Deepak Dev
6533,Deepak Pandit
6534,Deepak Rathore Project
6535,Deepanshu Ruhela
6536,Deeparture
6537,Deepend
6538,Deeperise
6539,Deepika
6540,Deepti
6541,Deerhunter
6542,Deetox
6543,Deetron
6544,Def Leppard
6545,Defa
6546,Default
6547,"Defiance, Ohio"
6548,Deficio
6549,Definition
6550,Defis
6551,Defkhan
6552,Deftones
6553,Dego
6554,Degree
6555,Dehmo
6556,Deibeat
6557,Deichkind
6558,Deicide
6559,Deidre Goodwin
6560,Deine Cousine
6561,Deise do Vale
6562,Deive Leonardo
6563,Dejw
6564,Deke Dickerson
6565,Dekel
6566,Dekker
6567,Del McCoury
6568,Del Shannon
6569,Del The Funky Homosapien
6570,Del Water Gap
6571,Del Wood
6572,Delacey
6573,Delacruz
6574,Delain
6575,Delaion
6576,Delaney Bailey
6577,Delaney Jane
6578,Delaney Stein
6579,Delano
6580,Delano Smith
6581,Dele Ojo
6582,Delegation
6583,Delete
6584,Delgao
6585,Delhia De France
6586,Delilah
6587,Delilah Montagu
6588,Delina
6589,Delino Marçal
6590,Delinquent Habits
6591,Delirious & Alex K
6592,Delirious?
6593,Delit Quirion
6594,Delius
6595,Della
6596,Della Mae
6597,Delley & Dorivan
6598,Delly Ranks
6599,Delphine Haidan
6600,Delroy Wilson
6601,Delta Deez
6602,Delta Don and Theta Mind Cream
6603,Delta Heavy
6604,Delta Spirit
6605,Delux
6606,Deluxe
6607,Deluzion
6608,Dely Kate
6609,Demarco
6610,Demarious Cole
6611,Demented Scumcats
6612,Demerris
6613,Demeter
6614,Demetrius
6615,Demi Kanon
6616,Demi Lardner
6617,Demi Lovato
6618,Demi Portion
6619,Demian Bichir
6620,Demian Rodríguez
6621,Demo
6622,Demon Hunter
6623,Demonios Da Garoa
6624,Dempagumi.Inc
6625,Demuir
6626,Demus
6627,Denaun
6628,Dendipappey
6629,Denean
6630,Denes Kumar
6631,Deniece Williams
6632,Denied
6633,Deniel Perer
6634,Denis First
6635,Denis Horvat
6636,Denis Impulsywni
6637,Denis Kenzo
6638,Denis O'Hare
6639,Denis Turbide
6640,Denise Belfon
6641,Denise Cerqueira
6642,Denise Faye
6643,Denise Ho
6644,Denise Julia
6645,Denise Rosenthal
6646,Denise Santoz
6647,Denise Young
6648,Deniz Bul
6649,Deniz Koyu
6650,Deniz Seki
6651,Deniz Tekin
6652,Denki Groove
6653,DenniJasmin
6654,Dennis Brown
6655,Dennis Cometti
6656,Dennis Doff
6657,Dennis Kruissen
6658,Dennis Lloyd
6659,Dennis Martin
6660,Dennis Miller
6661,Dennis Quin
6662,Dennis Schober
6663,Dennis Scott
6664,Dennis Sheperd
6665,Dennis aus Hürth
6666,Denny
6667,Deno
6668,Deny
6669,Denz
6670,Denzal Park
6671,Denzel Curry
6672,Deorro
6673,Depresión Sonora
6674,Depresszió
6675,Dept
6676,Depth Charge
6677,Der Benniii
6678,Der Bielefelder Kinderchor
6679,Der Dritte Raum
6680,Der Lieblingsidiot
6681,Der Tod und die Landsknechte
6682,Der Vollhorst
6683,Der Weg einer Freiheit
6684,Derehna Nalnie
6685,Derek & The Dominos
6686,Derek Joel
6687,Derek Klena
6688,Derek Sanders
6689,Derek Trucks
6690,Derek Varnals
6691,Dermot Kennedy
6692,Derrick Carter
6693,Derrick Harriott
6694,Derrick May
6695,Deru
6696,Dervişan
6697,Derya Bedavacı
6698,Des Rocs
6699,Desalmado
6700,Desaster
6701,Descansa
6702,Descemer Bueno
6703,Descendents
6704,Desejo De Menina
6705,Desejo de Menina
6706,Deserts Chang
6707,Desi Crew
6708,Desiree Goyette
6709,Desireless
6710,Desmod
6711,Desmond Dennis
6712,Desolate Horizons
6713,Desorden Público
6714,Despise You
6715,Despistaos
6716,Dessa
6717,Destinity
6718,Destino San Javier
6719,Destly
6720,Destra
6721,Destroy Rebuild Until God Shows
6722,Destructive Tendencies
6723,Destryur
6724,Deströyer 666
6725,Deterioration
6726,DethWrld
6727,Detonautas Roque Clube
6728,Detour City
6729,Deuter
6730,Deutsche Kammerphilharmonie Bremen
6731,Deutsches Filmorchester Babelsberg
6732,Deutsches Kammerorchester Berlin
6733,Dev Negi
6734,Devan
6735,Devan Ekambaram
6736,Devaroux
6737,Devasto Prod
6738,Devdutta Manisha Baji
6739,Devendra Banhart
6740,Devi Sri Prasad
6741,Devika Soorya Prakash
6742,Devil Master
6743,Devil Presley
6744,DevilDriver
6745,Devilo
6746,Devin Dawson
6747,Devin Hoffman
6748,Devin Kennedy
6749,Devin Tracy
6750,Devin Wild
6751,Devine
6752,Devinho Novaes
6753,Devochka
6754,Devon Baldwin
6755,Dewain Whitmore
6756,Dexta Daps
6757,Dexter
6758,Dexys Midnight Runners
6759,Deyim Yerindeyse
6760,Deza
6761,Dezza
6762,Dfideliz
6763,Dhamika
6764,Dhan
6765,Dhani Harrison
6766,Dhanush
6767,Dhanwin K B
6768,Dharan Kumar
6769,Dhaval Kothari
6770,Dhee
6771,Dhibu Ninan Thomas
6772,Dhilip Varman
6773,"Dhilip Varman,Karthik"
6774,Dhinesh Nagarajan
6775,Dhruv Bhola
6776,Dhruv Ghanekar
6777,Dhruv Kapoor
6778,Dhruv Sangari
6779,Dhruv Visvanath
6780,Dhurata Dora
6781,Dhvani Bhanushali
6782,Dhyo Haw
6783,Di Ferrero
6784,Di Genius
6785,Di Ma
6786,Di Paullo & Paulino
6787,Di Propósito
6788,Di-Meh
6789,Dia Frampton
6790,Dia Psalma
6791,Diablo
6792,Diablo Swing Orchestra
6793,Diabolic Night
6794,Diamond Eyes
6795,Diamond Platnumz
6796,Diamond Yukai
6797,Diamondancer
6798,Dian Pramana Poetra
6799,Dian Sastrowardoyo
6800,Diana Krall
6801,Diana Leah
6802,Diana Miro
6803,Diana Ross
6804,Diana Wang
6805,Diandra Faye
6806,Diane Birch
6807,Diane Charlemagne
6808,Diane Pilcher
6809,Diane Warren
6810,Diante do Trono
6811,Dibob
6812,Dibujo Mc
6813,Dice Of Nights
6814,Dick & Dee Dee
6815,Dick Cavett
6816,Dick Hyman
6817,Dick Lee
6818,Dick Stabile And His Orchestra
6819,Dick Van Dyke
6820,Dickie Jones
6821,Dickster
6822,Dicky Cheung
6823,Didar Sandhu
6824,Diddy
6825,Didi Gutman
6826,Didi Kempot
6827,Dido
6828,Die 12 Cellisten der Berliner Philharmoniker
6829,Die 3 Besoffskis
6830,Die Apokalyptischen Reiter
6831,Die Atzen
6832,Die Cappuccinos
6833,Die Draufgänger
6834,Die Flippers
6835,Die Gebrüder Brett
6836,Die Gerchli
6837,Die Heufresser
6838,Die Mallorca Cowboys
6839,Die Obersteirer
6840,Die Paldauer
6841,Die Partymacher
6842,Die Spassrebellen
6843,Die Toten Hosen
6844,Die Zipfelbuben
6845,Die jungen Zillertaler
6846,Die Ärzte
6847,Diego
6848,Diego & Arnaldo
6849,Diego & Victor Hugo
6850,Diego Fernandes
6851,Diego Herrera
6852,Diego Karter
6853,Diego Luna
6854,Diego Miranda
6855,Diego Straube
6856,Diego Topa
6857,Diego Torres
6858,"Diego, Dora & Friends"
6859,Dierks Bentley
6860,Dieter Huber
6861,Dietmar Keller
6862,Dietrich Fischer-Dieskau
6863,Digga D
6864,DiggzDaProphecy
6865,Digi Doran
6866,Digicult
6867,Digital Base
6868,Digital Boy
6869,Digital Dread
6870,Digital Farm Animals
6871,Digital Lab
6872,Digital Punk
6873,Digitaldubs
6874,Digitonal
6875,Dijon
6876,Diksha C
6877,Dikshant
6878,Dilek Türkan
6879,Dilip Shadangi
6880,Diljit Dosanjh
6881,Dillinger
6882,Dillinger Four
6883,Dillinja
6884,Dillon Francis
6885,Dillytek
6886,Dilpreet Dhillon
6887,Dilsinho
6888,Dimak
6889,Dimash Qudaibergen
6890,Dimatik
6891,Dimension
6892,Dimension 09
6893,Dimension Latina
6894,Dimitri From Paris
6895,Dimitri K
6896,Dimitri Vangelis & Wyman
6897,Dimitri Vegas
6898,Dimitri Vegas & Like Mike
6899,Dimitris Athanasiou
6900,Dimmi
6901,Dimmu Borgir
6902,Dina Rae
6903,Dinah Eastwood
6904,Dinah Washington
6905,Dinamarca
6906,Dine
6907,Dinesh
6908,Dinesty King
6909,Dinho Ouro Preto
6910,Dinker kalvala
6911,Dino James
6912,Dino Lenny
6913,Dino Maggiorana
6914,Dino Saluzzi
6915,Dinos
6916,Dinosaur Jr.
6917,Dio
6918,Diogo Nogueira
6919,Diomedes Chinaski
6920,Diomedes Diaz
6921,Dion
6922,Dion & The Belmonts
6923,Dion Dugas
6924,Dion Timmer
6925,Dione
6926,Dionne Bromfield
6927,Dionne Warwick
6928,Diplo
6929,Diplomat
6930,Dipti Rekha Padhi
6931,Diptirekha
6932,Dire Straits
6933,Direct
6934,Direct Hit!
6935,Director's Cut
6936,Dirk Maassen
6937,Dirt Monkey
6938,Dirt Nasty
6939,Dirty Audio
6940,Dirty Channels
6941,Dirty Disco
6942,Dirty Doering
6943,Dirty Heads
6944,Dirty Rush & Gregor Es
6945,Dirty Secretz
6946,Dirty South
6947,Dirty Workz
6948,Dirtyphonics
6949,Disarmonia Mundi
6950,Disarray
6951,Disarstar
6952,Disciple
6953,Disciples
6954,Disclosure
6955,Disco Fries
6956,Disco Marek
6957,DiscoBoys
6958,Discocrew
6959,Discopraise
6960,Discordance Axis
6961,Disfear
6962,Disfigure
6963,Disfunktion
6964,Disgorge
6965,Dishwalla
6966,Disidente
6967,Disjecta
6968,Disme
6969,Disney
6970,Disney Channel Stars
6971,Disney Peaceful Guitar
6972,Disney Peaceful Piano
6973,Disney Studio Chorus
6974,Disney's Circle of Stars
6975,Diss Reaction
6976,Dissection
6977,Distimia Agorafóbica
6978,Distinguisher
6979,Disturbed
6980,Dither
6981,Ditty
6982,Diva Gray
6983,Dive
6984,Divide Music
6985,Divididos
6986,Diviners
6987,Diviniti
6988,Divino
6989,Divino Niño
6990,Division 4
6991,Division Speed
6992,División Minúscula
6993,Divya Khosla Kumar
6994,Divya Kumar
6995,Divya S Menon
6996,Divya Urduga
6997,Divya Vijay
6998,Dixon
6999,Dizaro
7000,Dizharmonia
7001,Dizzee Rascal
7002,Dizzy
7003,DizzyEight
7004,Dj Aaron
7005,Dj Adoni
7006,Dj Amit Shah
7007,Dj Antonio
7008,Dj Aqeel
7009,Dj Arthur Almeida
7010,Dj Batata
7011,Dj Betinho
7012,Dj Biene
7013,Dj Braindead
7014,Dj Bross
7015,Dj Chaves
7016,Dj Chetas
7017,Dj Chris No Beat
7018,Dj Chulo
7019,Dj DG
7020,Dj Exos
7021,Dj Flawless
7022,Dj GM
7023,Dj Gabriel do Borel
7024,Dj Gizmo
7025,Dj Guuga
7026,Dj Guuh
7027,Dj Horphuray
7028,Dj Hırs
7029,Dj Iljano
7030,Dj Joe
7031,Dj Juninho 22
7032,Dj Juninho da Espanha
7033,Dj K-Deucez
7034,Dj Kape
7035,Dj Kass
7036,Dj Kevin
7037,Dj Kone & Marc Palacios
7038,Dj Leo Lg
7039,Dj Luan MPC
7040,Dj Luizin
7041,Dj Luizinho MPC
7042,Dj Mad Dog
7043,Dj Matheus Henrique
7044,Dj Mehmet Tekin
7045,Dj Murillo e LT no Beat
7046,Dj Nattan
7047,Dj Nene
7048,Dj Pedro Azevedo
7049,Dj Pound
7050,Dj Promo
7051,Dj Raahul Pai
7052,Dj Radix
7053,Dj Ray Lais
7054,Dj Ro
7055,Dj Rob & MC Joe
7056,Dj Ruchir
7057,Dj Skinhead
7058,Dj Slow Motion
7059,Dj Smallz 732
7060,Dj Sunil
7061,Dj Suppa
7062,Dj Syke45
7063,Dj T.H.
7064,Dj Tg Da Inestan
7065,Dj Thera
7066,Dj Viana
7067,Dj Vianu
7068,Dj Victor
7069,Dj Wesley Gonzaga
7070,Dj Yo!
7071,Dj Yuri
7072,Dj Zetian
7073,Dj chaves
7074,Dj. Great
7075,Djadja & Dinaz
7076,Djamchid Chemirani
7077,Djang
7078,Django
7079,Django Reinhardt
7080,Djantrix
7081,Djavan
7082,Djay W
7083,Djedjotronic
7084,Djevel
7085,Djin
7086,Djivan Gasparyan
7087,Djonga
7088,Dk 47
7089,Dmitri Hvorostovsky
7090,Dmitri Shostakovich
7091,Dmitriy Mityukhin
7092,Dmitry Yablonsky
7093,Do
7094,Do Do
7095,Doblecero
7096,Dobrawa Czocher
7097,Doc & Merle Watson
7098,Doc Watson
7099,Doce Encontro
7100,Dochi Sadega
7101,Doctor Dru
7102,Doctor Flake
7103,Doctor P
7104,Doctora Juguetes
7105,Doctrine
7106,Document One
7107,Dodge & Fuski
7108,Dodô Pressão
7109,Doechii
7110,Dofono de Omulu
7111,Dog Music
7112,Dogge Doggelito
7113,Dohzi-T
7114,Doja Cat
7115,Dokken
7116,Dokkodo Sounds
7117,Doktor
7118,Dold Vorde Ens Navn
7119,Dollar Selmouni
7120,DollarMan
7121,Dolly Parton
7122,Dolora Zajic
7123,Dolu Kadehi Ters Tut
7124,Dolunay Obruk
7125,Dom & Roland
7126,Dom Dolla
7127,Dom Zły
7128,Dombresky
7129,Domchez
7130,Domingo Federico
7131,Domingo Quiñones
7132,Dominguinhos
7133,Dominic
7134,Dominic Fike
7135,Dominic Lewis
7136,Dominic Mena
7137,Dominic Neill
7138,Dominik Eulberg
7139,Dominik Grey
7140,Dominik Wolff
7141,Dominique
7142,Dominique A
7143,Dominique Cerejo
7144,Dominique Charpentier
7145,Dominique Marais
7146,Dominique Young Unique
7147,Dommin
7148,Domshe
7149,Don
7150,Don André
7151,Don Bnnr
7152,Don Diablo
7153,Don Dixon
7154,Don Gibson
7155,Don Henley
7156,Don Jamieson
7157,Don Jazzy
7158,Don L
7159,Don Li
7160,Don Lore V
7161,Don Markese
7162,Don Mazuck
7163,Don McLean
7164,Don Omar
7165,Don Reno
7166,Don Richie Music
7167,Don Rigsby
7168,Don Spencer
7169,Don Toliver
7170,Don Valiyavelicham
7171,Don Williams
7172,Dona Cislene
7173,Dona Ivone Lara
7174,Donae'o
7175,Donald Byrd
7176,Donald Duck
7177,Donata Antoni
7178,Donato Dozzy
7179,Donato Racciatti y Su Orquesta Típica
7180,Donbor
7181,Donell Lewis
7182,Donexprs
7183,Donita
7184,Donkey Rollers
7185,Donkeychote
7186,Donna Blakely
7187,Donna Murphy
7188,Donna Stoneman
7189,Donna Summer
7190,Donna Tella
7191,Donna-Marie
7192,Donnie
7193,Donnie Ray
7194,Donnie Sloan
7195,Donnis
7196,Donny Benét
7197,Donny Hathaway
7198,Donovan
7199,Donovan Woods
7200,Doomsday
7201,Doon Kanda
7202,Dooz Kawa
7203,Dopamine
7204,Dope
7205,Dope Ammo
7206,Dope D.O.D.
7207,Dope Earth Alien
7208,Dope'eh
7209,Dopeadelicz
7210,Dopeboyghost
7211,Dopplereffekt
7212,Dora Morelenbaum
7213,Dora The Explorer
7214,Dorfex Bos
7215,Dorfrocker
7216,Dorgival Dantas
7217,Dorian
7218,Dorian Electra
7219,Doris Casella
7220,Doris Day
7221,Doris Melwin
7222,Dorival Caymmi
7223,Dormida: Por Daniela
7224,Dornenreich
7225,Doro
7226,Dorothy
7227,Dos Minutos
7228,Dos Santos
7229,Dose
7230,Dosem
7231,Dosseh
7232,DotEXE
7233,Dots Per Inch
7234,DoubKore
7235,Double Sens
7236,Doug Benson
7237,Doug Blimpstein
7238,Dougal
7239,Dougen
7240,Douglas & Vinicius
7241,Douglas Germano
7242,Douglas Guevara
7243,Douglas Sampa
7244,Dov Davidoff
7245,Dove Cameron
7246,Dow Raiz
7247,Down for Life
7248,Downface
7249,Downtown Of HongKong
7250,Doyle Lawson
7251,Doyle Lawson & Quicksilver
7252,Doğan Canku
7253,Dpsht
7254,Dr LoFi
7255,Dr Meaker
7256,Dr Packer
7257,Dr Phunk
7258,Dr Rude
7259,Dr Zeus
7260,Dr. Acula
7261,Dr. Alban
7262,Dr. Bhavya Lakshmi
7263,Dr. Blesson Memana
7264,Dr. Burn
7265,Dr. Dog
7266,Dr. Dre
7267,Dr. Feelgood
7268,Dr. Hook
7269,Dr. Jean Feldman
7270,Dr. Jean-Loup Ringot
7271,Dr. John
7272,Dr. Luke
7273,Dr. Nikolas Caoile
7274,Dr. Peacock
7275,Dr. SWAG
7276,Dr. Shenka
7277,Dr. Shola Mos-Shogbamimu
7278,Dr. Silvana & Cia.
7279,Dr.Shenka
7280,Draco
7281,Draco Rosa
7282,Draconian
7283,Drago200
7284,DragonForce
7285,Dragonette
7286,Dragonfly
7287,Drake
7288,Drako Mafia
7289,Drakomafia
7290,Drawn To The Sky
7291,Dread MC
7292,Dreaded Yasuke
7293,Dream
7294,Dream Evil
7295,Dream Flows
7296,Dream House
7297,Dream Note
7298,Dream Theater
7299,Dream Warriors
7300,Dream Your Dream
7301,Dream on Dreamer
7302,DreamBetter
7303,DreamReaper
7304,Dreamcatcher
7305,Dreamer Boy
7306,Dreamgirl
7307,Dreamhour
7308,Dreams of Dreams
7309,Drean
7310,DrefQuila
7311,Drei Meter Feldweg
7312,Drei Rana
7313,Dresdner Kreuzchor
7314,Drew Holcomb
7315,Drew Holcomb & The Neighbors
7316,Drew Love
7317,Drew Sarich
7318,Drew York
7319,Dreweeris Band
7320,Drex Carter
7321,Drexciya
7322,Dreysson Rodrigues
7323,Drezdenko - Kubas
7324,Drics
7325,Drifting Cowboys
7326,Drik Barbosa
7327,Dritan Luca
7328,Dritte Wahl
7329,Dro Kenji
7330,Drokz
7331,Drone
7332,Dronny Darko
7333,Drop-G & Regard
7334,Dropdead
7335,Dropgun
7336,Dropkick Murphys
7337,Droplex
7338,Dropped Out
7339,Drops INA
7340,Droptop Records
7341,Drossel
7342,Drowning Pool
7343,Drowsy Teddy
7344,Drugdealer
7345,Drumattic Twins
7346,Drumsound & Bassline Smith
7347,Drunk High Jinks
7348,Drunk Mums
7349,Dry Bar Comedy
7350,Dryft
7351,Drängarna
7352,Dua Lipa
7353,DualXess
7354,Dualist Inquiry
7355,Dualizm
7356,Duane Chase
7357,Duane Eddy
7358,Duane Harden
7359,Duane Martin Foster
7360,Duane Stephenson
7361,Duani
7362,Dub Akom
7363,Dub Ataque
7364,Dub Inc
7365,Dub Pistols
7366,Dub Sharma
7367,DubMastor
7368,DubVision
7369,Dubdisko
7370,Dubdogz
7371,Dubfire
7372,Dublin County Choir
7373,Dubra
7374,Dubscribe
7375,Duc Duy
7376,Duck Sauce
7377,Duckwrth
7378,Dudley Evenson
7379,Dudley Slang
7380,Dudu Nobre
7381,Dudu Tucci
7382,Duduca & Dalvan
7383,Dueto America
7384,Duffy
7385,Duit
7386,Duke & Jones
7387,Duke Dumont
7388,Duke Ellington
7389,Duke Luke
7390,Duki
7391,Dulal Manki
7392,Dulce Liquido
7393,Dulce María
7394,Dulce Pontes
7395,Dulces Sueños
7396,Duman
7397,Dumb Punts
7398,Dun Laoghaire Choral Society
7399,Dunamis Music
7400,Duncan Dhu
7401,Duncan James
7402,Duncan Laurence
7403,Duncan Mighty
7404,Dune
7405,Dune Rats
7406,Dungen
7407,Dunw3ll
7408,Duo Grisenti Vitantonio
7409,Duo Retama
7410,Duo Synopsis
7411,Duo Tiempo de Sol
7412,Duo: Ramos - Monterrubio
7413,DuoViolins
7414,Durai
7415,Duran Duran
7416,Durs
7417,Durval e Davi
7418,Dustin O'Halloran
7419,Dustinho
7420,Dusty Decks
7421,Dusty Kid
7422,Dusty Springfield
7423,Dustycloud
7424,Dustystaytrue
7425,Dutch Master
7426,Dutch Melrose
7427,Dutch Movement
7428,Dutty Moonshine Big Band
7429,Duzz
7430,Duñe
7431,Dvice
7432,Dvicio
7433,Dvwn
7434,Dwarves
7435,Dwayne Johnson
7436,Dwayne Perkins
7437,Dwele
7438,Dwight McCall
7439,Dwin
7440,Dx Aneurysm
7441,Dxvn.
7442,Dybbukk
7443,Dybbukk Covers
7444,Dyewitness
7445,Dyewitness & Nighraver
7446,Dying Fetus
7447,Dying Wish
7448,Dylam Matthew
7449,Dylan
7450,Dylan Brady
7451,Dylan Matthew
7452,Dylan Rhymes
7453,Dylan Rockoff
7454,Dylan Saunders
7455,Dylan Sitts
7456,Dylan Sprouse
7457,Dylan el Menor
7458,Dymytry
7459,Dynamite MC
7460,Dynazty
7461,Dynoro
7462,Dyrean
7463,Dyro
7464,Dystopia
7465,Dyzen
7466,Dzeko
7467,Dzeko & Torres
7468,Dzem
7469,Dzp
7470,Débora Gonçalves
7471,Débora Passos
7472,Désiré N'Kaoua
7473,Dënver
7474,Dödsrit
7475,Dört X Dört
7476,Dødheimsgard
7477,Dúo Ayacucho
7478,Dúo Hnos. Gaitán Castro
7479,Dúo Karma
7480,Dúo Romances
7481,Dúo Wayra
7482,Düş Sokağı Sakinleri
7483,Düşbaz
7484,DāM-FunK
7485,D’MASIV
7486,E'snanas
7487,E-40
7488,E-Dee
7489,E-Force
7490,E-Jun Lee
7491,E-Life
7492,E-Man
7493,E-Mov
7494,E-Note
7495,E-Rotic
7496,E-Town Concrete
7497,E-girls
7498,EAV (Erste Allgemeine Verunsicherung)
7499,EBBA
7500,ED209
7501,EDDIE
7502,EDEN
7503,EDGE
7504,EDIS
7505,EDX
7506,EE
7507,EEVA
7508,EGOIST
7509,EGOVERT
7510,EJ De Perio
7511,EKE
7512,EKE (NL)
7513,EL TACHI
7514,EL Waves
7515,ELESDOIS
7516,ELFENSJóN
7517,ELIJAH MOON
7518,ELIO
7519,ELLE
7520,ELLEGARDEN
7521,ELLIØT
7522,ELYSANIJ
7523,EMCI FLOW
7524,EMELINE
7525,EMMA WAHLIN
7526,EMME
7527,EMOTIONA
7528,EMPiRE
7529,ENHYPEN
7530,ENNIO
7531,ENRA
7532,ENØS
7533,EPMD
7534,ERA
7535,ERRA
7536,ERRE
7537,ERV ELLO
7538,ESA (Electronic Substance Abuse)
7539,ESKA
7540,ESSEL
7541,EST Gee
7542,EUROBEAT
7543,EVAN GIIA
7544,EVERGLOW
7545,EXE ROHIT
7546,EXID
7547,EXILE
7548,EXILE SHOKICHI
7549,EXNUN
7550,EXO
7551,EXPRESS
7552,EZI
7553,Eagles
7554,Eagles Of Death Metal
7555,Earl
7556,Earl 16
7557,Earl Klugh
7558,Earl Scruggs
7559,Earl Sixteen
7560,Earl Sweatshirt
7561,Earshot
7562,Earth Groans
7563,Earth n Days
7564,"Earth, Wind & Fire"
7565,EarthLife
7566,Eartha Kitt
7567,Eartheater
7568,Earthists.
7569,Earthspace
7570,Easae
7571,Eashwar Subramanian
7572,Eason Chan
7573,Easter Brothers
7574,Eastmountainsouth
7575,Easton Corbin
7576,Easy Sleep Music
7577,Easy Star All-Stars
7578,Eats Everything
7579,Eazy Dew
7580,Eazy-E
7581,Ebba Bergendahl
7582,Eben
7583,Ebenezer
7584,Eberhard Hahn
7585,Ebo Taylor
7586,Ebony
7587,Ebru Yaşar
7588,Ecem Telli
7589,Echo & the Bunnymen
7590,Echos
7591,Echosmith
7592,Echospace
7593,Ecko
7594,Ecraze
7595,Ecstatic
7596,Ed & Fábio
7597,Ed Byrne
7598,Ed Chinaski
7599,Ed Gein
7600,Ed Maverick
7601,Ed Motta
7602,Ed Plumb
7603,Ed Roughton
7604,Ed Rush
7605,Ed Sheeran
7606,Ed Solo
7607,Ed Thomas
7608,Ed Tullett
7609,Eda Baba
7610,Edan 呂爵安
7611,"Eddie ""Flashin"" Fowlkes"
7612,Eddie & The Hot Rods
7613,Eddie Bond
7614,Eddie Cochran
7615,Eddie Cooper
7616,Eddie Craig
7617,Eddie Della Siepe
7618,Eddie Fowlkes
7619,Eddie Kendricks
7620,Eddie Meduza
7621,Eddie Money
7622,Eddie Neblett
7623,Eddie Ng
7624,Eddie Noack
7625,Eddie Palmieri
7626,Eddie Rabbitt
7627,Eddie Rath
7628,Eddie Redmayne
7629,Eddie Roberts
7630,Eddie Santiago
7631,Eddie Vedder
7632,Eddie van der Meer
7633,Eddy Current Suppression Ring
7634,Eddy Kim
7635,Eddy Mitchell
7636,Eddy Tyler
7637,Eddy Vanoosthuyse
7638,Eddy de Pretto
7639,Edem Evangelist
7640,Eden Elf
7641,Eden Espinosa
7642,Eden Golan
7643,Eden Prince
7644,Edgar
7645,Edgar De Vries
7646,Edgar Joel
7647,Edgar Meyer
7648,Edgardo Donato
7649,Edi Rock
7650,Edie Brickell
7651,Edin
7652,Edita Gruberova
7653,Edith Márquez
7654,Edmond Leung
7655,Edmundo Rivero
7656,Ednaldo Mendes
7657,Ednardo
7658,Ednita Nazario
7659,Edo Saiya
7660,Edo de Waart
7661,Edouble
7662,Edrie
7663,Edriz E. Rosa Pérez
7664,Edson & Hudson
7665,Edson Gomes
7666,Edson Junio
7667,Edson Lima e Gatinha Manhosa
7668,Edu Imbernon
7669,Edu Ribeiro
7670,Eduard Doncos
7671,Eduard Melkus
7672,Eduardo Araujo
7673,Eduardo Borém
7674,Eduardo Costa
7675,Eduardo Falú
7676,Eduardo Tejedo
7677,Edurne
7678,Edvard Grieg
7679,Edward Artemyev
7680,Edward Elgar
7681,Edward Maya
7682,Edward Sharpe & The Magnetic Zeros
7683,Edwin Luna
7684,Edwin Luna y La Trakalosa de Monterrey
7685,Edwin Montoya
7686,Edwin Siu
7687,Edwynn
7688,Edy Britto & Samuel
7689,Edy Hafler
7690,Edy e Nathan
7691,Edyr Vaqueiro
7692,Edz
7693,Eefje de Visser
7694,Eek-A-Mouse
7695,Eelke Kleijn
7696,Eels
7697,Eet Syahranie
7698,Efe Can
7699,Efe Frans
7700,Efe-R
7701,Efek Rumah Kaca
7702,Efekan
7703,Efemero
7704,Effeltricher Fosanochtsverein
7705,Efosa
7706,Egbert
7707,Ege Boran
7708,EggPlantEgg
7709,Egypt Central
7710,Ehallz
7711,Ehiorobo
7712,Ehsaan
7713,Ehsan Imani
7714,Eichem
7715,Eija Ahvo
7716,Eikichi Yazawa
7717,Einer Bankz
7718,Einherjer
7719,Einingu
7720,Einmusik
7721,Einár
7722,Eir Aoi
7723,Eirik Espolin Johnson
7724,Eiro Nareth
7725,Eisregen
7726,Eivør
7727,Ejaz
7728,Ejaz Hussain
7729,Ejeca
7730,Ejsu Multimedia
7731,Ekalavyan
7732,Ekali
7733,Ekaterina Chtchelkanova
7734,Ekedi Nicinha
7735,Ekin Cheng
7736,Ekko
7737,Eklo
7738,Eko Roosevelt
7739,Ekwon
7740,El Alfa
7741,El BAI
7742,El Bananero
7743,El Barrio
7744,El Bebeto
7745,El Boogie
7746,El Bordo
7747,El Bruto
7748,El Cachivache Quinteto
7749,El Cansino
7750,El Canto Del Loco
7751,El Chacal
7752,El Chapo De Sinaloa
7753,El Cherry Scom
7754,El Chilli
7755,El Chojin
7756,El Chombo
7757,El Coyote Y Su Banda Tierra Santa
7758,El Cruce
7759,El Cuarteto De Nos
7760,El Cuervo de Poe
7761,El Dasa
7762,El Feco
7763,El Futuro Fuera De Orbita
7764,El Gran Combo De Puerto Rico
7765,El Gran Silencio
7766,El Hijo De La Cumbia
7767,El Jordan 23
7768,El Kuelgue
7769,El León Pardo
7770,El Lif Beatz
7771,El Michels Affair
7772,El Mimoso Luis Antonio López
7773,El Mini
7774,El Niño y la Verdad
7775,El Noi del Sucre
7776,El Otro Yo
7777,El Perro Chocolo
7778,El Perro del Mar
7779,El Profesor
7780,El Rego
7781,El Ruidio Blanco
7782,El Ruido Blanco
7783,El Shaaki
7784,El Shirota
7785,El Sica
7786,El Soldado
7787,El Tigr3
7788,El Tigre García
7789,El Tita Salsa Urbana
7790,El Último De La Fila
7791,El-P
7792,Eladia Blazquez
7793,Elaine
7794,Elaine Martins
7795,Elaine Paige
7796,Elaine de Jesus
7797,Elana Dara
7798,Elatehem
7799,Elay Lazutkin
7800,Elba Ramalho
7801,Eldamar
7802,Elderbrook
7803,Eldkvarn
7804,Eldon
7805,Eldzhey
7806,Ele A El Dominio
7807,Elea
7808,Electra Mustaine
7809,Electrelane
7810,Electric Callboy
7811,Electric Company
7812,Electric Dreams
7813,Electric Polar Bears
7814,Electric Slide DJ's
7815,Electric Slide Dance Party DJ's
7816,Electric Slide Music Makers
7817,Electric Slide Party
7818,Electric Universe
7819,Electric Youth
7820,Electroforez
7821,Electroqute
7822,Elektroduendes
7823,Elektroklub
7824,Elektronomia
7825,Element Eighty
7826,Element Of Crime
7827,Elemental Raggamuffin
7828,Elements Of Life
7829,Elen
7830,Elena Coates
7831,Elena Coats
7832,Elena Filipova
7833,Elena Kamburova
7834,Elena Pitoulis
7835,Elena Roger
7836,Elena Urioste
7837,Elenco - Frozen 2: O Reino do Gelo
7838,Elenco Junior Express
7839,Elenco Original Do Filme Ana e Vitória
7840,Elengi
7841,Eleni Vitali
7842,Eleonora Feldt
7843,Elephant Kashimashi
7844,Elephant Man
7845,Elephant Revival
7846,Elephante
7847,Elevation Worship
7848,Elfrieda
7849,Elgafar
7850,Eli & Fur
7851,Eli Brown
7852,Eli Escobar
7853,Eli Guerra
7854,Eli Soares
7855,Eli Stewart
7856,Eli Teplin
7857,Eli Young Band
7858,Eliana Ribeiro
7859,Eliana de Lima
7860,Eliane Elias
7861,Eliane Silva
7862,Elias Braun
7863,Elias Diaz
7864,Elias Hurtig
7865,Elias Manuel Pardal
7866,Elias Resende
7867,Elias Silva
7868,Elias Wagner
7869,Elif Çağlar
7870,Elijah Cruise
7871,Elijah Gonzales
7872,Elijah Lee
7873,Elijah MC
7874,Elijah Who
7875,Elikem Kofi
7876,Eliminate
7877,Elio Roca
7878,Elis Regina
7879,Elisa
7880,Elisa Chan
7881,Elisabeth Troy
7882,Elisabeth Vidal
7883,Elise LeGrow
7884,Elise Lindahl
7885,Elise Ryen
7886,Elite Force
7887,Elitepauper
7888,Eliza Legzdina
7889,Elizabeth Harwood
7890,Elizabeth Mitchell
7891,Elizabeth Raju
7892,Elizeu Alves
7893,Eliã Oliveira
7894,Elke Buyle
7895,Elke Diels
7896,Elkeretumba
7897,Ella
7898,Ella Baila Sola
7899,Ella Chen
7900,Ella Es Tan Cargosa
7901,Ella Eyre
7902,Ella Faye
7903,Ella Fitzgerald
7904,Ella Henderson
7905,Ella Koon
7906,Ella Noël
7907,Ella Vos
7908,Ellas
7909,Elle Exxe
7910,Elle King
7911,Elle Limebear
7912,Elle McLemore
7913,Elle Vee
7914,Ellen Allien
7915,Ellen Bergelin
7916,Ellen Green
7917,Ellen Oléria
7918,Elley Duhe
7919,Elley Duhé
7920,Elli Noise
7921,Ellie Goulding
7922,Ellie Holcomb
7923,Ellie Madison
7924,Ellie-May Robertson
7925,Ellinor Videfors
7926,Elliot Fitch
7927,Elliott Cole
7928,Elliott Jacqués
7929,Elliott Kerman
7930,Elliott Power
7931,Elliott Romero
7932,Elliott Smith
7933,Elliott Trent
7934,Elliphant
7935,Ellise
7936,Ello
7937,Ellou
7938,Ellysse Mason
7939,Elmer Loyd
7940,Elnur Mikayilov
7941,Elohim
7942,Elov & Beny
7943,Elsa
7944,Elsa y Elmar
7945,Else
7946,Elsiane
7947,Elskavon
7948,Elteep
7949,Elton Baptiste
7950,Elton John
7951,Eluera
7952,Eluveitie
7953,Eluzai
7954,Elva Hsiao
7955,Elvin Bishop
7956,Elvis Costello
7957,Elvis Costello & The Attractions
7958,Elvis Crespo
7959,Elvis Depressedly
7960,Elvis Presley
7961,Ely Guerra
7962,Ely Waves
7963,Elyas & Taha
7964,Elyn
7965,Elyse Willis
7966,Elysion
7967,Elza Soares
7968,Em Beihold
7969,Eman Lam
7970,Emancipator
7971,Emandiong
7972,Emanuel Fremont
7973,Emanuel Maximiliano Cerrudo
7974,Emanuel Nord
7975,Emanuel Satie
7976,Emanuela Hutter
7977,Emba
7978,Ember Island
7979,Embody
7980,Emcee Jazz
7981,Emel Sayın
7982,Emeli Sandé
7983,Emelie Cyréus
7984,Emelie Hollow
7985,Emerson Dias
7986,Emerson String Quartet
7987,Emery
7988,Emi Flemming
7989,Emicida
7990,Emie
7991,Emigrate
7992,Emil Gustafsson
7993,Emil Jensen
7994,Emil Kjellbom
7995,Emil Maas
7996,Emil Miland
7997,Emiladil
7998,Emile Mosseri
7999,Emile Pandolfi
8000,Emilee
8001,Emilia
8002,Emilia Ali
8003,Emilia Branco
8004,Emilia Sonate
8005,Emilian Kaminski
8006,Emiliano Brancciari
8007,Emilie Brandt
8008,Emilie Mover
8009,Emilie Rambaud
8010,Emilio
8011,Emily Bear
8012,Emily Breeze
8013,Emily Burns
8014,Emily Falvey
8015,Emily Hackett
8016,Emily Jones
8017,Emily Loizeau
8018,Emily Makis
8019,Emily Nash
8020,Emily Pisaturo
8021,Emily Roberts
8022,Emily Skeggs
8023,Emily Vaughn
8024,Emily Warren
8025,Emily Weisband
8026,Emily Zeck
8027,Emilíana Torrini
8028,Eminem
8029,Emir Can İğrek
8030,Emirhan Derindere
8031,Emitt Rhodes
8032,Emiway Bantai
8033,Emma Carn
8034,Emma Grace
8035,Emma Heesters
8036,Emma Hewitt
8037,Emma Hunton
8038,Emma Kirkby
8039,Emma Louise
8040,Emma Noble
8041,Emma Pfaeffle
8042,Emma Shapplin
8043,Emma Stevens
8044,Emma Thompson
8045,Emma Watson
8046,Emmaculate
8047,Emmanuel
8048,Emmanuel Horvilleur
8049,Emmanuel Pahud
8050,Emmanuel Villaume
8051,Emmerich Kálmán
8052,Emmerson Nogueira
8053,Emmet Cahill
8054,Emmily Barreto
8055,Emmit Fenn
8056,Emmure
8057,Emmy Rose
8058,Emmy Rossum
8059,Emmylou Harris
8060,Emo Fruits
8061,Empara Mi
8062,Emperor
8063,Emphasis
8064,Empire of the Sun
8065,Emppu Vuorinen
8066,Empyre One
8067,Empyrium
8068,Emraan Hashmi
8069,Emrah Karaduman
8070,Emrah Karakuyu
8071,Emrah Turken
8072,Emre Altug
8073,Emre Fel
8074,Emre Kaya
8075,Emre Nalbantoğlu
8076,Emrod
8077,Emrose Percussion
8078,Emy Perez
8079,Emílio & Eduardo
8080,Emílio Santiago
8081,En Svensk Tiger
8082,En Vogue
8083,En-Motion
8084,Enamour
8085,Enbee
8086,Encanto - Cast
8087,Enchant Music
8088,Encontro de Batuqueiros
8089,End It
8090,End of the Dream
8091,End of the World
8092,Endank Soekamti
8093,Endecah
8094,Endo
8095,Endo y Lele
8096,Endor
8097,Endrju
8098,Endy Chow
8099,Endymion
8100,Enei
8101,Eneko Artola
8102,Eneli
8103,Enemy Soil
8104,Energizer
8105,Energy
8106,Energyzed
8107,Engel
8108,Engelwood
8109,Engenheiros Do Hawaii
8110,Engin Nursani
8111,English Baroque Soloists
8112,English Chamber Orchestra
8113,Enigma
8114,Enjambre
8115,Enjoy
8116,Enno Senft
8117,Eno
8118,Enosoul
8119,Enrico
8120,Enrico Sangiuliano
8121,Enrique Bunbury
8122,Enrique Campos
8123,Enrique Guzman
8124,Enrique Guzmán & Teen Tops
8125,Enrique Iglesias
8126,Enrique Rodríguez
8127,Enrique Urquijo y Los problemas
8128,Ensemble
8129,Ensemble - Beauty and the Beast
8130,Ensemble Leviathan
8131,Ensemble Modern
8132,Ensemble Pygmalion
8133,Ensemble der vereinigten Bühnen Wien
8134,Ensidya
8135,Ensiferum
8136,Enslaved
8137,Enter Shikari
8138,Entheogenic
8139,Entombed
8140,Entretons
8141,Enur
8142,Envine
8143,Envy Monroe
8144,Enygma Rapper
8145,Enzo
8146,Eoin O' Broin
8147,Epektase
8148,Ephoric
8149,Ephraim Sykes
8150,Epica
8151,Epik Jones
8152,Epr Iyer
8153,Eptic
8154,Eq
8155,Equilibrium
8156,Era Istrefi
8157,Era Wadi
8158,Eraserhead
8159,Erasmo Carlos
8160,Erasure
8161,Erato
8162,Erdit Mertiri
8163,Eredaze
8164,Erfan Pejhanfar
8165,Eric 'ET' Thorngren
8166,Eric Ardouin
8167,Eric B. & Rakim
8168,Eric Badanti
8169,Eric Booker
8170,Eric Bradley
8171,Eric Burdon
8172,Eric Carmen
8173,Eric Chou
8174,Eric Church
8175,Eric Clapton
8176,Eric Cloutier
8177,Eric Ethridge
8178,Eric Godlow
8179,Eric Hutchinson
8180,Eric Johnson
8181,Eric K.
8182,Eric Kupper
8183,Eric Land
8184,Eric Leva
8185,Eric Lumiere
8186,Eric Nam
8187,Eric Prydz
8188,Eric Reprid
8189,Eric Sebastian
8190,Eric Segnitz
8191,Eric Sharp
8192,Eric Singleton
8193,Eric Suen
8194,Eric Tingstad
8195,Eric Volta
8196,Eric William Morris
8197,Erich Lee
8198,Erich Leinsdorf
8199,Erick Escobar
8200,Erick Roza
8201,Ericka Jane
8202,Ericka Nascimento
8203,Erik Lindeman
8204,Erik Lundin
8205,Erik Meduza
8206,Erik Nieder
8207,Erik Reno
8208,Erik Rubin
8209,Erik Satie
8210,Erik Smith
8211,Erika Henningsen
8212,Erika Jonsson
8213,Erika Shiraishi
8214,Erika Sirola
8215,Erika de Casier
8216,Erikka Innes
8217,Erin McCarley
8218,Erkut Taçkın
8219,Erland Cooper
8220,Erlando
8221,Ermelinda Duarte
8222,Ernest Ranglin
8223,Ernest Tubb
8224,Ernesto Cortazar
8225,Ernie Sabella
8226,Ernst Daniël Smid
8227,Ernst Senff Chor
8228,Erol Evgin
8229,Eros Biondini
8230,Erpeche
8231,Errol Dunkley
8232,Erroll Garner
8233,Ersay Üner
8234,Ersen ve Dadaşlar
8235,Eruca Sativa
8236,Eruption
8237,Erwan Keravec
8238,Erwin Ortner
8239,Escala Mercalli
8240,Escape The Day
8241,Escape the Fate
8242,Esco Da Shocker
8243,Escort
8244,Escurinho
8245,Esdras Nogueira
8246,Eshconico
8247,Eshconinco
8248,Eshtadur
8249,Eskeemo
8250,Eskitilmiş Yaz
8251,Esko Rahkonen
8252,Eskobar
8253,Eskorbuto
8254,Esme Kaislakari
8255,Espen Grjotheim
8256,Espécimen
8257,Ess2Mad
8258,Essence
8259,Essenger
8260,Essential Worship
8261,Essáy
8262,Estas Tonne
8263,Esteban Morgado
8264,Esteban Tavares
8265,Estela Amaya
8266,Estela Nuñez
8267,Estelares
8268,Estelle
8269,Esteman
8270,Ester Dean
8271,Esterly
8272,Esther Dutch
8273,Esther Marcos
8274,Esthero
8275,Estiva
8276,Estonian National Symphony Orchestra
8277,Estopa
8278,Estudio Hermoso
8279,Eterna Inocencia
8280,Eternal Griefs
8281,Eternal Helcaraxe
8282,Eternate
8283,Ethan Beckett
8284,Ethan Dufault
8285,Ethan Holt
8286,Ethan Loukas
8287,Ethan Ross
8288,Ethan Slater
8289,Ethanol Blend
8290,Etherwood
8291,Etienne Overdijk
8292,Etta James
8293,Etta Jones
8294,Ettore Bastianini
8295,Etymology Records
8296,Eu Me Chamo Antônio
8297,Eu Nice
8298,Eu93ne
8299,Eude
8300,Eudóxia De Barros
8301,Euforquestra
8302,Eugen Jochum
8303,Eugene Bekov
8304,Eugene Belov
8305,Eugene Friesen
8306,Eugene Goh
8307,Eugene Migliaro Corporon
8308,Eugene Mirman
8309,Eugene Ormandy
8310,Eugene Perry
8311,Eugene Thacker
8312,Eugy
8313,Eugénie Lefebvre
8314,Eulogy
8315,Euloria
8316,Euphony
8317,Euphoria
8318,Euromasters
8319,Europe
8320,Eurythmics
8321,Euskefeurat
8322,Eva Blom
8323,Eva Dahlgren
8324,Eva Eastwood
8325,Eva Eastwood & The Major Keys
8326,Eva Knardahl
8327,Eva Lazarus
8328,Eva Noblezada
8329,Eva Ruiz
8330,Evaluna Montaner
8331,Evan Call
8332,Evan Rachel Wood
8333,Evan Yo
8334,Evandro Fióti
8335,Evanescence
8336,Eve
8337,Eve 6
8338,Eve Ai
8339,Evelyn Cornejo
8340,Evelyne Brochu
8341,Even As We Speak
8342,Even Massi
8343,Even Stormoen
8344,Ever So Blue
8345,Everclear
8346,Everton Nelson
8347,Every Avenue
8348,Every Time I Die
8349,Everybody Loves an Outlaw
8350,Everyone You Know
8351,Everything But The Girl
8352,Evgeny Grinko
8353,Evgeny Kissin
8354,Evidence
8355,Evil Activities
8356,Evil Darkness
8357,Evil Jared
8358,Evil Nine
8359,Evilnoiz
8360,Evita Ensemble (2012)
8361,Evito
8362,Evol Intent
8363,Evrencan Gündüz
8364,Ewa Konstancja Bułhak
8365,Ewa Malas Godlewska
8366,Ewa Prus
8367,Ewan J Phillips
8368,Ewan McGregor
8369,Ewan McVicar
8370,Ewdin Luna y la Trakalosa de Monterrey
8371,Ewert
8372,Ex Hex
8373,Ex-Cult
8374,Ex-Voto
8375,ExaMelodica
8376,Exaltasamba
8377,Example
8378,Excision
8379,Exciter
8380,Exede
8381,Exhorder
8382,Exhumed
8383,Eximinds
8384,Exmag
8385,Exodus
8386,Exproz
8387,Expulsados
8388,Expurgo
8389,Extazy
8390,Extended Play Records
8391,Extol Music
8392,Extra Terra
8393,Extrawelt
8394,Extreme
8395,Extreme Music
8396,Extreme Noise Terror
8397,Eyci and Cody
8398,Eydís Evensen
8399,EyeLoveBrandon
8400,Eyelar
8401,Eyes That Lie
8402,Eyes Wide Open
8403,Eyla Calmes
8404,Eyshila
8405,Eza
8406,Ezequiel Arias
8407,Ezequiel Colón
8408,Ezginin Günlügü
8409,Ezhel
8410,Ezio Oliva
8411,Ezitsuj
8412,Ezrael
8413,F. Michael Haynie
8414,F. Noize
8415,F. Orren
8416,F.B. Piano Anime
8417,F.E.S.T
8418,F.G. Noise
8419,F.HERO
8420,F.I.R.
8421,F.O.O.L
8422,F.R. David
8423,F.S.
8424,F.U.S.E.
8425,F.Y.P
8426,F4
8427,FABER
8428,FACE
8429,FAKY
8430,FASCINATING AIDA
8431,FAST BOY
8432,FBC
8433,FCL
8434,FDVM
8435,FEEST DJ MAARTEN
8436,FEMME
8437,FERNANDOCOSTA
8438,FES☆TIVE
8439,FEVER 333
8440,FFRAGEZEICHEN
8441,FGFC820
8442,FIFA Sound
8443,FIL BO RIVA
8444,FINNEAS
8445,FISHER
8446,FIT Siegel
8447,FJAAK
8448,FKA twigs
8449,FKJ
8450,FKi 1st
8451,FLATBACKER
8452,FLETCHER
8453,FLG
8454,FLKS
8455,FLOHIO
8456,FLOOR CRY
8457,FLOW
8458,FLeCK
8459,FM O Dia
8460,FM Static
8461,FM-84
8462,FMK
8463,FMSAO
8464,FORTELLA
8465,FOURTY
8466,FOVOS
8467,FPI Project
8468,FR!ES
8469,FRANCO
8470,FRANK ZUMMO
8471,FREAKY
8472,FRENSHIP
8473,FRND
8474,FRO
8475,FSPROD Vinu
8476,FUGAZZIFLO
8477,FUNKIST
8478,FUNKY J.
8479,Fab Samperi
8480,Faber
8481,Fabian Mazur
8482,Fabian Reichelt
8483,Fabiana Aleluia
8484,Fabiana Anastácio
8485,Fabiana Cantilo
8486,Fabiana Cozza
8487,Fabiana Sinfrônio
8488,Fabinho K
8489,Fabio Brazza
8490,Fabio Fusco
8491,Fabio Keldani
8492,Fabio Pedroza
8493,Fabián Marquisio
8494,Fabolous
8495,Fabriccio
8496,Fabrice Lig
8497,Fabrice Rouzier
8498,Fabrizio De André
8499,Fabrizio Levita
8500,Fabrizio Paterlini
8501,Fabrício Ofuji
8502,Fabvl
8503,Facada
8504,Face To Face
8505,Faces
8506,Factory
8507,Facundo Soto
8508,Facundo Toro
8509,Facção Central
8510,Fadagad
8511,Fade Away Sleep Sounds
8512,Faderhead
8513,Faders
8514,Fadi Mohem
8515,Fado
8516,Fafaq
8517,Fagner
8518,Fahlberg
8519,Failure
8520,Faime
8521,Faintest Idea
8522,Fair Play
8523,Fairlane
8524,Fairmont
8525,Fairport Convention
8526,Faith And The Muse
8527,Faith Evans
8528,Faith Hill
8529,Faith No More
8530,Faith Prince
8531,Faithless
8532,Faizal Permana
8533,Faizar
8534,Fak Scratch
8535,Fake Number
8536,Fake Tides
8537,Fakkt
8538,Fala Comigo
8539,Falamansa
8540,Falconshield
8541,Falcão
8542,Falguni Pathak
8543,Fall Out Boy
8544,Fallacy
8545,Fallen Oceans
8546,Fallen Roses
8547,Fallen Superhero
8548,Falling In Reverse
8549,Fallo
8550,Fallon
8551,Fallujah
8552,Falz
8553,Famba
8554,Fan Sounds
8555,Fan Yi Chen
8556,FanEOne
8557,Fanatic
8558,Fanbrown
8559,Fancy Nancy - Cast
8560,Fandubs Jose
8561,Fangoria
8562,Fania All Stars
8563,Fanon Flowers
8564,Fans & White Noise
8565,Fantan Mojah
8566,Fantastic Negrito
8567,FantasticYouth
8568,Fantasy
8569,Far East Movement
8570,Far Out
8571,Far Too Loud
8572,Farasat Anees
8573,Fard
8574,Fareoh
8575,Farhan Akhtar
8576,Farhan Sabri
8577,Farhan Saeed
8578,Farid Bang
8579,Faridkot
8580,Farimah Ghavamsadri
8581,Farin Urlaub
8582,Farina
8583,Faris Shafi
8584,Farish Reheman
8585,Fariz Jabba
8586,"Farley ""Jackmaster"" Funk"
8587,Farmer Nappy
8588,Faron Young
8589,Farrago
8590,Farruko
8591,Faruk Sabanci
8592,Farzad Golpayegani
8593,Farzi
8594,Fasero
8595,Fasetya
8596,Fashawn
8597,Fast Eddie
8598,Fastah Selectah
8599,Faster
8600,Faster Pussycat
8601,Fat Freddy's Drop
8602,Fat Joe
8603,Fatality
8604,Fatboibari
8605,Fatboy
8606,Fatboy Slim
8607,Fate Fat
8608,Fateh
8609,Fathomsong
8610,Fatman Scoop
8611,Fatmaxgsus
8612,Fats Domino
8613,Fattaru
8614,Fatum
8615,Faudel
8616,Fauve
8617,Fauzan
8618,Fave
8619,Faye Wong
8620,Fazilpuria
8621,Fazıl Say
8622,Fear Factory
8623,Fear Of Domination
8624,"Fear, and Loathing in Las Vegas"
8625,Feastem
8626,Feba Philip
8627,Febem
8628,Fedde Le Grand
8629,Feder
8630,Federico Albanese
8631,Federico Aubele
8632,Federico Biraben
8633,Federico Dannemann
8634,Federico Martelli
8635,Federico Mizrahi
8636,Fedorovski
8637,Fee
8638,Feebi
8639,Feed Me
8640,Feel Koplo
8641,Feenixpawl
8642,FeestDJRuud
8643,Fehrplay
8644,Fei Yu-ching
8645,Feid
8646,Feindflug
8647,Feine Sahne Fischfilet
8648,Feint
8649,Fejká
8650,Fejo
8651,FelMax
8652,Fela Kuti
8653,Felguk
8654,Felicia Barton
8655,Felicia Michaels
8656,Felicia Takman
8657,Felipe Araújo
8658,Felipe Dutra
8659,Felipe Flip
8660,Felipe Gordon
8661,Felipe Gutierrez
8662,Felipe Moreno
8663,Felipe Rodrigues
8664,Felipe Vilela
8665,Felipe e Falcão
8666,Felix Cartal
8667,Felix Da Housecat
8668,Felix Hertzog
8669,Felix Jaehn
8670,Felix Langgard
8671,Felix Manuel
8672,Felix Mendelssohn
8673,Felix Rösch
8674,Felix Samuel
8675,Felix Trapp
8676,Felix Werner
8677,Felix Za
8678,Fella
8679,Felo Le Tee
8680,Felon
8681,Felp 22
8682,Felpita
8683,Felsmann + Tiley
8684,Felty
8685,Felícia Rock
8686,Femi Kuti
8687,Feminine Hi Fi
8688,Feng Ze
8689,Fenix TX
8690,Fenne Lily
8691,Feodor Chaliapin
8692,Feora
8693,Feral Is Kinky
8694,Ferdi Tayfur
8695,Ferdi Özbeğen
8696,Ferdinand Leitner
8697,Ferenc Fricsay
8698,Fergie
8699,Fergus Thirwell
8700,Ferhat Göçer
8701,Ferhat Tunç
8702,Feride Hilal Akın
8703,Feridun Düzağaç
8704,Ferjo De Gery
8705,Fern.
8706,Fernanda Abreu
8707,Fernanda Brum
8708,Fernanda Brum E Eyshila
8709,Fernanda Costa
8710,Fernanda Takai
8711,Fernandinho
8712,Fernandinho Beat Box
8713,Fernando & Sorocaba
8714,Fernando Arias
8715,Fernando Badaui
8716,Fernando Corona
8717,Fernando Delgadillo
8718,Fernando Express
8719,Fernando Fantini
8720,Fernando Fernandez
8721,Fernando Nunes
8722,Fernando Ortega
8723,Fernando Ruiz Diaz
8724,Fernando Soler
8725,Fernando Suárez Paz
8726,Fernando Zenaido Maldonado
8727,Ferocious
8728,Ferraz
8729,Ferreck Dawn
8730,Ferris Ferris
8731,Ferrugem
8732,Ferry Corsten
8733,Ferry Van De Zaande
8734,Fery
8735,Fetsum
8736,Fettah Can
8737,Fetty Wap
8738,Fever Ray
8739,Feyza Eren
8740,Fher
8741,FiNCH
8742,Fiachra Trench
8743,Fiction Factory
8744,FictionJunction
8745,Fidel Nadal
8746,Fidel Rueda
8747,Fideles
8748,Fiduma & Jeca
8749,Fields Of The Nephilim
8750,Fiersa Besari
8751,Fifth Harmony
8752,Fight The Fade
8753,Fiji Blue
8754,Fikri Karayel
8755,Fiks
8756,Fila Brazillia
8757,Filatov & Karas
8758,Filhos Do Homem
8759,Filip Mota
8760,Filip Nordin
8761,Filipe Catto
8762,Filipe Duarte
8763,Filipe Escandurras
8764,Filipe Gonçalves
8765,Filipe Lancaster
8766,Filipe Ret
8767,Filippa Giordano
8768,Filliboom
8769,Filomuzik
8770,Filter
8771,Filthy
8772,Finde
8773,Finding Hope
8774,Fine Young Cannibals
8775,Finger & Kadel
8776,Finger Eleven
8777,Finger Family
8778,Fingerling
8779,Fingers Inc.
8780,Fini
8781,Fink
8782,Finlep
8783,Finley Quaye
8784,Finley Rhone
8785,Finneas O'Connell
8786,Finntroll
8787,Fiona Apple
8788,Fiona Joy Hawkins
8789,Fiona Sit
8790,Fionnuala Gill
8791,Fiora
8792,Fiorenza Cossotto
8793,Fire From The Gods
8794,Fire-Toolz
8795,Firebeatz
8796,Fireboy DML
8797,Firehouse
8798,Firelite
8799,Fires In The Dark
8800,Fireside Collective
8801,Firespawn
8802,Firestar Soundsystem
8803,First Aid Kit
8804,First Fire
8805,Fish
8806,Fish Leong
8807,Fisher
8808,Fisher-Price
8809,Fiskales Ad-Hok
8810,Fit For A King
8811,Fit For An Autopsy
8812,Fito Paez
8813,Fito Páez
8814,Fito y Fitipaldis
8815,Fitz and The Tantrums
8816,Fitzgerald Scott
8817,Five Finger Death Punch
8818,Five For Fighting
8819,Five Little Monkeys
8820,Five Pointe O
8821,Five Star Hotel
8822,Fivio Foreign
8823,Fjodor
8824,Flakkë
8825,Flamin' Groovies
8826,Flamingo Star
8827,Flamingokvintetten
8828,Flamman & Abraxas
8829,Flanders & Swann
8830,Flanders Opera
8831,Flaremode
8832,Flash
8833,Flash 89
8834,Flatland Cavalry
8835,Flatsound
8836,Flatt & Scruggs
8837,Flatt Lonesome
8838,Flavien Berger
8839,Flavio Cianciarulo
8840,Flavio Folco
8841,Flavio Leandro
8842,Flavio Venturini
8843,Flavour
8844,Flaw
8845,Flay
8846,Fleet Francis
8847,Fleetwood Mac
8848,Flema
8849,Flesh Field
8850,Flesh For Lulu
8851,Flesh Parade
8852,Fleshgod Apocalypse
8853,Fletcher Mills
8854,Fleur
8855,Fleurie
8856,Flex
8857,Flickerstick
8858,Flicts
8859,Flight Facilities
8860,Flight School
8861,Flipmode Squad
8862,Flirta D
8863,Flite
8864,Flo Mega
8865,Flo Milli
8866,Flo Rida
8867,Flo43
8868,Floating
8869,Floatinurboat
8870,Floe
8871,Floetry
8872,Flogging Molly
8873,Flood
8874,Floodlights
8875,Floorplan
8876,Flor De Rap
8877,Flor Gil
8878,Flor de Loto
8879,Flora Matos
8880,Floreal Ruiz
8881,Florence + The Machine
8882,Florence Adame
8883,Florence Welch
8884,Florent Pagny
8885,Florentin
8886,Florentina
8887,Florian Appl
8888,Florian Birsak
8889,Florian Christl
8890,Florian Reider
8891,Florida Georgia Line
8892,Florindo Sassone Y Su Orquesta
8893,Flosstradamus
8894,FlowBack
8895,Flowdan
8896,Flower
8897,Flower Face
8898,Flowering Inferno
8899,Flowidus
8900,Flowing Tears
8901,Floyd
8902,Floyd Cramer
8903,Flug
8904,Fluids
8905,Fluke
8906,Flume
8907,Flunk
8908,Fluoride
8909,Flux Pavilion
8910,Fluxion
8911,Fly By Midnight
8912,Flyboiz
8913,Flyboy
8914,Flying Fingers
8915,Flying Hirsche
8916,Flying Lotus
8917,Flyleaf
8918,Flyy TheProducer
8919,Flávio José
8920,Flört
8921,Foals
8922,Foggy Mountain Rockers
8923,Foghat
8924,Foghorn
8925,Foghorn Stringband
8926,Fola Dada
8927,Foli Griô Orquestra
8928,Fondo Flamenco
8929,Fondo de la lectura
8930,Fonseca
8931,Fonzi M
8932,Foo Fighters
8933,FooR
8934,Fools Garden
8935,For My Pain...
8936,For Revenge
8937,For The Lost
8938,For Today
8939,Foramic
8940,Force Mass Motion
8941,Forefather
8942,Foreign Air
8943,Foreign Beggars
8944,Foreign Fields
8945,Foreign Heat
8946,Foreigner
8947,Forest
8948,Forest Blunt
8949,Forester
8950,Forever Lost
8951,Forever Tango
8952,Forfun
8953,Format:B
8954,Forrest Nolan
8955,Forrozão Sela Rasgada
8956,Forrozão Tropykalia
8957,Forró Anjo Azul
8958,Forró Boys
8959,Forró Ideal
8960,Forró Perfeito
8961,Forró Real
8962,Forró Saborear
8963,Forró da Brucelose & Gilson Neto
8964,Forró dos Plays
8965,Fort Atlantic
8966,Fort Knox 5
8967,Fort Minor
8968,Forze DJ Team
8969,Fossils
8970,Foster
8971,Foster The People
8972,Foti
8973,Fouley Badiaga
8974,Fountains Of Wayne
8975,Four Tet
8976,Four Tops
8977,Four Year Strong
8978,Four of Diamonds
8979,Fourward
8980,Fous De La Mer
8981,Fousheé
8982,Foux
8983,Fox Academy
8984,Fox Lake
8985,Fox Stevenson
8986,Foxblood
8987,Foxes
8988,Foxx
8989,Foxy Brown
8990,Foxygen
8991,Foy Vance
8992,Fozzy
8993,Fr. John Samuel
8994,Fractite
8995,Fracus
8996,Fracus & Darwin
8997,Frailty!
8998,Fran
8999,Fran C
9000,Franc Luz
9001,France Gall
9002,Frances Forever
9003,Francesca Battistelli
9004,Francesca Vannucci
9005,Francesco Cavalli
9006,Francesco Corti
9007,Francesco Diaz
9008,Francesco Ellero d' Artegna
9009,Francesco Nicola Fago
9010,Francesco Piemontesi
9011,Francesco Tristano
9012,Francesco Verzillo
9013,Francesco Yates
9014,Francesco Zeta
9015,Francine
9016,Francis Cabrel
9017,Francis Greg
9018,Francis Hill
9019,Francis Karel
9020,Francis Mercier
9021,Francis Skyes
9022,Francisca Valenzuela
9023,Francisco Canaro
9024,Francisco Canaro & His Orchestra
9025,Francisco Canaro Y Su Orquesta
9026,Francisco Canaro Y Su Orquesta Tipica
9027,Francisco Lomuto
9028,Francisco Rotundo
9029,"Francisco, el Hombre"
9030,Franco
9031,"Franco ""El Gorilla"""
9032,Franco Chillemi
9033,Franco Corelli
9034,Franco Feruglio
9035,Franco Luciani
9036,Franco Piccolini
9037,Franco Wildlife
9038,Franco de Grandis
9039,Franglish
9040,Frank Aguiar
9041,Frank Black
9042,Frank Caliendo
9043,Frank Caro
9044,Frank Churchill
9045,Frank De Wulf
9046,Frank DeVol & His Orchestra
9047,Frank Kopyc
9048,Frank Neuenfels
9049,Frank Ocean
9050,Frank Sinatra
9051,Frank Sonic
9052,Frank Steiner Jr.
9053,Frank Turner
9054,Frank Walker
9055,Frank Zappa
9056,Frankie
9057,Frankie Avalon
9058,Frankie Ballard
9059,Frankie Beverly
9060,Frankie Boy
9061,Frankie Boyle
9062,Frankie Carle
9063,Frankie Cosmos
9064,Frankie Dante & Orquesta Flamboyan
9065,Frankie Ford
9066,Frankie Goes To Hollywood
9067,Frankie Knuckles
9068,Frankie Ruiz
9069,Frankie Valli
9070,Frankie Valli & The Four Seasons
9071,Frankie and the Witch Fingers
9072,Frankie y Los Matadores
9073,Franklin Dam
9074,"Frankly, We Hold"
9075,Franko
9076,Frankov
9077,Franky Style
9078,Franky Wah
9079,Franky ‘Fastfingers’ Flint
9080,Frano Stanić
9081,Fransisco Amor
9082,Franska Trion
9083,František Sahula
9084,Franz Ewer
9085,Franz Fehringer
9086,Franz Ferdinand
9087,Franz Lehár
9088,Franz Liszt
9089,Franz Marszalek
9090,Franz Schessl
9091,Franz Schindelbeck
9092,Franz Schubert
9093,Franziska
9094,François Auboux
9095,François Chaignaud
9096,François Couperin
9097,François Joubert-Caillet
9098,François-Xavier Roth
9099,Frass
9100,Fraternidade São João Paulo II
9101,Fraud
9102,Fraw
9103,Fraxo
9104,Frazer
9105,Freakaholics
9106,Fred & Gustavo
9107,Fred 04
9108,Fred Applegate
9109,Fred Arrais
9110,Fred Castro
9111,Fred Cheng
9112,Fred Falke
9113,Fred Hammond
9114,Fred Mollin
9115,Fred Neil
9116,Fred Thomas
9117,Fred V
9118,Fred V & Grafix
9119,Fred Van Boesschoten
9120,Fred again..
9121,Fredd
9122,Freddie Boatright
9123,Freddie De Tommaso
9124,Freddie Gibbs
9125,Freddie King
9126,Freddy Fresh
9127,Freddy Quinn
9128,Frederic Riesterer
9129,Frederic Rosselet
9130,Fredrik Ferrier
9131,Fredrik Johansson
9132,Fredy Miller
9133,Free
9134,Free Flow Flava
9135,Free Magic
9136,Free Nationals
9137,Free Refills
9138,Freedom Fighters
9139,Freedy Johnston
9140,Freeform
9141,Freeless
9142,Freescha
9143,Freestylers
9144,Freeze Dance DJ's
9145,Frei Gilson
9146,Frei.Wild
9147,Frej Larsson
9148,Frejat
9149,French 79
9150,French Horn Rebellion
9151,French Montana
9152,French The Kid
9153,Frenzy
9154,Freq Nasty
9155,Frequencerz
9156,Frequency
9157,Frequency Pusher
9158,Fresa Salvaje
9159,Fresco Trey
9160,Fresh
9161,Fresh King
9162,Fresh La Douille
9163,Fresh Talent Studios
9164,Fresh The Clowns
9165,Fresh Water Sounds
9166,Fresh Water Sounds For Inner Peace
9167,Fresh Water Spa
9168,Freshlyground
9169,Fresno
9170,Frey
9171,Freya Rääf
9172,Friar Alessandro
9173,Friction
9174,Frida
9175,Frida Sundemo
9176,Frida Ånnevik
9177,Friedel Morgenstern
9178,Friederike Walke
9179,Friedrich Oberschelp
9180,Friedrich von Flotow
9181,Friends & I
9182,Friends of Sibelius
9183,Frisco Kid
9184,Frits Wentink
9185,Fritz Kalkbrenner
9186,Fritz Neumeyer
9187,Fritz Wunderlich
9188,FrivolousShara
9189,Frizzell D'souza
9190,Friðrik Karlsson
9191,Frntflw
9192,Frode Gjermundsen
9193,Frogg
9194,Froggy Fresh
9195,Frogman
9196,Froid
9197,From Alaska
9198,From Alfie
9199,From First To Last
9200,From Overseas
9201,From Somewhere Quiet
9202,From The Vastland
9203,From Us
9204,Froning
9205,Front 242
9206,Front Line Assembly
9207,Front Porch Step
9208,Frontliner
9209,Fronzilla
9210,Frost-X-Mritz
9211,FrostTop
9212,Frozen Soul
9213,Frozzy Nana Pancha
9214,Fruition
9215,Fruko Y Sus Tesos
9216,Fruto Sagrado
9217,Fráncisco Familiar
9218,Fränker
9219,Frédéric Chopin
9220,Fuat
9221,Fuck On the Beach
9222,Fuck The Facts
9223,Fudasca
9224,Fuego
9225,Fuel
9226,Fuenka
9227,Fugazi
9228,Fujifabric
9229,Fujii Kaze
9230,Fukkk Offf
9231,Fukpig
9232,Full Intention
9233,Full Of Hell
9234,Fullife
9235,Fully Bad
9236,Fulvio Salamanca Y Orquesta
9237,Fun People
9238,Funambulista
9239,Funeral Mist
9240,Fungus Funk
9241,Funk Buia
9242,Funk Flex
9243,Funkadelic
9244,Funker Vogt
9245,Funkero
9246,Funkhauser
9247,Funki Porcini
9248,Funkstörung
9249,Funky Kato
9250,Funny Van Dannen
9251,FuntCase
9252,Funzo & Baby Loud
9253,Função
9254,Furacão 2000
9255,Furacão do Forró
9256,Furia
9257,Furkan Sert
9258,Furnace
9259,Furyan
9260,Fuse ODG
9261,Future
9262,Future Breeze
9263,Future Funk Squad
9264,Future Funk Squad feat. Mojo
9265,Future Islands
9266,Future Palace
9267,Future Royalty
9268,Futurebound
9269,Futuristic
9270,Futuristic Polar Bears
9271,Fynn Kliemann
9272,Fytch
9273,Fábio Jr.
9274,Fábio Porchat
9275,Fäaschtbänkler
9276,Fäaschtiblech
9277,Färska Prinzen
9278,Fättes Blech
9279,Förstörda För Livet
9280,Füredi Nikolett
9281,G O L
9282,G-DRAGON
9283,G-Eazy
9284,G-Shock
9285,G-Terra
9286,G-Town Madness
9287,G-Unit
9288,G. Dep
9289,G. Mart
9290,G. V. Prakash
9291,G.E.M.
9292,G5SH
9293,G:sson
9294,GABBY
9295,GABS
9296,GAIA
9297,GALNERYUS
9298,GAMMAL
9299,GAMPER & DADONI
9300,GANG PARADE
9301,GANGGA
9302,GARABATTO
9303,GARZI
9304,GASHI
9305,GATTÜSO
9306,GAYLE
9307,GAZZI
9308,GB
9309,GEISHA GIRLS
9310,GEMINI
9311,GENERATIONS from EXILE TRIBE
9312,GFRIEND
9313,GG Magree
9314,GHASTLY
9315,GIMS
9316,GING NANG BOYZ
9317,GIRL LIKE RENZY
9318,GIRLFRIEND
9319,GIRLI
9320,GISELLE
9321,GIT
9322,GIULIA BE
9323,GLAY
9324,GLDY LX
9325,GLIM SPANKY
9326,GLNNA
9327,GLOBBY
9328,GLOWINTHEDARK
9329,GLUM
9330,GLXY
9331,GMS
9332,GNTN
9333,GODA
9334,GOING STEADY
9335,GOKO!
9336,GOLD Dubs
9337,GOLDN
9338,GORDÃO DO PC
9339,GPF
9340,GQ
9341,GRANRODEO
9342,GRAVEDGR
9343,GRAY
9344,GREYLEE
9345,GRX
9346,GReeeN
9347,GReeeeN
9348,GRiNGO
9349,GRiZ
9350,GSoul
9351,GUFI
9352,GV3
9353,GVBBZ
9354,GWS
9355,GXD
9356,GZA
9357,GaTa
9358,Gaab
9359,Gaahls WYRD
9360,Gabb MC
9361,Gabbana
9362,Gabber Eleganza
9363,Gabby Barrett
9364,Gabeana
9365,Gabi Martins
9366,Gabi Porto
9367,Gabi Sampaio
9368,Gabino Pampini
9369,Gable Price
9370,Gabo El Chamaquito
9371,Gabriel Ananda
9372,Gabriel Brito
9373,Gabriel Bulian
9374,Gabriel Coaracy
9375,Gabriel Diniz
9376,Gabriel EMC
9377,Gabriel Elias
9378,Gabriel Fauré
9379,Gabriel Gava
9380,Gabriel Gonti
9381,Gabriel Guedes de Almeida
9382,Gabriel Le Mar
9383,Gabriel O Pensador
9384,Gabriel Paris
9385,Gabriel Pensador
9386,Gabriel Vitel
9387,Gabriel Yared
9388,Gabriela Gomes
9389,Gabriela M. Soto
9390,Gabriela Maganete
9391,Gabriela Montero
9392,Gabriela Rocha
9393,Gabriela Vega
9394,Gabriele Baffero
9395,Gabriele Gemignani
9396,Gabrieli
9397,Gabriell Júnior
9398,Gabriella Vargas Luna
9399,Gabrielle
9400,Gabrielle Aplin
9401,Gabry Ponte
9402,Gabríel Ólafs
9403,Gaby
9404,Gaby Amarantos
9405,Gaby Baginsky
9406,Gaby Casadesus
9407,Gaby Diaz
9408,Gaby Moreno
9409,Gaby Zambrano
9410,Gaccio
9411,Gadget
9412,Gael Garcia Bernal
9413,Gaerea
9414,Gaetano Donizetti
9415,Gagan Mudgal
9416,Gaglia
9417,Gagul Joseph
9418,Gah Bernardes
9419,Gaho
9420,Gail Blanco
9421,Gail Mclean
9422,Gajendra Verma
9423,Gal Costa
9424,Gala Orsborn
9425,Gala Osborn
9426,Galactixx
9427,Galantis
9428,Galaxy 2 Galaxy
9429,GalaxyTones
9430,Galee Galee
9431,Galenskaparna & After Shave
9432,Galileo Galilei
9433,Galina Vishnevskaya
9434,Galindo Again
9435,Gallie Fisher
9436,Gallows
9437,Galocantô
9438,Galvanic
9439,Galy Galiano
9440,Gamadinho
9441,Gamação
9442,Gambi
9443,GameboyJones
9444,Gammer
9445,Gana Bala
9446,Gana Balachandar
9447,Gana Muthu
9448,Gandalf
9449,Ganesh Ram PS
9450,Gang Starr
9451,Ganga Sreenivasan
9452,Gangrena Gasosa
9453,Ganja Burn Fyah
9454,Ganja White Night
9455,Ganjaman
9456,Gannora Dasa Laxmi
9457,Gans Anders
9458,Gappy Ranks
9459,Gardel
9460,Gardna
9461,Gareth Emery
9462,Gareth.T
9463,Garhelenth
9464,Garmiani
9465,Garnett Silk
9466,Garotos de Ouro
9467,Garreth Broke
9468,Garreth Maher
9469,Garrett Kato
9470,Garrobos
9471,Garry Sandhu
9472,Gary Allan
9473,Gary B. Poole
9474,Gary Beach
9475,Gary Beck
9476,Gary Burton
9477,Gary Chaw
9478,Gary Clark Jr.
9479,Gary Gulman
9480,Gary Keller
9481,Gary Lightbody
9482,Gary Lyons
9483,Gary Moore
9484,Gary Numan
9485,Gary Pine
9486,Gary Stadler
9487,Gary Yang
9488,Garçons
9489,Gastel
9490,Gata Cattana
9491,Gatecreeper
9492,Gateway Worship
9493,Gatillazo
9494,Gatinha Manhosa
9495,Gatlin
9496,Gatton
9497,Gaudium
9498,Gaullin
9499,Gautam Gulati
9500,Gaute Adela Aastorp Cudjoe
9501,Gautier Capuçon
9502,Gav Easby
9503,Gaven Largent
9504,Gavin Creel
9505,Gavin Greenaway
9506,Gavin Haley
9507,Gavin James
9508,Gavin Luke
9509,Gavin Mikhail
9510,Gavin Moss
9511,Gavy Dhaliwal
9512,Gawm
9513,Gayathri
9514,Gayathri Suresh
9515,Gayatri Ashokan
9516,Gayatri Iyer
9517,Gaye Su Akyol
9518,Gaza Indu
9519,Gaza Slim
9520,Gaze
9521,Gaël Faye
9522,Gaëtan Roussel
9523,Gaúcho Da Fronteira
9524,Gece
9525,Gece Yolcuları
9526,Geck-O
9527,Gedos
9528,Gee Rocha
9529,Gee Tee
9530,Geet Sagar
9531,Geetha Madhuri
9532,Gehenna
9533,Geier Sturzflug
9534,Geisa Vidal
9535,Gekkenhuys
9536,Gekko G
9537,Geko
9538,Gelena Velikanova
9539,Gem & Tauri
9540,Gemma Hayes
9541,Gemstar
9542,Gen Hoshino
9543,GenX
9544,Genairo Nvilla
9545,Gene Karz
9546,Gene Loves Jezebel
9547,Gene Miller
9548,Gene Pitney
9549,Gene Vincent
9550,Gene Vincent & His Blue Caps
9551,Generacion 2000
9552,General Degree
9553,General Jah Mikey
9554,General Knas
9555,General Levy
9556,General Midi
9557,General Surgery
9558,Generdyn
9559,Generic Animal
9560,Genetikk
9561,Geneva
9562,Genevieve Goings
9563,Genevieve Melton
9564,Genevieve Stokes
9565,Genghis Tron
9566,Genitorturers
9567,Gennadiy Ponomarjov
9568,Gente De Zona
9569,Gentle Bones
9570,Gentle Giant
9571,Gentlemens Club
9572,Gentrammel
9573,Geo Paul
9574,GeoM
9575,Geoff Packard
9576,Geoff Swan
9577,Geoffrey Williams
9578,Geologic Of The Blue Scholars
9579,Georg Levin
9580,Georg Riedel
9581,Georg Stengel
9582,Georg Tichy
9583,Georg Valeks
9584,George Benson
9585,George Bruns
9586,George Clinton
9587,George Coe
9588,George Dalaras
9589,George Davidson
9590,George Donaldson
9591,George Ezra
9592,George Fenton
9593,George FitzGerald
9594,George Frideric Handel
9595,George Gershwin
9596,George Harrison
9597,George Henrique & Rodrigo
9598,George Howard
9599,George Jones
9600,"George Kahumoku, Jr."
9601,George Kuo
9602,George Lam
9603,George Lopez
9604,George M! Ensemble
9605,George Maple
9606,George Martin
9607,George Mayer
9608,George McCrae
9609,George Mensah
9610,George Ogilvie
9611,George Perris
9612,George Riley
9613,George Salazar
9614,George Skaroulis
9615,George Smeddles
9616,George Strait
9617,George The Poet
9618,George Thorogood & The Destroyers
9619,George Winston
9620,Georges Bizet
9621,Georges Brassens
9622,Georges Delerue
9623,Georges Prêtre
9624,Georgi Kay
9625,Georgi Vinogradov
9626,Georgia
9627,Georgia Alexandra
9628,Georgia Castro
9629,Georgia Ku
9630,Georgia Yates
9631,Georgie Keller
9632,Georgina Castle
9633,Georgio
9634,Gerald Albright
9635,Gerald Baillergeau
9636,Gerald Barry
9637,Gerald Finzi
9638,Gerald White
9639,Gerald Wirth
9640,Geraldo Azevedo
9641,Geraldo Pino
9642,Geraldo Vandre
9643,Gerap Gurita
9644,Gerard Butler
9645,Gerard Way
9646,Gerardo Paz
9647,Gerd Holtenau
9648,Gerhard Bunk
9649,Gerhard Schmidt-Gaden
9650,Germaine Franco
9651,German Brigante
9652,Germanini
9653,Germs
9654,Germán Montero
9655,Gernot Pietsch
9656,Gernotshagen
9657,Gero Camilo
9658,Gerry & The Pacemakers
9659,Gerry Rafferty
9660,Gerry Read
9661,Gershom Penugula
9662,Gershon Jackson
9663,Gerson Rufino
9664,Gersson Edinbaro
9665,Gerusa Barros
9666,Gesaffelstein
9667,Gescom
9668,Geskia!
9669,Gestört aber GeiL
9670,Get Dead
9671,Get Scared
9672,Geto Boys
9673,Getsix
9674,Getter
9675,Gettoblaster
9676,Gewandhausorchester
9677,Ghana Babu
9678,Ghanaian Stallion
9679,Ghauri
9680,Ghena Dimitrova
9681,Ghetto Boy
9682,Ghetts
9683,Ghibran
9684,Ghita Nørby
9685,Ghost
9686,Ghost Rider
9687,Ghost Stories
9688,Ghost Town
9689,GhostDragon
9690,Ghostbeat
9691,Ghostemane
9692,Ghostface Killah
9693,Ghostface Playa
9694,Ghoultown
9695,Ghulam Ali Qadri
9696,Gia Koka
9697,Gia Margaret
9698,Giacomo Baldelli
9699,Giacomo Meyerbeer
9700,Giacomo Puccini
9701,Gian & Giovani
9702,Gianandrea Gavazzeni
9703,Giancarlo Guerrero
9704,Giang Pham
9705,Giangi Cappai
9706,Gianni Bello
9707,Gianni Bismark
9708,Gianni Maffeo
9709,Giannis Nikolaou
9710,Giant Rooks
9711,Giba Moojen
9712,Gibbz
9713,Gibun
9714,Gid Sedgwick
9715,Gideon
9716,Gidon Kremer
9717,Giedrė
9718,Gifta
9719,Giftson Durai
9720,Giga
9721,Gigamesh
9722,Gigante No Mic
9723,Gigantes do Samba
9724,Giggle and Hoot
9725,Giggs
9726,Gigi D'Agostino
9727,Gigi Leung
9728,Giin
9729,Gil Joe
9730,Gil Scott-Heron
9731,Gilbert O'Sullivan
9732,Gilberto Gil
9733,Gilberto Puente
9734,Gilberto Santa Rosa
9735,Gilberto e Gilmar
9736,Gili Brown
9737,Gilles Peterson's Havana Cultura Band
9738,Gilles Servat
9739,Gillespi
9740,Gillian Welch
9741,Gilvan de Oliveira
9742,Gimmik
9743,Gin Blossoms
9744,Gin Dutch
9745,Gin Lee
9746,Gina Beck
9747,Gina Livia
9748,Gina Martin
9749,Gina Rodriguez
9750,Ginger
9751,Gino & Geno
9752,Gino Montesano
9753,Ginuwine
9754,Gioacchino Cocchi
9755,Gioachino Rossini
9756,Giocatori
9757,GionnyScandal
9758,Gioprod
9759,Giorgia
9760,Giorgia Angiuli
9761,Giorgia Fumanti
9762,Giorgio Borghetti
9763,Giorgio Moroder
9764,Giorgio Tuinfort
9765,Gioto
9766,Giovanni
9767,Giovanni Antonini
9768,Giovanni Zarrella
9769,Gio’ Gio’ Rapattoni
9770,Gippy Grewal
9771,Giraffenaffen
9772,Girik Aman
9773,Girish Nakod
9774,Girish Narayanan
9775,Girl Band
9776,Girl Pusher
9777,Girl Talk
9778,Girls In Hawaii
9779,Girls' Generation
9780,Girma Bèyènè
9781,Giro
9782,Gisela
9783,Gisele Nascimento
9784,Giselle
9785,Giselle Guarezi
9786,Giselli Cristina
9787,Giuda
9788,Giulia Jean
9789,Giulio Prandi
9790,Giuseppe De Luca
9791,Giuseppe Di Stefano
9792,Giuseppe Greco
9793,Giuseppe Ottaviani
9794,Giuseppe Patanè
9795,Giuseppe Sinopoli
9796,Giuseppe Verdi
9797,Giveon
9798,Giza Djs
9799,Giò Di Tonno
9800,Gjermund Larsen
9801,Glaceo
9802,Gladys Knight
9803,Gladys Knight & The Pips
9804,Glare
9805,Glasperlenspiel
9806,Glass Animals
9807,Glass Spells
9808,Glassjaw
9809,Glee Cast
9810,Glen Campbell
9811,Glen Glenn
9812,Glen Hansard
9813,Glenmark Eriksson Strömstedt
9814,Glenn Danzig
9815,Glenn Fredly
9816,Glenn Gould
9817,Glenn Miller
9818,Glenn Underground
9819,Glenn Wool
9820,Gleydson Gavião
9821,Glimlip
9822,Glitzer Gischi
9823,Gloria
9824,Gloria Banditelli
9825,Gloria Calderón Kellett
9826,Gloria Estefan
9827,Gloria Gaynor
9828,Gloria Groove
9829,Gloria Hays
9830,Gloria Kim
9831,Gloria Laing
9832,Gloria Onitiri
9833,Gloria Scalchi
9834,Gloria Trevi
9835,Glorious
9836,Glory of Love
9837,Glowal
9838,Glowfi
9839,Glowie
9840,Glynis Johns
9841,Glüme
9842,GmgLegit
9843,Gminxr
9844,Gmiztik
9845,Gnarls Barkley
9846,Go Betty Go
9847,Go Freek
9848,Go West
9849,Go-qualia
9850,GoKeeKeeGo
9851,Goa Gil
9852,Goatchy
9853,Goatwhore
9854,Goblins from Mars
9855,"Gocho ""El Lápiz De Platino"""
9856,God Module
9857,Godhead
9858,Godiego
9859,Godsmack
9860,Godspell (The New Broadway Cast Recording)
9861,Goethe Institut Choir
9862,Goetz
9863,Goiano & Paranaense
9864,Going Global Records
9865,Goitzsche Front
9866,Gojira
9867,Gold
9868,Gold Celeste
9869,Gold Geisha
9870,GoldAshez
9871,Goldbird
9872,Golden Boys
9873,Golden Earring
9874,Golden Features
9875,Golden Ganga
9876,Golden Ticket Tapes
9877,GoldenEMP
9878,Goldfinger
9879,Goldfrapp
9880,Goldi Phone Home
9881,Goldie
9882,Goldie Khristi
9883,Goldie Lookin Chain
9884,Goldmund
9885,Goldn.B
9886,Goldsound
9887,Goldy
9888,Golpe a Golpe
9889,Gomer Edwin Evans
9890,Gomey
9891,Gondwana
9892,Gontiti
9893,Gonzaguinha
9894,Gonzalo Araya
9895,Gonzi
9896,Gooba
9897,Good Charlotte
9898,Good Clean Fun
9899,Good Doogs
9900,Good Morning
9901,Good Morning Everyone
9902,Good Riddance
9903,Good Times Ahead
9904,Good Vibe
9905,Goodboys
9906,Goodiny
9907,Goodnight Fellows
9908,Goody Grace
9909,Goofy
9910,Googie Rene
9911,Goom Gum
9912,Goons Of Doom
9913,Gopal Rao
9914,Gopi Sundar
9915,Gordo
9916,Gordo del Funk
9917,Gordon Tracks
9918,Gorerotted
9919,Goretrade
9920,Gorgasm
9921,Gorgon City
9922,Gorgoroth
9923,Goribeatzz
9924,Gorillaz
9925,Gost
9926,Gostan
9927,Gostosa
9928,"Gotay ""El Autentiko"""
9929,Gothenburg Symphony Orchestra
9930,Gothminister
9931,Gotte Kanakavva
9932,Gotthard
9933,Gottinari
9934,Gotu Jim
9935,Gourov Dasgupta
9936,Gourov-Roshin
9937,Govana
9938,Government Warning
9939,Governor Tiggy
9940,Govi
9941,Gowry Lekshmi
9942,Gproject
9943,Grabbitz
9944,Grace Davidson
9945,Grace George
9946,Grace Grundy
9947,Grace Jones
9948,Grace Lokwa
9949,Grace Petrie
9950,Grace Tither
9951,Grace Valiery
9952,Gracie Abrams
9953,Gracie Van Brunt
9954,Gradient Island
9955,Graeme Park
9956,Graf Orlock
9957,Graffiti 3X
9958,Grafix
9959,Graham Candy
9960,Graham Colton
9961,Graham Foote
9962,Graham Parker
9963,Graham Parker & The Rumour
9964,Grailz Beni
9965,Gramatik
9966,Gramma Funk
9967,Gramofocas
9968,Gran Orquesta Típica OTRA
9969,Grand Funk Railroad
9970,Grandbrothers
9971,Grandmaster Slice
9972,Grandpa Jones
9973,Grandtheft
9974,Grant
9975,Grant Dawson
9976,Granular
9977,Grasshopper
9978,Grasstowne
9979,Grateful Dead
9980,Graveland
9981,Gravero
9982,Graveworm
9983,Graveyard
9984,Graveyard Train
9985,Gravity
9986,Gray
9987,Grayson Villanueva
9988,Grayuboi
9989,Great Festival Choir and Orchestra
9990,Great Good Fine Ok
9991,Greatman Takit
9992,Grecco
9993,Greeicy
9994,Green Bicycle
9995,Green Day
9996,Green Lantern
9997,Green Valley
9998,Green Velvet
9999,Greenhaven DJs
10000,Greenhorn
10001,Greensky Bluegrass
10002,Greentea Peng
10003,Greezy
10004,Greg Hildreth
10005,Greg Holden
10006,Greg Laswell
10007,Greg Maroney
10008,Greg Note
10009,Greg Prestopino
10010,Greg Proops
10011,Greg Warren
10012,Greg Whipple
10013,Gregor Klamra
10014,Gregor Simon
10015,Gregor Tresher
10016,Gregorian
10017,Gregorio Franco
10018,Gregory Alan Isakov
10019,Gregory Diaz IV
10020,Gregory Isaacs
10021,Gregory Porter
10022,Gremlin
10023,Grendel
10024,Gress
10025,Greta Martin
10026,Greta Svabo Bech
10027,Greta Van Fleet
10028,Grete Pedersen
10029,Grey
10030,Grey Daze
10031,Grey Henson
10032,Grey Reverend
10033,Grey Skye Evans
10034,Greyboy
10035,Greyson Chance
10036,GridKiller
10037,Gridiron
10038,Griff
10039,Griff Clawson
10040,Grigor Palikarov
10041,Grim YG
10042,Grimes
10043,Grimm
10044,Grinspoon
10045,Gripin
10046,Griss Romero
10047,Gritando HC
10048,Grizzly Bear
10049,Grmmr.126
10050,Grogi
10051,Groovaholik
10052,Groove Armada
10053,Groove Assassin
10054,Groove Corporation
10055,Groove Coverage
10056,Groove Da Praia
10057,Groove Delight
10058,Groovie Ghoulies
10059,Grosses Operetten Orchester
10060,Ground
10061,Groundation
10062,Groundbass
10063,Groundhog Day The Musical Company
10064,Grouper
10065,Grouplove
10066,"Grover Washington, Jr."
10067,Groza
10068,Gruesome
10069,Grum
10070,Grup Gündoğarken
10071,Grup Yorum
10072,Grupo Azteka
10073,Grupo Balaco Baco
10074,Grupo Bom Astral
10075,Grupo C4
10076,Grupo Callado
10077,Grupo Caneo
10078,Grupo Caso a Parte
10079,Grupo Clareou
10080,Grupo Fantasma
10081,Grupo Fundo De Quintal
10082,Grupo Galé
10083,Grupo Katinguelê
10084,Grupo Lluvia
10085,Grupo Malícia
10086,Grupo Menos É Mais
10087,Grupo Niche
10088,Grupo Pagode
10089,Grupo Presença
10090,Grupo Raça
10091,Grupo Revelação
10092,Grupo Sambaí
10093,Grupo Sem Abuso
10094,Grupo Sensação
10095,Grupo Ternura
10096,Grupo Tradição
10097,Grupo Yndio
10098,Grupo aXtral
10099,Grupo ÉD+
10100,Gruppa Express
10101,Gruzja
10102,Gryffin
10103,Grzegorz Markowski
10104,Gtay
10105,Guachupé
10106,Guaco
10107,Guadalcanal Diary
10108,Gualberto Castro
10109,Guana Batz
10110,Guantanamo Baywatch
10111,Guaraná
10112,Guasones
10113,Guau
10114,Guayacán Orquesta
10115,Guaynaa
10116,Gucci Mane
10117,Guevara
10118,Guga Nandes
10119,Gugu Mbatha-Raw
10120,Gugu Shezi
10121,Gui Boratto
10122,Gui Brazil
10123,Gui Marques
10124,Guided By Voices
10125,Guil
10126,Guilherme & Benuto
10127,Guilherme & Santiago
10128,Guilherme Arantes
10129,Guilherme Dantas
10130,Guilherme Kastrup
10131,Guilherme Miranda
10132,Guillaume Grand
10133,Guillaume Vincent
10134,Guillermo Fernández
10135,Guillermo Rozenthuler
10136,Guillermo Sanchez
10137,Guilt Trip
10138,Guinu
10139,Guitar Accompaniment
10140,Guitar Duet Alexeev - Sazonov
10141,Guitarras de Luna
10142,Guitarricadelafuente
10143,Guitk
10144,Guizo
10145,Gulab Sidhu
10146,Gulzar
10147,Gummy
10148,Gun Boi Kaz
10149,Gunars Upatnieks
10150,Gundecha Brothers
10151,Gundula Janowitz
10152,Gundy
10153,Gunjan
10154,Gunna
10155,Gunnar & The Grizzly Boys
10156,Gunnar Wiklund
10157,Gunnel Boek
10158,Guns N' Roses
10159,Guns n' Wankers
10160,Gunslingers
10161,Gunz For Hire
10162,Gupz Sehra
10163,Gur Chahal
10164,Gur Sidhu
10165,Gurbax
10166,Guri
10167,Guri Gangsta
10168,Gurinder Gill
10169,Gurlez Akhtar
10170,Guru
10171,Guru Randhawa
10172,GusGus
10173,Gustaf & Viktor Norén
10174,Gustah
10175,Gustav Djupsjöbacka
10176,Gustav Holst
10177,Gustav Kuhn
10178,Gustav Mahler
10179,Gustav Nilsen
10180,Gustavo
10181,Gustavo Borner
10182,Gustavo Dotch
10183,Gustavo Dudamel
10184,Gustavo Lins
10185,Gustavo Mioto
10186,Gustavo Santaolalla
10187,Gustavo Souza
10188,Gustixa
10189,Gusttavo Lima
10190,Gute Freunde
10191,Guti
10192,Gutter Demons
10193,Guus Dielissen
10194,Guustavv
10195,Guy Arthur
10196,Guy Barker
10197,Guy Barker Orchestra
10198,Guy Gerber
10199,Guy Penrod
10200,Guz
10201,Gwen Dias
10202,Gwen McCrae
10203,Gwen Stefani
10204,Gwen Verdon
10205,Gwendolyne
10206,Gwyneth Paltrow
10207,Gyedu-Blay Ambolley
10208,Gyllene Tider
10209,Gym Class Heroes
10210,Gyorgy Vashegyi
10211,Gypsymen
10212,Gyptian
10213,György Lehel
10214,GÅEL
10215,Gävle Symphony Orchestra
10216,Gérard Lenorman
10217,Gérard Poulet
10218,Gérard Rinaldi
10219,Gökhan Keser
10220,Gökhan Türkmen
10221,Göksel
10222,Göran Söllscher
10223,"Gösta ""Snoddas"" Nordgren"
10224,Göteborg Wind Orchestra
10225,Gøggs
10226,Gülce Duru
10227,Gülden Karaböcek
10228,Gülşen
10229,Güncel Gürsel Artıktay
10230,Gündoğarken
10231,Güney Marlen
10232,Günter Wand
10233,Gürzenich Orchestra Köln
10234,H Dixit
10235,H Magnum
10236,H&D
10237,H. Shreenivas Moorthi
10238,H.E.R.
10239,H4RRIS
10240,HAAi
10241,HACOON
10242,HAIM
10243,HALIENE
10244,HANA
10245,HARBER
10246,HARDY
10247,HARLEE
10248,HASHAM
10249,HAUSER
10250,HAWK.
10251,HAYASA G
10252,HBSN
10253,HBz
10254,HC
10255,HDBeenDope
10256,HDMIRROR
10257,HEDEGAARD
10258,HEIZE
10259,HELLSTRVCK
10260,HELLYEAH
10261,HEMTON MUSIC
10262,HENDERY
10263,HEY-SMITH
10264,HI-LO
10265,HILLArious
10266,HIM
10267,HIRIE
10268,HKE
10269,HKT48
10270,HNNY
10271,HOFMANNITA
10272,HOLT
10273,HOMIES
10274,HOP
10275,HORSKH
10276,HOSH
10277,HOT-Q
10278,HOTEI
10279,HOYO-MiX
10280,HPY DAYZ
10281,HRJXT
10282,HRVY
10283,HT
10284,HUGEL
10285,HUTS
10286,HVDES
10287,HVME
10288,HVOB
10289,HWLS
10290,HXE
10291,HXGO
10292,HYBIT
10293,HYBS
10294,HYDE
10295,Ha*Ash
10296,Haakon Stange
10297,Habe & Dere
10298,Habib Faisal
10299,Habstrakt
10300,Hachioji P
10301,Hacken Lee
10302,Hackensaw Boys
10303,Hadar
10304,Hadestown Original Broadway Company
10305,Hadi Bastani
10306,Hadiqa Kiani
10307,Hadise
10308,Haemorrhage
10309,Haexxa
10310,Haezer
10311,Hafdís Huld
10312,Hagedorn
10313,Hagen Quartett
10314,Haggus
10315,Haikaiss
10316,Hail Of Bullets
10317,Hail The Sun
10318,Haile Supreme
10319,Hailee Steinfeld
10320,Hair Dryer Collection
10321,Hair Dryer Sounds
10322,Hair Dryers for Background Noise
10323,Haircut 100
10324,Hairitage
10325,Hairklep
10326,Hairspray Ensemble
10327,Haj
10328,Hak Baker
10329,Hak op de Tak
10330,Hakan Akkus
10331,Hakan Tunçbilek
10332,Hakkuhbar
10333,Hakobune
10334,Hala
10335,HalaCG
10336,HalcyonMusic
10337,Halestorm
10338,Haley Joelle
10339,Haley Mae Campbell
10340,Haley Maze
10341,Haley Reinhart
10342,Half Pint
10343,Halflives
10344,Halina Frackowiak
10345,Hallie
10346,Halls
10347,Halocene
10348,Halogenix
10349,Halsey
10350,Haluk Levent
10351,Ham
10352,Hamdi
10353,Hamid Al Shaeri
10354,Hamilton De Holanda
10355,HammerFall
10356,Hammock
10357,Hamodii
10358,Hampus Ewel
10359,Hamsika
10360,Hamsika Iyer
10361,Han Hee Jung
10362,Han Suji
10363,Hana Pickler
10364,Hanare Gumi
10365,Handbook
10366,Hande Mehan
10367,Hande Yener
10368,Hands Like Houses
10369,Hang Youth
10370,Hani Mojtahedy
10371,Hania Rani
10372,Hanita Bhambri
10373,Hank Azaria
10374,Hank Jones
10375,Hank Williams
10376,Hank Wood and the Hammerheads
10377,Hanna Ferm
10378,Hannah Boleyn
10379,Hannah Cooke
10380,Hannah Ellis
10381,Hannah Hobbs
10382,Hannah McClure
10383,Hannah Streeter
10384,Hannah Symons
10385,Hannah Trigwell
10386,Hannah Wants
10387,Hannah's Yard
10388,Hanne & Lore
10389,Hanne Mjøen
10390,Hannes
10391,Hanni Licht
10392,Hannu Norjanen
10393,Hanoi Rocks
10394,Hans Backenroth
10395,Hans Bergström
10396,Hans Georg Renner
10397,Hans Krul
10398,Hans Mossel
10399,Hans Pålsson
10400,Hans Raj Hans
10401,Hans Söllner
10402,Hans Zimmer
10403,Hansel Camacho
10404,Hansel Y Raul
10405,Hansi Süssenbach
10406,Hanspeter Haas
10407,Hansraj Raghuwanshi
10408,Hanumankind
10409,Hapa
10410,Hapax
10411,Happi
10412,Happy Heads NANIYORI
10413,Happy Hour
10414,Happy Pills
10415,Hara Noda
10416,Harakiri for the Sky
10417,Harbhajan Mann
10418,Hard Creation
10419,Hard Driver
10420,Hard Effectz
10421,Hardcore Masif
10422,Harddope
10423,Hardeep
10424,Hardfloor
10425,Hardfunction
10426,Hardik Chauhan
10427,Hardknox
10428,Hardsequencer
10429,Hardstyle Carnaval
10430,Hardstyle Mafia
10431,Hardstyle Masterz
10432,Hardwell
10433,Hardy & Mark
10434,Harem Scarem
10435,Hari & Sukhmani
10436,Hari Mahesh G
10437,Harib Hussain
10438,Haricharan
10439,Hariharan
10440,Harika Narayan
10441,Harini
10442,Harini Ivaturi
10443,Hariprasad Chaurasia
10444,Haris
10445,Haris Saleem
10446,Harisankar K.S
10447,Harish Budhwani
10448,Harish Raghavan
10449,Harish Raghavendra
10450,Harish Sagane
10451,Harish ragvender
10452,Haritha Jyothi
10453,Harjit Harman
10454,Harlan Silverman
10455,Harlej
10456,Harlem Richard$
10457,Harlem Yu
10458,Harley Bird
10459,Harley D
10460,Harley Poe
10461,Harlie & Charper
10462,Harnoor
10463,Harold Faltermeyer
10464,Harold Hastings
10465,Harold Melvin & The Blue Notes
10466,Harold van Lennep
10467,Harpo
10468,Harrdy Sandhu
10469,Harriet Harris
10470,Harriet Krijgh
10471,Harriet Slater
10472,Harris & Ford
10473,Harris Jayaraj
10474,Harrison Stafford
10475,Harrison Storm
10476,Harrlin
10477,Harry Dennis
10478,Harry Gregson-Williams
10479,Harry Groener
10480,Harry James
10481,Harry Nach
10482,Harry Pramahardika
10483,Harry Romero
10484,Harry Styles
10485,Harry Toddler
10486,HarrySong
10487,Harsh
10488,Harsh Symmetry
10489,Harshdeep Kaur
10490,Harshit Mehta
10491,Hartmut Höll
10492,Hartwig Rudolz
10493,Haru Kitamura
10494,Haruhiko Joh
10495,Haruka Tomatsu
10496,Haruki Sayama
10497,Harvard Bass
10498,Harvey Fierstein
10499,Harvi
10500,Harvinth Skin
10501,Hasan
10502,Hasan Minawi
10503,Hasan Raheem
10504,Hashback Hashish
10505,Hashbass
10506,Hashim Nawaz
10507,Hashir
10508,Hashu
10509,Hasip Aksu
10510,Hassan & Roshaan
10511,Hasse & Kvinnaböske Band
10512,Hasse Andersson
10513,Hassisen Kone
10514,Hate
10515,Hatebreed
10516,Hateen
10517,Hatha Priya
10518,Hatiras
10519,Hatom
10520,Hatred Surge
10521,Hatsune Miku
10522,Hattler
10523,Hauhwii
10524,Haujobb
10525,Hauschka
10526,Havana D’Primera
10527,Have Fun Teaching
10528,Havelin
10529,Havet
10530,Havinhell
10531,Havoc Brothers
10532,Havoc Mathan
10533,Havoc Naven
10534,Havoc Navin
10535,Havok
10536,Havukruunu
10537,Havva Öğüt
10538,Hawa
10539,Hawk Nelson
10540,Hawkeye
10541,Hawthorne Heights
10542,Hayd
10543,Hayden Calnin
10544,Hayki
10545,Hayko
10546,Hayko Cepkin
10547,Hayla
10548,Hayley Kiyoko
10549,Hayley May
10550,Hayley Westenra
10551,Hayley Williams
10552,Hayne
10553,Hayseed Dixie
10554,Hayze
10555,Haze
10556,Hazen Street
10557,Hazey Eyes
10558,Hazzie
10559,He Is Legend
10560,He Is We
10561,Head Splitter
10562,Headhunterz
10563,Headie One
10564,Healing Sounds for Deep Sleep and Relaxation
10565,Healthy Chill
10566,Heart
10567,Heart Attack Man
10568,Heartless Bastards
10569,Heartthrob
10570,Heather Menzies
10571,Heather Nova
10572,Heather Small
10573,Heather Sommer
10574,Heatwave
10575,Heaven 17
10576,Heaven Shall Burn
10577,Heavy Heavy Low Low
10578,Heavy Metal Perse
10579,Hebe Tien
10580,Hebreo
10581,Hecate Enthroned
10582,Hector & Tito
10583,Hector Gachan
10584,Hector Jaime Mercado
10585,Hector Oaks aka Cadency
10586,Hector Rey
10587,Hector Tricoche
10588,Hector Trioche
10589,Hector Warrens
10590,Hector Zeoli
10591,Hedda Grjotheim
10592,Hedley
10593,Heema Izzati Zainudin
10594,Heid Vogel
10595,Heidi Blickenstaff
10596,Heidi Parviainen
10597,Heidi Ruud Ellingsen
10598,Heimataerde
10599,Heinz Holliger
10600,Heinz Rudolf Kunze
10601,Heinz Zednik
10602,Heitor Pereira
10603,Heja
10604,Hektombe
10605,Hel:sløwed
10606,Helamã MC
10607,Heleen
10608,Helen
10609,Helen Engels
10610,Helen George
10611,Helen Goodwin
10612,Helen Humes
10613,Helen Jane Long
10614,Helen Reich
10615,Helen Sancho
10616,Helen Sjöholm
10617,Helena Deland
10618,Helena Timmers
10619,Helena af Sandeberg
10620,Helene Persson
10621,Helio Bentes
10622,Helios
10623,Helião
10624,Helker
10625,Hell Is For Heroes
10626,Hellberg
10627,Hellbillies
10628,Hellcrust
10629,Hellen Caroline
10630,Hellen Miranda
10631,Hellions
10632,Hello Artemisia!
10633,Hello Ellie
10634,Hello Sleepwalkers
10635,"Hello, Dolly! Ensemble (2017)"
10636,Helloween
10637,Hellripper
10638,Helmet
10639,Helmut Böcker
10640,Helmut Gauß
10641,Helmut Muller-Bruhl
10642,Helmut Wildhaber
10643,Helmut Wintermantel
10644,Helmuth Brandenburg
10645,Heloisa Rosa
10646,Helsloot
10647,Helzgloriam
10648,Heléne Lundström
10649,Hema Sardesai
10650,Hemachandra Vedala
10651,Hemant Kumar
10652,Henk Guldemond
10653,Henk Wijngaard
10654,Hennie Bekker
10655,Henning Lohner
10656,Henok
10657,Henri PFR
10658,Henri Purnell
10659,Henric Edström
10660,Henrik Janson
10661,Henrik Koefoed
10662,Henrik Måwe
10663,Henrik Schwarz
10664,Henrique
10665,Henrique & Diego
10666,Henrique & Juliano
10667,Henrique Baptista
10668,Henrique Camacho
10669,Henrique Cerqueira
10670,Henrique Feist
10671,Henrix
10672,Henry
10673,Henry Camelot
10674,Henry Dark
10675,Henry Fiol
10676,Henry Fong
10677,Henry Freitas
10678,Henry Green
10679,Henry Jackman
10680,Henry Perry
10681,Henry Purcell
10682,Henry Stram
10683,Hens
10684,Hens Otter
10685,Hentai Dude
10686,Hentry Kuruvila
10687,Hep Stars
10688,Hepsi
10689,Her
10690,Her's
10691,Herbal T
10692,Herbert Grönemeyer
10693,Herbert Vianna
10694,Herbert von Karajan
10695,Herbie Hancock
10696,Herbie Mann
10697,Herbie Sahara
10698,Here Comes The Kraken
10699,Herencia de Timbiqui
10700,Heritage United Musicians
10701,Herman's Hermits
10702,Hermanas Jimenez
10703,Hermann Baumann
10704,Hermann Prey
10705,Hermanos Carrion
10706,Hermanos Rigual
10707,Hermetica
10708,Hermitude
10709,Hernan Cattaneo
10710,Herobust
10711,Heroe
10712,Heroes Del Silencio
10713,Herr D.K.
10714,Herra Ylppö
10715,Herrin
10716,Herta Talmar
10717,Hertz
10718,Heruin
10719,Herva Doce
10720,Herve Niquet
10721,Hervé
10722,Hesham Abdul Wahab
10723,Hessam Ohadi
10724,Hether
10725,Hety and Zambo
10726,Hevo 84
10727,Hex Cougar
10728,Hi Hat Henry
10729,Hi I'm Ghost
10730,Hi Profile
10731,Hi! Spencer
10732,Hi-Rez
10733,Hi-STANDARD
10734,Hichkas
10735,Hicksville Bombers
10736,Hidden Agenda
10737,Hidden Empire
10738,Hidden Message
10739,Hidehiko Ishizuka
10740,Hideki Taniuchi
10741,Hideyuki Hashimoto
10742,Hideyuki Umezu
10743,Hidra
10744,Hier
10745,Hige Driver
10746,High Contrast
10747,High Fidelity
10748,High Jinx
10749,High Maintenance
10750,High Priest
10751,High Sunn
10752,High Tone
10753,High Valley
10754,High Voltage
10755,Highland Peak
10756,Highlands Worship
10757,Highlnd
10758,Highlonesome
10759,Highly Suspect
10760,Higuchi Ai
10761,Hijazi
10762,Hikaru Shirosu
10763,Hikaru Utada
10764,Hilary Hahn
10765,Hilary Stagg
10766,Hilda Juhlin
10767,Hilda Lizarazu
10768,Hildemaro
10769,Hildur Guðnadóttir
10770,Hilera
10771,Hilight Tribe
10772,Hillary Scott
10773,Hillary Smith
10774,Hillbilly Casino
10775,Hillbilly Hellcats
10776,Hillbilly Rawhide
10777,Hillsong Em Português
10778,Hillsong Kids
10779,Hillsong UNITED
10780,Hillsong Worship
10781,Hillsong Young & Free
10782,Hillsong en Español
10783,Himani Kapoor
10784,Himekami
10785,Himera
10786,Himesh Reshammiya
10787,Hinatazaka46
10788,Hinder
10789,Hins Cheung
10790,Hinshi
10791,Hior Chronik
10792,Hip Dozer
10793,Hip Hop Harry
10794,Hiphop Tamizha
10795,Hiphopologist
10796,Hippie Sabotage
10797,Hird
10798,Hiroaki Tsutsumi
10799,Hiroco.M
10800,Hirofumi Nakamura
10801,Hiroko Murakami
10802,Hiroshi Koitabashi
10803,Hiroyuki Sawano
10804,His Hero Is Gone
10805,Hisohkah
10806,Hit-Boy
10807,Hitman Blues Band
10808,Hitman Howie Tee
10809,Hitomi Shimatani
10810,Hitorie
10811,Hixxy
10812,Hiérophante
10813,Hjalle & Heavy
10814,Hoang
10815,Hobo Johnson
10816,Hobta
10817,Hocico
10818,Hockey Dad
10819,Hoffy Beats
10820,Hofmästarn
10821,Hogland
10822,Hojean
10823,Holding Absence
10824,Hole
10825,Holem
10826,Hollandse Herrie
10827,Hollie Cook
10828,Holliger Wind Ensemble
10829,Hollow Coves
10830,Hollow Front
10831,Holly
10832,Holly Bowling
10833,Holly Drummond
10834,Holly Henry
10835,Holly Humberstone
10836,Holly T
10837,Holly Walker
10838,Hollyn
10839,Hollywood Holt
10840,Hollywood Undead
10841,Holy Fuck
10842,Hombres G
10843,Home
10844,Home-Mad Djz
10845,Homero Espinosa
10846,Honey Dijon
10847,Honey Mooncie
10848,Honeybucket
10849,Honeycomb
10850,Hong Ronghong
10851,Honk!
10852,Honky Tonk Band
10853,Honky Tonk Hustlas
10854,Honoka Suzuki
10855,Hoobastank
10856,Hoober
10857,Hoodoo Gurus
10858,Hoody
10859,Hoogway
10860,Hoolahoop
10861,HooplaKidz
10862,Hoosh
10863,Hootie & The Blowfish
10864,Hooverphonic
10865,Hope Sandoval
10866,Hope Tala
10867,Hopex
10868,Hopscotch Songs
10869,Hopun Saikia
10870,Horace Andy
10871,Horace Brown
10872,Horacio Blanco
10873,Horacio Cásares
10874,Horacio Guarany
10875,Horacio Lagos
10876,Horacio Payan
10877,Horacio Quintana
10878,Horacio Salgán
10879,Horcas
10880,Horisont
10881,Horizon Blue
10882,Horn
10883,Hornet La Frappe
10884,Horrible Creatures
10885,Horror Section
10886,Horrorpops
10887,Horse Head
10888,Horsehead
10889,Horseman
10890,Horseshoes & Hand Grenades
10891,Hosea
10892,Hot
10893,Hot Buttered Rum
10894,Hot Chelle Rae
10895,Hot Chip
10896,Hot Chocolate
10897,Hot Flash Heat Wave
10898,Hot Rize
10899,Hot Shade
10900,Hot Since 82
10901,Hot Water Music
10902,Hotcaller
10903,Hotelo
10904,House Gospel Choir
10905,House Of Pain
10906,House Of Virus
10907,House Rockerz
10908,House of Omni
10909,House of Prayers
10910,Housefires
10911,Housemeister
10912,Housenick
10913,Hov1
10914,Hovet
10915,How To Loot Brazil
10916,Howard Ashman
10917,Howard Blake
10918,Howard Carpendale
10919,Howard Crook
10920,Howard Jones
10921,Howard Roberts
10922,Howard Shelley
10923,Howie B.
10924,Howie Day
10925,Howlin' Wolf
10926,Hozho
10927,Hozier
10928,Hozumi Shibata
10929,Hozwal
10930,Hoàng Dũng
10931,Hraach
10932,Hrag Mikkel
10933,Hriday Gattani
10934,Hrishikesh
10935,Hrithik Roshan
10936,Hu Wei Na
10937,Hu Xia
10938,Huang Yee Ling
10939,Hubert Molander
10940,Hubert Wu
10941,Hucci
10942,Huck Walton
10943,Huda Hudia
10944,Hudson Mohawke
10945,Huerco S.
10946,Hues Corporation
10947,Huey Dunbar
10948,Hugar
10949,Hugh Dennis
10950,Hugh Hardie
10951,Hugh Jackman
10952,Hugh Masekela
10953,Hugh Maynard
10954,Hugo
10955,Hugo & Guilherme
10956,Hugo & Vitor
10957,Hugo Cantarra
10958,Hugo Del Carril
10959,Hugo Del Vecchio
10960,Hugo Díaz
10961,Hugo Henrique
10962,Hugo TSR
10963,Hugo Toxxx
10964,Hugo e Heitor
10965,Huichol Musical
10966,Hujan
10967,Hulder
10968,Huma
10969,Human Remains
10970,Human Resource
10971,Humane Sagar
10972,Humberto & Ronaldo
10973,Humberto Gessinger
10974,Humberto Herrera
10975,Humberto Júnior
10976,Humberto Terán
10977,Humbreaders
10978,Hummingbird of Death
10979,Hungarian State Opera Chorus
10980,Hungarian State Opera Orchestra
10981,Hunter Foster
10982,Hunter Hayes
10983,Hunter Parrish
10984,Huntingtons
10985,Huora
10986,Hurricane
10987,Hurts
10988,Hurula
10989,Huset
10990,Hush Little Baby
10991,Husky
10992,Husman
10993,Huxley
10994,Hva Snakker Du Om?
10995,Hvnnibvl
10996,Hwa Sa
10997,Hy Anzell
10998,Hybrid
10999,Hybrid Minds
11000,Hye Na Park
11001,Hyjacked
11002,Hype Duo
11003,Hyper
11004,Hyperanhas
11005,Hyperflow
11006,Hypnose
11007,Hypocrisy
11008,Hyro The Hero
11009,Hysta
11010,Hysteric Panic
11011,HyunA
11012,HyunA&DAWN
11013,HØNEST
11014,Hästpojken
11015,Håkan Hellström
11016,"Héctor ""El Father"""
11017,Héctor Console
11018,Héctor De Rosas
11019,Héctor Lama
11020,Héctor Lavoe
11021,Héctor Mauré
11022,Héctor Pacheco
11023,Héctor Varela
11024,Héctor Varela y su Orquesta Típica
11025,Hélène
11026,Höhner
11027,Höröyá
11028,Hümeyra
11029,Hüsker Dü
11030,Hüsnü Arkan
11031,I AM
11032,I AM THEY
11033,I Am King
11034,I DONT KNOW HOW BUT THEY FOUND ME
11035,I Declare War
11036,I Don't Like Mondays.
11037,I Hate Models
11038,I Met a Yeti
11039,I Monster
11040,I Musici
11041,I Prevail
11042,I Quu
11043,I See Stars
11044,I Solisti Veneti
11045,I Virtuosi Italiani
11046,I Was A King
11047,I Wayne
11048,I virtuosi di Roma
11049,I'm With Her
11050,I-Exist
11051,I-Kay
11052,I-LAND
11053,I.D.
11054,IA
11055,IAM
11056,IAMX
11057,IAmChino
11058,IB
11059,ICE-T
11060,ICEHOUSE
11061,ICO
11062,ICON
11063,ID
11064,IFÁ
11065,IIIrd Tyme Out
11066,ILIRA
11067,ILLENIUM
11068,ILOVEMAKONNEN
11069,ILS
11070,ILURO
11071,IMAN
11072,IMANU
11073,IMIURU
11074,INF1N1TE
11075,INFINITY
11076,INHUMAN
11077,INNA
11078,INSITE
11079,INTERSECTION
11080,INTRN
11081,INXS
11082,ION LIL GUT
11083,IP Singh
11084,IQ
11085,IRAH
11086,IRAIDA
11087,ISEKXI
11088,ISHA
11089,ISHNLV
11090,ISK
11091,ISOxo
11092,IShowSpeed
11093,ISÁK
11094,ITHAN NY
11095,ITO
11096,ITZY
11097,IU
11098,IURY FERNANDES
11099,IVE
11100,IVIE
11101,IVYSON
11102,IWL
11103,IWaata
11104,IZ*ONE
11105,IZAL
11106,IZECOLD
11107,Iamcloud
11108,Iamthecoffin.
11109,Ian Bagg
11110,Ian Burdge
11111,Ian Devaney
11112,Ian Edwards
11113,Ian Ewing
11114,Ian Finkelstein
11115,Ian Lavender
11116,Ian McKellen
11117,Ian Munsick
11118,Ian Pooley
11119,Ian Shaw
11120,Iara Rennó
11121,Ibhar Wil
11122,Ibiza Pareo
11123,Ibnu Kopz
11124,Ice Cube
11125,Ice Nine Kills
11126,Ice Prince
11127,Ice Seguerra
11128,Ice Truck
11129,Iceberg Slimm
11130,Iceboy Violet
11131,Iceleak
11132,Iceman
11133,Ichika Nito
11134,Ichiko Aoba
11135,Ichon
11136,Icicle
11137,Icon For Hire
11138,Icona Pop
11139,Iconili
11140,Idd Aziz
11141,Idealism
11142,Idi Akz
11143,Idil
11144,Idin Samimi Mofakham
11145,Idina Menzel
11146,Idkconundrum
11147,Idlefon
11148,Idoling!!!
11149,Idris Elba
11150,Ifimay
11151,Iggy Pop
11152,Ignacio Corsini
11153,Ignacio Green Clown
11154,Ignacio Murillo
11155,Ignasi Terraza
11156,Ignaz Friedman
11157,Igneous Flame
11158,Ignotus
11159,Igor Garanin
11160,Igor Krutoy
11161,Igor Kwiatkowski
11162,Igor Levit
11163,Igor Slutskiy
11164,Igor Talkov
11165,Igor vilão
11166,Igreja Mananciais
11167,Iguinho & Lulinha
11168,Iguinho e Lulinha
11169,Igulfrid
11170,Igão
11171,Ihaka
11172,Ihsahn
11173,Ijahman Levi
11174,Ijal Bulb
11175,Ikaya
11176,Ike & Tina Turner
11177,Ike Parodi
11178,Ikebe Shakedown
11179,Ikimonogakari
11180,Ikinya
11181,Ikka
11182,Ikke Hüftgold
11183,Ikky
11184,Ikson
11185,Ikuko Harada
11186,Il Divo
11187,Il Giardino Armonico
11188,Il Pomo D'oro
11189,Il Volo
11190,Il'ja Mar'in
11191,Ila Arun
11192,Ilaiyaraaja
11193,Ilan Bluestone
11194,Ilan Eshkeri
11195,Ilang
11196,Ilaria De Rosa
11197,Ilario Alicante
11198,Ilda Mason
11199,Ileana Cotrubas
11200,Ilija Djokovic
11201,Iliza Shlesinger
11202,Ilja Richter
11203,Ilkae
11204,Ilkan Gunuc
11205,Ilkay Akkaya
11206,Ilkay Sencan
11207,Ill Niño
11208,Illdisposed
11209,Illitheas
11210,Illuminine
11211,Illy
11212,Illyus & Barrientos
11213,Ilover
11214,Ilsey
11215,Ilya Beshevli
11216,Ima Rayner
11217,Imad
11218,Imad Royal
11219,Imaginary Cities
11220,Imaginary Future
11221,Imaginasamba
11222,Imagination
11223,Imagination Movers
11224,Imagine Dragons
11225,Iman Chakraborty
11226,Iman Soeteman
11227,Imanbek
11228,Imani Williams
11229,Imany
11230,Imelda May
11231,Imelda Miller
11232,Imelda Staunton
11233,Imenella
11234,Imfinenow
11235,Immaculate Styles
11236,Immanuel Henry
11237,Immer Hansi
11238,Imminence
11239,Immortal
11240,Imo-Kin Trio
11241,Impact & Resist
11242,Impacto Crea
11243,Impaled
11244,Impaled Nazarene
11245,Imperative Reaction
11246,Imperatorz
11247,Imperial
11248,Imperial Circus Dead Decadence
11249,Imperialist
11250,Imperiet
11251,Imperio
11252,Impetigo
11253,Implore
11254,Imran Khan
11255,In Aphelion
11256,In Element
11257,In Flames
11258,In Hearts Wake
11259,In Solitude
11260,In Strict Confidence
11261,In The Burial
11262,In The Woods...
11263,In Twilight's Embrace
11264,In-Phase
11265,InDharma
11266,InI
11267,InMe
11268,Ina Colada
11269,Ina Forsman
11270,Ina Müller
11271,Ina Wroldsen
11272,Inaya Day
11273,Inbal Segev
11274,Incantation
11275,Incendiary
11276,Incubus
11277,Indeep Bakshi
11278,Inderpal Moga
11279,India Martinez
11280,Indian Ocean
11281,IndianRaga
11282,Indiana
11283,Indigo Jams
11284,Indigo Pool
11285,Indila
11286,Indiomar
11287,Indivision
11288,Indochine
11289,Indra7
11290,Ines
11291,InfaRed
11292,Infames Ska
11293,Infant Annihilator
11294,Infected Mushroom
11295,Infekt
11296,Inferi
11297,Infierno 18
11298,Infinite Scale
11299,Info
11300,Informatik
11301,Infraction
11302,Ingeborg Dalheim
11303,Ingested
11304,Ingo ohne Flamingo
11305,Ingrained Instincts
11306,Ingrid Andress
11307,Ingrid Haebler
11308,Ingrid Michaelson
11309,Ingrid Olsson
11310,Inhaler
11311,Inheres
11312,Ini Kamoze
11313,Inimigos Da HP
11314,Inimigos Do Rei
11315,Init
11316,Initial Talk
11317,Inja
11318,Ink Heart
11319,Inked_Princess__
11320,Inkubus Sukkubus
11321,Inna Dukach
11322,Innellea
11323,Inner Circle
11324,Inner City
11325,Inner Sphere
11326,Inni - Mary Poppins powraca
11327,Inno Genga
11328,Innov Gnawa
11329,Inocentes
11330,Inpetto
11331,Inquisition
11332,InsideInfo
11333,InsideInfo & Mefjus
11334,Insomniacks
11335,Insomnium
11336,Insowmya
11337,Inspectah Deck
11338,Inspector
11339,Institute
11340,Instituto
11341,Instrumental Worship Project from I’m In Records
11342,Insult
11343,Insurgent
11344,Intara
11345,Integral Rigor
11346,Integrity's Hosanna! Music
11347,Intence
11348,Intense
11349,Interactive
11350,Interactive Noise
11351,Internal Rot
11352,International Chamber Vocalists
11353,Internet Money
11354,Interpuesto
11355,Inthu
11356,Inti Illimani Histórico
11357,Intimistas
11358,Into The Pale Abyss
11359,Intocable
11360,Intoxicados
11361,Inum
11362,Inva Mula/Orchestre National du Capitole de Toulouse/Michel Plasson
11363,Invector
11364,Invent Animate
11365,Inversion
11366,Invisible Motion
11367,Inácio
11368,Iné Kafe
11369,Ion Miles
11370,Ipang Lazuardi
11371,Ir. Samuel Maria
11372,Ira
11373,Ira Stein
11374,Ira!
11375,Ireland Boss
11376,Irem
11377,Irene Cara
11378,Irene Michaels
11379,Irfane
11380,Iriasona
11381,Irina Karatcheva
11382,Irina Makosh
11383,Irina Rimes
11384,Irina Tchistjakova
11385,Irineu Barsé
11386,Iris
11387,Iriscience
11388,Irish Army No. 1 Band
11389,Irma Thomas
11390,Irmã Kelly Patrícia
11391,Irmão Lázaro
11392,Iron & Wine
11393,Iron Butterfly
11394,Iron Horse
11395,Iron Lung
11396,Iron Maiden
11397,Irradiate
11398,Irshad Kamil
11399,Irshan Ashraf
11400,Irving Force
11401,Isaac Delusion
11402,Isaac Dunbar
11403,Isaac Hayes
11404,Isaac Ice
11405,Isaac Maya
11406,Isaac Nash
11407,Isaac Schneider
11408,Isaac Warburton
11409,Isaak Guderian
11410,Isabel Dörfler
11411,Isabel Jacobetty
11412,Isabela Merced
11413,Isabella Celander
11414,Isabella Taviani
11415,Isabella Ward
11416,Isabelle Pierre
11417,Isabelle van Keulen
11418,Isabèl Usher
11419,Isac Elliot
11420,Isadora Pompeo
11421,Isaiah Fisher
11422,Isaias Saad
11423,Isak Danielson
11424,Isan
11425,Isata Kanneh-Mason
11426,Iselin
11427,Isengard
11428,Ishani Dave
11429,Ishawna
11430,Ishiban
11431,Ishita Parakh
11432,Ishmael Ensemble
11433,Ishome
11434,Ishwanik Kaur
11435,Isi Glück
11436,Isla Bell
11437,Island Spa
11438,Isle Natividad
11439,Ismael Miranda
11440,Ismael Quintana
11441,Ismael Rivera
11442,Ismael Rivera Y Sus Cachimbos
11443,Ismael Serrano
11444,Ismaël Lô
11445,Isolated
11446,Isolation Berlin
11447,Ison & Fille
11448,Israel & Rodolffo
11449,Israel Kamakawiwo'ole
11450,Israel Novaes
11451,Israel Salazar
11452,Israel Vibration
11453,Israeli Chicks
11454,Israell Muniz
11455,Issac Delgado
11456,Issey Cross
11457,Issrath Quadhri
11458,Issues
11459,Istanbul Trip
11460,Istapp
11461,Istvan Sky
11462,Isusko
11463,It Dies Today
11464,"It Lives, It Breathes"
11465,It's DPK
11466,Ital
11467,ItaloBrothers
11468,Italoconnection
11469,Itaru Baba
11470,Itsy Bitsy
11471,Itsy Bitsy Spider Kids
11472,Ituana
11473,Itzhak Perlman
11474,Ivan & Alyosha
11475,Ivan Bielsa
11476,Ivan Carsten
11477,Ivan Conti
11478,Ivan De Freitas
11479,Ivan Ferreiro
11480,Ivan Fillini
11481,Ivan Gough
11482,Ivan Kozlovsky
11483,Ivan Lins
11484,Ivan Moody
11485,Ivan Ooze
11486,Ivan Petrov
11487,Ivan Rebroff
11488,Ivan Shmelyov
11489,Ivan Summer
11490,Ivan komarenko
11491,Ivana
11492,Ivana Spagna
11493,Ivana Wong
11494,Ivano Turco
11495,Ivar Lisinski
11496,Ive Greice
11497,Ivete Sangalo
11498,Ivica Neshybova
11499,Ivory
11500,Ivri
11501,Ivy Adara
11502,Ivy Lab
11503,Ivy Queen
11504,Iván Ferrús
11505,Ixuol
11506,Iyanya
11507,Iyaz
11508,Iza Lach
11509,Izabella Jur'eva
11510,Izabella Yurieva
11511,Izachar
11512,Izuka Hoyle
11513,Izzamuzzic
11514,Izzchughtai
11515,Izzy Bizu
11516,Izzy Vadim
11517,Izïa
11518,J Alvarez
11519,J Balvin
11520,J Boog
11521,J Capri
11522,J Fitz
11523,J Hus
11524,J Koran
11525,J Majik
11526,J Neto
11527,J Paul Getto
11528,J Prince
11529,J SOUL BROTHERS III
11530,J-Boogie
11531,J-King y Maximan
11532,J-Que Beenz
11533,J-WONN
11534,J. Cole
11535,J. Harrison Ghee
11536,J. Red (The Nephew)
11537,J. Worra
11538,J.C. Fous de la mer
11539,J.D. Crowe
11540,J.D. Crowe & The New South
11541,J.D. Wilkes
11542,J.J. Cale
11543,J.J. Grey
11544,J.M. Silk
11545,J.Noize
11546,J.O.X
11547,J.R.
11548,J.Sheon
11549,J0hnny
11550,J9ueve
11551,JACK
11552,JACKIE EXTREME
11553,JADED
11554,JADY
11555,JAM Project
11556,JAM8
11557,JANE HANDCOCK
11558,JAW
11559,JAWNY
11560,JAY B
11561,JAY-Z
11562,JB
11563,JB FM
11564,JBABE
11565,JBee
11566,JC NO BEAT
11567,JC Stewart
11568,JC 陳詠桐
11569,JD McCrary
11570,JD McPherson
11571,JDS
11572,JEANIE
11573,JEEMBO
11574,JEFFK
11575,JEL: The Digital Dream Girl
11576,JEN
11577,JENNIE
11578,JENO
11579,JEON SOMI
11580,JERRY
11581,JES
11582,JETFIRE
11583,JGSW
11584,JHart
11585,JID
11586,JIN
11587,JIRAYAUAI
11588,JJ
11589,JJ Flores
11590,JJ Heller
11591,JJ Lin
11592,JKriv
11593,JL Poleon
11594,JM Puxado
11595,JNS
11596,JODA
11597,JOEHDAH
11598,JOHNNASCUS
11599,JON
11600,JON VINYL
11601,JONA
11602,JONAH
11603,JONY
11604,JORDY
11605,JOSEPE EL DEMENTE
11606,JOTA
11607,JOVANA K
11608,JOY.
11609,JOYRYDE
11610,JP Cooper
11611,JP Diazz
11612,JP THE WAVY
11613,JP el Chamaco
11614,JPB
11615,JPD
11616,JPEGMAFIA
11617,JR ON
11618,JR Wasilewski
11619,JRM
11620,JS o Mão de Ouro
11621,JT Donaldson
11622,JT Roach
11623,JTS
11624,JUDE
11625,JUMADIBA
11626,JUN SKY WALKER(S)
11627,JUNG
11628,JUNNA
11629,JUNNY
11630,JVKE
11631,JVLA
11632,JVLIAH
11633,JVNA
11634,JW
11635,JXNV$
11636,JYLPO
11637,JYRYMY
11638,Ja Rule
11639,Jaakko Salon orkesteri
11640,Jaani
11641,Jaba
11642,Jabbar
11643,Jabron
11644,Jacaré
11645,Jacci McGhee
11646,Jacco
11647,Jace
11648,Jace Chan
11649,Jacek Skubikowski
11650,Jacek Stachursky
11651,Jacintha Abisheganaden
11652,Jack & Jack
11653,Jack Back
11654,Jack Bruce
11655,Jack Brymer
11656,Jack Cardwell
11657,Jack Center
11658,Jack Dawson
11659,Jack Gelee
11660,Jack Harlow
11661,Jack Hartmann
11662,Jack Hawitt
11663,Jack Hylton & His Orchestra
11664,Jack In The Box
11665,Jack Jones
11666,Jack Joseph Puig
11667,Jack Kays
11668,Jack Liebeck
11669,Jack Newsome
11670,Jack Out
11671,Jack Radics
11672,Jack Rosslyn
11673,Jack Savoretti
11674,Jack Stauber
11675,Jack Vreeswijk
11676,Jack White
11677,Jack Wins
11678,Jack Ü
11679,Jack's Mannequin
11680,Jackboy
11681,Jackie Evancho
11682,Jackie Hoffman
11683,Jackie Mittoo
11684,Jackie Neal
11685,Jackie Wilson
11686,Jackie Xan
11687,Jacknife
11688,Jackro
11689,Jackson Browne
11690,Jackson Hacking
11691,Jackson Love
11692,Jackson Wang
11693,Jacky Cheung
11694,Jacky Murda
11695,Jacky Terrasson
11696,Jacky Wu
11697,Jaclyn Davies
11698,Jacob
11699,Jacob Banks
11700,Jacob Collier
11701,Jacob David
11702,Jacob Guzman
11703,Jacob Hemphill
11704,Jacob Korn
11705,Jacob LaVallee
11706,Jacob's Piano
11707,Jacoby Shaddix
11708,Jacq
11709,Jacques
11710,Jacques Blanc
11711,Jacques Février
11712,Jacques Offenbach
11713,Jacques-Francis Manzone
11714,Jad Gillies
11715,Jada Banks-Mace
11716,Jada Kingdom
11717,Jade
11718,Jade Baraldo
11719,Jade Blue
11720,Jade Key
11721,Jaded Juice Riders
11722,Jadelyn
11723,Jaden
11724,Jaden Thompson
11725,Jadon Lavik
11726,Jads
11727,Jads & Jadson
11728,Jadson
11729,Jadu Heart
11730,Jae Hall
11731,Jafrass
11732,Jagged Edge
11733,Jagjit Singh
11734,Jagoda & Brylant
11735,Jaguarclaw
11736,Jah Fabio
11737,Jah Nattoh
11738,Jah Vinci
11739,Jaheim
11740,Jahnvi Shrimankar
11741,Jahshii
11742,Jahvillani
11743,Jahyanai
11744,Jai Wolf
11745,Jaideep Sahni
11746,Jaigo Gill
11747,Jailhouse
11748,Jaill
11749,Jaime Guardia
11750,Jaime Lyn Beatty
11751,Jain
11752,Jair Oliveira
11753,Jair Rodrigues
11754,Jaira Burns
11755,Jairo Bonfim
11756,Jairo Vera
11757,Jaiz John
11758,Jake Bugg
11759,Jake Eaw
11760,Jake Mandell
11761,Jake Miller
11762,Jake Owen
11763,Jake Reese
11764,Jake Ryan Flynn
11765,Jake Scott
11766,Jake Strain
11767,Jake Thackray
11768,Jakes
11769,Jaki Graham
11770,Jakka-B
11771,Jakkyboí
11772,Jako Diaz
11773,Jakob
11774,Jakob Algesten
11775,Jakob Bro
11776,Jakob Hellman
11777,Jakob Karlberg
11778,Jakob Sveistrup
11779,Jaksi Taksi
11780,Jakub Józef Orliński
11781,Jakub Strach
11782,Jaleh Negari
11783,Jalja
11784,Jam & Spoon
11785,Jam City
11786,Jam Hsiao
11787,Jam Rostron
11788,Jam8
11789,Jamal Aliyev
11790,Jamba
11791,Jameisha Trice
11792,Jamelão
11793,"James ""Bla"" Pahinui"
11794,James Arthur
11795,James Barbour
11796,James Bay
11797,James Blake
11798,James Blunt
11799,James Brown
11800,James Brown & The Famous Flames
11801,James Carter
11802,James Christian
11803,James Cocozza
11804,James Conlon
11805,James Davidson
11806,James Deano
11807,James Everingham
11808,James Ford Murphy
11809,James Gang
11810,James Grant
11811,James Hadouken
11812,James Hand
11813,James Hayto
11814,James Heather
11815,James Hersey
11816,James Hong
11817,James Horner
11818,James Hunter
11819,James Hype
11820,James Ingram
11821,James Levine
11822,James Macdonald
11823,James Mercy
11824,James Nathan Hopkins
11825,James Newton Howard
11826,James Quinn
11827,James Roche
11828,James Southall
11829,James TW
11830,James Talk
11831,James Taylor
11832,James Todd
11833,James Vasanthan
11834,James Walsh
11835,James Yuill
11836,Jameson Rodgers
11837,Jamie 3:26
11838,Jamie Anderson
11839,Jamie Cullum
11840,Jamie Foxx
11841,Jamie Irrepressible
11842,Jamie Jones
11843,Jamie Kilstein
11844,Jamie Lewis
11845,Jamie Lidell
11846,Jamie Miller
11847,Jamie Muscato
11848,Jamie Principle
11849,Jamie Roseanne
11850,Jamie Scott
11851,Jamie xx
11852,Jamila Velazquez
11853,Jamila Woods
11854,Jamily
11855,Jammil E Uma Noites
11856,Jammy Weirdo
11857,Jamsha
11858,Jamule
11859,Jan & Dean
11860,Jan Ammann
11861,Jan Blomqvist
11862,Jan Burton
11863,Jan Chris de Koeijer
11864,Jan Dzialek
11865,Jan Ellerås
11866,Jan Fride Wolbrandt
11867,Jan Jelinek
11868,Jan Lisiecki
11869,Jan Lundgren
11870,Jan Metternich
11871,Jan Peeters
11872,Jan Thiel
11873,Jan Traczyk
11874,Jan-David Rönfeldt
11875,Jan-Rapowanie
11876,Jana Kramer
11877,Jana Werner
11878,Janaina Santana
11879,Janaki Iyer
11880,Janardan Mitta
11881,Janaynna
11882,Jane Berbié
11883,Jane Gilchrist
11884,Jane Good
11885,Jane Huang
11886,Jane Leslie
11887,Jane Maximova
11888,Jane Monheit
11889,Jane Ohringer
11890,Jane Zhang
11891,Jane's Addiction
11892,Janelle Kroll
11893,Janelle Monáe
11894,Janet Dacal
11895,Janet Devlin
11896,Janet Jackson
11897,Janet Kay
11898,Janet Taylor
11899,Janethan
11900,Janice Vidal
11901,Janice Watson
11902,Janice Yan
11903,Janieck
11904,Janine
11905,Janine Cross
11906,Janine Jansen
11907,Janine LaManna
11908,Janine Teñoso
11909,Janis Joplin
11910,Janis Martin
11911,Janji
11912,Janna Nick
11913,Janne Lucas
11914,Janne Schaffer
11915,Jannicke Kruse
11916,Janos Tandari
11917,Jantine
11918,Jantsen
11919,Janusz Laskowski
11920,Japanische Kampfhörspiele
11921,Japanther
11922,Japinha Conde
11923,Jappa
11924,Japãozin
11925,Jaques Morelenbaum
11926,Jarabe De Palo
11927,Jards Macalé
11928,Jared Gertner
11929,Jared Lee
11930,Jared Sandler
11931,Jarhead Fertilizer
11932,Jarico
11933,Jaron Nurse
11934,Jartisto
11935,Jarvis Cocker
11936,Jaska Mäkynen
11937,Jasleen Royal
11938,Jasmin Walia
11939,Jasmine Cephas-Jones
11940,Jasmine Infiniti
11941,Jasmine Kaur
11942,Jasmine Knight
11943,Jasmine Sandlas
11944,Jasmine Sokko
11945,Jasmine Spence
11946,Jasmine Thompson
11947,Jason
11948,Jason & The Scorchers
11949,Jason Aldean
11950,Jason Allen
11951,Jason Caesar
11952,Jason Carter
11953,Jason Chan
11954,Jason Derulo
11955,Jason Howland
11956,Jason Little
11957,Jason Lux
11958,Jason Manford
11959,Jason Mraz
11960,Jason Nicholson-Porter
11961,Jason Payne
11962,Jason Richardson
11963,Jason Ross
11964,Jason Tam
11965,Jason Upton
11966,Jason Walker
11967,Jason Weaver
11968,Jasper James
11969,Jasper Randall
11970,Jaspinder Narula
11971,Jass Manak
11972,Jass Mann
11973,Jassie Gift
11974,Jassie Gill
11975,Jaswinder Singh
11976,Jatin-Lalit
11977,Jaume Berenguer
11978,Jaura Phagwara
11979,Jauría
11980,Jauz
11981,Java
11982,Javed Akhtar
11983,Javed Ali
11984,Javed Bashir
11985,Javed-Mohsin
11986,Javeon
11987,Javi Bora
11988,Javi Lobe
11989,Javid Psychic
11990,Javier Bátiz
11991,Javier Camarena
11992,Javier Casalla
11993,Javier Penna
11994,Javier Pinell
11995,Javier Vásquez
11996,Javiera Mena
11997,Javo Scratch
11998,Jawad Ahmad
11999,Jawsh 685
12000,Jax
12001,Jax Jones
12002,Jay & The Americans
12003,Jay Aliyev
12004,Jay C
12005,Jay Chou
12006,Jay Critch
12007,Jay Daniel
12008,Jay Dee
12009,Jay Dunham
12010,Jay Filson
12011,Jay Frog
12012,Jay Fung
12013,Jay Groovi
12014,Jay Hardway
12015,Jay Harper
12016,Jay Healy
12017,Jay Jones
12018,Jay Kava
12019,Jay Lumen
12020,Jay Mason
12021,Jay Mitta
12022,Jay Mohr
12023,Jay Park
12024,Jay Pharoah
12025,Jay Pryor
12026,Jay Reatard
12027,Jay Reeve
12028,Jay Robinson
12029,Jay Rodger
12030,Jay Santana
12031,Jay Sean
12032,Jay Stellar
12033,Jay Wheeler
12034,Jay de la Cueva
12035,Jay-Jay Johanson
12036,Jaya The Cat
12037,Jayadev
12038,Jayarajagopalam
12039,Jayateerth Mevundi
12040,Jayceeoh
12041,Jaye Hammer
12042,Jayh
12043,Jaykae
12044,Jayke Orvis
12045,Jayko
12046,Jayla Darden
12047,Jaylon Ashaun
12048,Jaymes Young
12049,Jaymitta
12050,Jaz Dhami
12051,"Jaz, The Legend"
12052,Jazadin
12053,Jazz Orchestra E.Kemper
12054,JazzMaTazz
12055,Jazzanova
12056,Jazzarama
12057,Jazzie B.
12058,Jazzinuf
12059,Jazzy B
12060,Jazzy Bazz
12061,Jazzy Gudd
12062,Jazzystics
12063,Jbrisko
12064,Jd Pantoja
12065,Jdub
12066,Jean Carn
12067,Jean DeVoite
12068,Jean Ferrat
12069,Jean Marie
12070,Jean Pierre Magnet
12071,Jean Sibelius
12072,Jean Tassy
12073,Jean du Voyage
12074,Jean-Baptiste Henry
12075,Jean-Baptiste Lully
12076,Jean-Jacques Goldman
12077,Jean-Luc Ponty
12078,Jean-Michel Blais
12079,Jean-Philippe Audin
12080,Jean-Philippe Rameau
12081,Jean-Rodolphe Kars
12082,Jean-Yves Thibaudet
12083,JeanJass
12084,Jeanette
12085,Jeanette Delgado
12086,Jeanne Added
12087,Jeannette
12088,Jebase
12089,Jebroer
12090,Jecin George
12091,Jed Weeks
12092,Jeeiph
12093,Jeenu Nazeer
12094,Jeepstarr
12095,Jeet Gannguli
12096,Jeezy
12097,Jefe
12098,Jeff
12099,Jeff Allen
12100,Jeff Beck
12101,Jeff Bernat
12102,Jeff Birma
12103,Jeff Blim
12104,Jeff Buckley
12105,Jeff Chang
12106,Jeff Floyd
12107,Jeff Foxworthy
12108,Jeff Franca
12109,Jeff Fullyauto
12110,Jeff King
12111,Jeff Mills
12112,Jeff Morales
12113,Jeff Oster
12114,Jeff Peterson
12115,Jeff Riv3r & Mike F
12116,Jeff Rosenstock
12117,Jeff Sipe
12118,Jeff Wahl
12119,Jefferson & Suellen
12120,Jefferson Airplane
12121,Jefferson Mays
12122,Jefferson Moraes
12123,Jeffin Jestin
12124,Jeffrey Iqbal
12125,Jeffrey Kuhn
12126,Jeffrey Tate
12127,Jefte Santos
12128,Jehan Barbur
12129,Jehza
12130,Jeito Moleque
12131,Jelena Gavrilovic
12132,Jelle B.
12133,Jelle van Dael
12134,Jeloz
12135,Jem Cooke
12136,Jemma Johnson
12137,Jeneba Kanneh-Mason
12138,Jenevieve
12139,Jenifer Lewis
12140,Jeniffer Nascimento
12141,Jenn Gambatese
12142,Jenn Johnson
12143,Jenn Morel
12144,Jennel Garcia
12145,Jenni Barber
12146,Jenni Rivera
12147,Jennifer Cardini
12148,Jennifer Ellison
12149,Jennifer Florentino
12150,Jennifer France
12151,Jennifer Laura Thompson
12152,Jennifer Leigh Warren
12153,Jennifer Lopez
12154,Jennifer Nettles
12155,Jennifer Perry
12156,Jennifer Rias
12157,Jennifer Rostock
12158,Jennifer Smith
12159,Jennifer Sturm
12160,Jennifer Thomas
12161,Jennifer Warnes
12162,Jenny Gill
12163,Jenny Talia
12164,Jenny Tseng
12165,Jens Hult
12166,Jens Johansson
12167,Jensen McRae
12168,Jer 柳應廷
12169,Jereena Montemayor
12170,Jeremih
12171,Jeremy Backhouse
12172,Jeremy Camp
12173,Jeremy Gray
12174,Jeremy Harding
12175,Jeremy Jordan
12176,Jeremy Oceans
12177,Jeremy Passion
12178,Jeremy Riddle
12179,Jeremy Weinglass
12180,Jeremy Zucker
12181,Jeremy'Ayro'Ellis
12182,Jeric
12183,Jeris Johnson
12184,Jermaine Fleur
12185,Jerome
12186,Jerome Ducros
12187,Jerome Franke
12188,Jerome Isma-Ae
12189,Jerome Sydenham
12190,Jerome The Prince
12191,Jerrald James
12192,Jerro
12193,Jerry
12194,Jerry Adriani
12195,Jerry Byrd
12196,Jerry Colonna
12197,Jerry Di
12198,Jerry Douglas
12199,Jerry Galante
12200,Jerry Garcia
12201,Jerry Garcia Band
12202,Jerry Hadley
12203,Jerry Lee Lewis
12204,Jerry Livingston
12205,Jerry Marwig
12206,Jerry Orbach
12207,Jerry Rivera
12208,Jerry Ropero
12209,Jerry Smith
12210,Jerry The Cat
12211,Jerry Tondo
12212,Jerry's Kids
12213,Jeru Banto
12214,Jeru The Damaja
12215,Jesper Munk
12216,Jess Ball
12217,Jess Bays
12218,Jess Benko
12219,Jess Gillam
12220,Jess Gillam Ensemble
12221,Jess Glynne
12222,Jess Lee
12223,Jess Penner
12224,Jess Young
12225,Jesse
12226,Jesse & Joy
12227,Jesse Barrera
12228,Jesse Brown
12229,Jesse Cook
12230,Jesse Fink
12231,Jesse Gold
12232,Jesse Joyce
12233,Jesse L. Martin
12234,Jesse Perez
12235,Jesse Popp
12236,Jesse Rice
12237,Jesse Saunders
12238,Jessi
12239,Jessi Campbell
12240,Jessica Andrea
12241,Jessica Augusto
12242,Jessica Gelinas
12243,Jessica Grange
12244,Jessica Hecht
12245,Jessica Keenan Wynn
12246,Jessica Kline
12247,Jessica Rotter
12248,Jessica Vosk
12249,Jessie Harris
12250,Jessie J
12251,Jessie Mueller
12252,Jessie Reyez
12253,Jessie Villa
12254,Jessie Ware
12255,Jesswah
12256,Jessy Allen
12257,Jessy Bulbo
12258,Jessye Norman
12259,Jessé Aguiar
12260,Jesus Culture
12261,Jesus Jackson
12262,Jesus Piece
12263,Jesús López-Cobos
12264,Jesús Navarro
12265,Jet
12266,Jet Black Stare
12267,Jet Boot Jack
12268,Jeter Jones
12269,Jethro Heston
12270,Jethro Tull
12271,Jetlag Music
12272,Jewel Usain
12273,Jex
12274,Jey D
12275,Jeyachandran
12276,Jeyzer Maia
12277,Jeziel Quintela
12278,Jhay Cortez
12279,Jhayco
12280,Jhbboss
12281,Jhené Aiko
12282,Jhn McFly
12283,Jhonas Serra
12284,Jhony Mc
12285,JiKay
12286,Jia Jia
12287,Jia Liang Luo
12288,Jickson
12289,Jiddy
12290,Jidenna
12291,Jidnesh Vaze
12292,Jify
12293,Jigar
12294,Jigar Saraiya
12295,Jigardhan Gadhvi
12296,Jilax
12297,Jill Johnson
12298,Jill Scott
12299,Jill Vidal
12300,Jillian Edwards
12301,Jillian Rossi
12302,Jillian Sandler
12303,"Jim ""Kimo"" West"
12304,Jim & Jesse
12305,Jim Bakkum
12306,Jim Brickman
12307,Jim Croce
12308,Jim Cummings
12309,Jim Florentine
12310,Jim Hall
12311,Jim James
12312,Jim Morrison
12313,Jim Norton
12314,Jim Vancleve
12315,Jim Well Tempered
12316,Jim White
12317,Jim Yosef
12318,Jim and Jesse and the Virginia Boys
12319,Jimi Hendrix
12320,Jimi Pääkallo
12321,"Jimmy ""Bo"" Horne"
12322,Jimmy Brown
12323,Jimmy Buffett
12324,Jimmy Carter and Dallas County Green
12325,Jimmy Clanton
12326,Jimmy Clash
12327,Jimmy Cliff
12328,Jimmy Eat World
12329,Jimmy Fallon
12330,Jimmy Haslip
12331,Jimmy Jams
12332,Jimmy Levy
12333,Jimmy Lite Hands
12334,Jimmy Martin
12335,Jimmy Ponder
12336,Jimmy Pratt
12337,Jimmy Rivas
12338,Jimmy Rogers
12339,Jimmy Saa
12340,Jimmy Sabater
12341,Jimmy Sax
12342,Jimmy Smits
12343,Jimmy Somerville
12344,Jimmy Tailor
12345,Jimorrow
12346,Jinaction
12347,Jinadu
12348,Jinny Ng
12349,Jinsang
12350,Jirou Soller
12351,Jisatsu
12352,Jitendra Abhisheki
12353,Jitendra Thankur
12354,Jithin Raj
12355,Jitterin' Jinn
12356,Jitz jz
12357,Jiya Wadkar
12358,Jiří Horák
12359,Jkevlar
12360,Jkyl & Hyde
12361,Jlyricz
12362,Jo Ann Castle
12363,Jo Cohen
12364,JoAnn M. Hunter
12365,JoJo
12366,Joachim Garraud
12367,Joachim Olszewski
12368,Joachim Pastor
12369,Joakim Berg
12370,Joakim Brodén
12371,Joakim Lundell
12372,Joakim Molitor
12373,Joakim Peterson
12374,Joan Chamorro
12375,Joan Jett & the Blackhearts
12376,Joan La Barbara
12377,Joan Magana
12378,Joan Manuel Serrat
12379,Joan Osborne
12380,Joan Sebastian
12381,Joan Sutherland
12382,Joanna Dong
12383,Joanna Wang
12384,Joanné Nugas
12385,Joao Do Vale
12386,Joaquim Azevedo
12387,Joaquim e Manuel
12388,Joaquín Rodrigo
12389,Joaquín Sabina
12390,Job Kurian
12391,Jobe
12392,Jobelle Ubalde
12393,Jobii
12394,Jobim Ffrench
12395,Jocelyn Brown
12396,Jochen Rieder
12397,Jocke Boberg
12398,Joddla Med Siv
12399,Jodi Benson
12400,Jodi Melani
12401,Jodie Alicia
12402,Jodie Carnall
12403,Jodie Knight
12404,Jody & Jerry
12405,Jody Chiang
12406,Jody Reynolds
12407,Jody Wisternoff
12408,Joe
12409,Joe Arroyo
12410,Joe Brooks
12411,Joe Buck Yourself
12412,Joe Carroll
12413,Joe Clay
12414,Joe Cocker
12415,Joe Dassin
12416,Joe DeRosa
12417,Joe Diffie
12418,Joe Dukie
12419,Joe Elliott
12420,Joe Flizzow
12421,Joe Gibbs
12422,Joe Gibbs & The Professionals
12423,Joe Hart
12424,Joe Henry
12425,Joe Hisaishi
12426,Joe Iconis
12427,Joe Iconis & Family
12428,Joe Inoue
12429,Joe Jackson
12430,Joe Janiak
12431,Joe Jury
12432,Joe Killington
12433,Joe L Barnes
12434,Joe Magnarelli
12435,Joe Nichols
12436,Joe Pass
12437,Joe Quijano
12438,Joe Sample
12439,Joe Satriani
12440,Joe Seven
12441,Joe Smooth
12442,Joe Stone
12443,Joe Strummer
12444,Joe Strummer & The Mescaleros
12445,Joe Taylor
12446,Joe Vasconcellos
12447,Joe Viba
12448,Joe Walsh
12449,Joe Wong
12450,Joe Wong and Tom Brown
12451,Joe Zimmerman
12452,Joeboy
12453,Joel Adams
12454,Joel Carlo
12455,Joel Corry
12456,Joel E. Chaiken
12457,Joel Elizalde
12458,Joel Fan
12459,Joel Fletcher
12460,Joel Grey
12461,Joel Grind
12462,Joel Stewart
12463,Joell
12464,Joell Ortiz
12465,Joep Beving
12466,Joep Terwey
12467,Joeri Plaizier
12468,Joeski
12469,"Joey ""CoCo"" Diaz"
12470,Joey B
12471,Joey Bada$$
12472,Joey Cape
12473,Joey Cool
12474,Joey LaBeija
12475,Joey Melrose
12476,Joey Montana
12477,Joey Negro
12478,Joey Niceforo
12479,Joey Riot
12480,Joey Smith
12481,Joey Yung
12482,Jogesh Jojo
12483,Johan Söderqvist
12484,Johann Pachelbel
12485,Johann Sebastian Bach
12486,Johann Strauss Orchestra
12487,Johannes Bornlöf
12488,Johannes Brahms
12489,Johannes Brecht
12490,Johannes Rypma
12491,Johanson
12492,John A. Nilson
12493,John Adams
12494,John Alldis Choir
12495,John Altman
12496,John Amplificado
12497,John Archambault and David Plummer
12498,John B
12499,John Barry
12500,John Benitez
12501,John Berry
12502,John Bishop
12503,John Butcher
12504,John C
12505,John Caparulo
12506,John Coltrane
12507,John Concepcion
12508,John Dahlbäck
12509,John Davis & The Monster Orchestra
12510,John De Sohn
12511,John Denver
12512,John Dias
12513,John Dice
12514,John Digweed & Nick Muir
12515,John Doan
12516,John Eliot Gardiner
12517,John Elliott
12518,John Eric
12519,John FM
12520,John Ficarrotta
12521,John Frusciante
12522,John Gallagher Jr.
12523,John Georgiadis
12524,John Gibbs
12525,John Harris
12526,John Hartford
12527,John Hickok
12528,John Hill
12529,John Johnis
12530,John Keawe
12531,John Keys
12532,John Kho
12533,John Lee Hooker
12534,John Legend
12535,John Leguizamo
12536,John Lennon
12537,John Lindberg Trio
12538,John Lunn
12539,John Martin
12540,John Martyn
12541,John Mayall & The Bluesbreakers
12542,John Mayer
12543,John McLaughlin
12544,John Metcalfe
12545,John Michael Howell
12546,John Michael Montgomery
12547,John Nascimento
12548,John Newman
12549,John Paul Young
12550,John Pinette
12551,John Pizzarelli
12552,John Porter
12553,John Powell
12554,John Quijada
12555,John Relyea
12556,John Reyton
12557,John Riddle
12558,John Roa
12559,John Rutter
12560,John Scofield
12561,John Smith
12562,John Starling
12563,John Summit
12564,John Talabot
12565,John Tavener
12566,John Tejada
12567,John Tesh
12568,John Vincent III
12569,John Waite
12570,John Wayne
12571,John Weber
12572,John Wicks
12573,John Wildcat
12574,John Wilds
12575,John Williams
12576,John Williamson
12577,Johnald
12578,Johnnie Kage
12579,Johnnie R. Wright
12580,Johnnie Ray
12581,Johnnie Taylor
12582,Johnning
12583,Johnny & The Hurricanes
12584,Johnny Bond
12585,Johnny Burnette
12586,Johnny Burnette & The Rock 'N' Roll Trio
12587,Johnny Cash
12588,Johnny Choapino
12589,Johnny Ciardullo
12590,Johnny Dampf
12591,Johnny Dinamo
12592,Johnny Drille
12593,Johnny Dynamo
12594,Johnny Hartman
12595,Johnny Hates Jazz
12596,Johnny Hooker
12597,Johnny Hunter
12598,Johnny Ip
12599,Johnny Jewel
12600,Johnny Kidd & The Pirates
12601,Johnny Laboriel
12602,Johnny Laboriel / Los Rebeldes Del Rock
12603,Johnny Maddox
12604,Johnny Maestro
12605,Johnny Marr
12606,Johnny McDaid
12607,Johnny Osbourne
12608,Johnny Oz
12609,Johnny P
12610,Johnny Pacheco
12611,Johnny Paycheck
12612,Johnny Preston
12613,Johnny Ray Salsa Con Clase
12614,Johnny Rivera
12615,Johnny Rivers
12616,Johnny Stimson
12617,Johnny Tillotson
12618,Johnny Yin
12619,Johnnyswim
12620,Joi
12621,Joi Barua
12622,Joi Cardwell
12623,Joi Casette
12624,Joji
12625,Jojo Maronttinni
12626,Jok'air
12627,Joker
12628,Joker Xue
12629,Jokhay
12630,Jolee Nikoal
12631,Jolie Adamson
12632,Jolin Tsai
12633,Jolly Jordan
12634,Jolyon Petch
12635,Jomanda
12636,Jome
12637,Jomie
12638,Jon & Vangelis
12639,Jon Becker
12640,Jon Bellion
12641,Jon Boden
12642,Jon Bon Jovi
12643,Jon Brion
12644,Jon Bryant
12645,Jon Caryl
12646,Jon Christensen
12647,Jon Cutler
12648,Jon Dasilva
12649,Jon Droulis
12650,Jon Gagan
12651,Jon Hopkins
12652,Jon Huber
12653,Jon Jon Briones
12654,Jon Kennedy
12655,Jon Lajoie
12656,Jon Langston
12657,Jon Liddell
12658,Jon McLaughlin
12659,Jon Otis
12660,Jon Pardi
12661,Jon Reep
12662,Jon Sarta
12663,Jon Schmidt
12664,Jon Spurney
12665,Jon Thor Birgisson
12666,Jon-Jon Geitel
12667,Jonah Baker
12668,Jonah Kagen
12669,Jonah Takalua
12670,Jonakapazio
12671,Jonas Blue
12672,Jonas Brothers
12673,Jonas Kaufmann
12674,Jonas Lundqvist
12675,Jonasu
12676,Jonatas Campeão
12677,"Jonathan ""JR"" Rotem"
12678,Jonathan Antoine
12679,Jonathan Bulter
12680,Jonathan David Helser
12681,Jonathan Davis
12682,Jonathan Groff
12683,Jonathan Hadary
12684,Jonathan Handman
12685,Jonathan Johansson
12686,Jonathan Lee
12687,Jonathan Mendelsohn
12688,Jonathan Murill
12689,Jonathan Raviv
12690,Jonathan Stockhammer
12691,Jonathan Young
12692,Jones & Stephenson
12693,Joni Fatora
12694,Joni Laakkonen
12695,Joniel
12696,Jonita Gandhi
12697,Jonnie Snoilsky
12698,Jonny Blaze
12699,Jonny Greenwood
12700,Jonny L
12701,Jono Grant
12702,Jono McCleery
12703,Jonth
12704,Jony J
12705,Jony Roy
12706,Joo Kraus
12707,Joon Kim
12708,Joonas Saartamo
12709,Joonathan Kettunen
12710,Joost
12711,Jopin
12712,Jor'dan Armstrong
12713,Jordan Chan
12714,Jordan Davis
12715,Jordan Fisher
12716,Jordan Grace
12717,Jordan Hill
12718,Jordan Knows
12719,Jordan Muzik
12720,Jordan Powers
12721,Jordan Rakei
12722,Jordan Rudess
12723,Jordan Rys
12724,Jordan Sandhu
12725,Jordan Shaw
12726,Jordan Solomon
12727,Jordan Tariff
12728,Jordan Tobias
12729,Jordi Savall
12730,Jordin Sparks
12731,Jordin Tan
12732,JordinLaine
12733,Jorge
12734,Jorge & Mateus
12735,Jorge Acosta
12736,Jorge Aragão
12737,Jorge Ben Jor
12738,Jorge Bolet
12739,Jorge Calandrelli
12740,Jorge Castro
12741,Jorge Cristian
12742,Jorge De Altinho
12743,Jorge Drexler
12744,Jorge Du Peixe
12745,Jorge Durán
12746,Jorge Falcón
12747,Jorge Leo & Atrato River
12748,Jorge Linares
12749,Jorge Maciel
12750,Jorge Martí (La Habitación Roja)
12751,Jorge Muñiz
12752,Jorge Omar
12753,Jorge Serrano
12754,Jorge Sobral
12755,Jorge Sotomayer
12756,Jorge Valdez
12757,Jorge Vercillo
12758,Jorge Vidal
12759,Jorginho China
12760,Jorginho do Império
12761,Jorin Williams
12762,Joris Delacroix
12763,Joris Voorn
12764,Jorja Smith
12765,Jorn Van Deynhoven
12766,Jorrgus
12767,Jorrgus & Crump
12768,Jorza
12769,Jos & Eli
12770,Josa Peit
12771,"Jose ""Papo"" Rivera"
12772,Jose A. Jimenez
12773,Jose Basso
12774,Jose Cantoral
12775,Jose De Las Heras
12776,Jose James
12777,Jose Rodríguez (Spain)
12778,Jose Villanueva
12779,Josef Slunge
12780,Josefina Scaglione
12781,Joselacruz
12782,Josement
12783,Josep Pons
12784,Joseph
12785,Joseph & Maia
12786,Joseph Aquilina
12787,Joseph Banowetz
12788,Joseph Calleja
12789,Joseph Capriati
12790,Joseph Cotton
12791,Joseph Feinstein
12792,Joseph Haydn
12793,Joseph Henry
12794,Joseph Huber
12795,Joseph Ray
12796,Joseph Sullinger
12797,Joseph Tilley
12798,Joseph Trapanese
12799,Joseph Williams
12800,Josephine Forrester
12801,Josey Scott
12802,Josh & Wesz
12803,Josh A
12804,Josh Baldwin
12805,Josh Butler
12806,Josh Cumbee
12807,Josh Dally
12808,Josh Franklin
12809,Josh Gad
12810,Josh Golden
12811,Josh Groban
12812,Josh Johnson
12813,Josh Klinghoffer
12814,Josh Kramer
12815,Josh Lamon
12816,Josh Levi
12817,Josh Ottum
12818,Josh Sneed
12819,Josh Turner
12820,Josh Wagner
12821,Josh Williams
12822,Josh Wink
12823,Joshi Mizu
12824,Joshi Pareya
12825,Joshua Aaron
12826,Joshua Ali
12827,Joshua Bell
12828,Joshua Bloom
12829,Joshua Henry
12830,Joshua Hyslop
12831,Joshua Radin
12832,Joshwa
12833,Josie
12834,Josie Dunne
12835,Josie Kreuzer
12836,Josie de Guzman
12837,Josimar y Su Yambú
12838,Josman
12839,Joss Favela
12840,Joss Stone
12841,Josue
12842,Josué Bom de Faixa
12843,"José Alberto ""El Canario"""
12844,José Alma
12845,José Bonaparte
12846,José Camillo
12847,José Carreras
12848,José Cura
12849,José El Francés
12850,José Gil
12851,José González
12852,José Guardiola
12853,José José
12854,José Lucas
12855,José Luis Duval
12856,José Luis Perales
12857,José Luis Rodríguez
12858,José Madero
12859,José Manuel Aguilera
12860,José Manuel Figueroa II
12861,José Rodríguez
12862,José-Luis Garcia
12863,José-Luis Orozco
12864,Jota
12865,Jota 3
12866,Jota Quest
12867,Journey
12868,Jovelina Perola Negra
12869,Jovonn
12870,Jowell & Randy
12871,Joy
12872,Joy Again
12873,Joy Crookes
12874,Joy Division
12875,Joy John
12876,Joy Oladokun
12877,Joy Williams
12878,Joyce Cheng
12879,Joyce Muniz
12880,Joyce Santana
12881,Joyeux urbains
12882,Joyhauser
12883,Joyner Lucas
12884,Jozef Spacek
12885,Jozsef Mukk
12886,Jozyanne
12887,João Alexandre
12888,João Bosco
12889,João Bosco & Vinicius
12890,João Bosco e Gabriel
12891,João Carreiro
12892,João Carreiro & Capataz
12893,João Donato
12894,João Gilberto
12895,João Gomes
12896,João Gordo
12897,João Gustavo e Murilo
12898,João Klein
12899,João Leão
12900,João Mar
12901,João Neto & Frederico
12902,João Nogueira
12903,João Paulo & Daniel
12904,João Pedro Gonçalves
12905,João Pedro e Cristiano
12906,João Penca E Seus Miquinhos Amestrados
12907,João Santana
12908,João Selva
12909,João de Souza & Bonifacio
12910,Jstn Dmnd
12911,Ju Cassou
12912,Juan Aguirre
12913,Juan Alberto (Niños Mutantes)
12914,Juan Antonio Alvares Parejo
12915,Juan Atkins
12916,Juan Carlos Caceres
12917,Juan Carlos Godoy
12918,Juan Carlos Miranda
12919,Juan Carlos Rolón
12920,Juan D'Arienzo
12921,Juan D'Arienzo and his Orchestra
12922,Juan D'Arienzo y su Orquesta Típica
12923,Juan De Dios Filiberto
12924,Juan Esteban Cuacci
12925,Juan Falú
12926,Juan Formell
12927,Juan Formell y Los Van Van
12928,Juan Gabriel
12929,Juan Hansen
12930,Juan Holladay
12931,Juan Ingaramo
12932,Juan Luis Guerra
12933,Juan Luis Guerra 4.40
12934,Juan Magán
12935,Juan Marcus & Vinícius
12936,Juan Perro
12937,Juan Salinas
12938,Juan Veronico
12939,Juanafé
12940,JuanchitoSaico
12941,Juancho Style
12942,Juanello
12943,Juanes
12944,Juanka
12945,Juanse
12946,Juantástico
12947,Jubei
12948,Jubilees
12949,Jubiläumscast Wien 2012
12950,Jubin Nautiyal
12951,Jubël
12952,Jucee Froot
12953,Judah
12954,Judah & the Lion
12955,Judas Priest
12956,Judda
12957,Jude & Frank
12958,Judeska
12959,Judge Bitch
12960,Judi Cranston
12961,Judi Khan
12962,Judie Tzuke
12963,Judith van Wanroij
12964,Judithe Abelsen
12965,Judy Garland
12966,Judy Kaye
12967,Judy Kuhn
12968,Juelz Santana
12969,Juga-Naut
12970,Juggernaut
12971,Jugglerz
12972,Juggy D
12973,Juhani Ahonen
12974,Juhn
12975,Juice Brenner
12976,Juice Newton
12977,Juice WRLD
12978,Juicy J
12979,Juicy Karkass
12980,Juicy M
12981,Jukebox The Ghost
12982,Jukka Nevalainen
12983,Jukka Poika
12984,Jul
12985,Jules Barringer
12986,Jules Buckley
12987,Jules Larson
12988,Jules Massenet
12989,Juli
12990,Julia Alexa
12991,Julia Church
12992,Julia Ferrón
12993,Julia Lindholm
12994,Julia Mestre
12995,Julia Michaels
12996,Julia Minkin
12997,Julia Ohrmann
12998,Julia Peng
12999,Julia Raye
13000,Julia Scheeser
13001,Julia Siechowicz
13002,Julia Sutton
13003,Julia Totoszko
13004,Julia Varady
13005,Julia Vitória
13006,Julia Zenko
13007,Julian 'Jumpin' Perez
13008,Julian Assange
13009,Julian Bream
13010,Julian C. Thiesgaard Kellerman
13011,Julian Calor
13012,Julian Casablancas
13013,Julian Cope
13014,Julian Emery
13015,Julian Jeweil
13016,Julian Jordan
13017,Julian Lage
13018,Julian Perretta
13019,Julian Peña
13020,Julian Riem
13021,Julian Sommer
13022,Julian Winding
13023,Juliana Diniz
13024,Juliander
13025,Julianne Hope
13026,Julianno Sosa
13027,Juliano Cezar
13028,Juliano Son
13029,Julie Andrews
13030,Julie Bergan
13031,Julie Davis
13032,Julie London
13033,Julie Mc Knight
13034,Julie Pietri
13035,Julie Thompson
13036,Julien Baker
13037,Julien Bam
13038,Julien Clerc
13039,Julien Granel
13040,Julien Marchal
13041,Juliet Fox
13042,Julieta Laso
13043,Julieta Venegas
13044,Juliette & The Licks
13045,Juliette Armanet
13046,Juliette Feliciano
13047,Juliette Reilly
13048,Julio Cesar
13049,Julio De Caro
13050,Julio Humala L
13051,Julio Iglesias
13052,Julio Martel
13053,Julio Preciado
13054,Julio Preciado Y Su Banda Perla Del Pacifico
13055,Julio Secchin
13056,Julio Sosa
13057,Julio de la Rosa
13058,Julius Anthony Rubio
13059,Julius Dreisig
13060,Julius Packiam
13061,Julius Sylvest
13062,Julliany Souza
13063,Juls
13064,Julyan Brynn
13065,Jumo
13066,Jumpa
13067,Jumpin'up
13068,Jun Togawa
13069,June Anderson
13070,June Carter Cash
13071,Junerule
13072,Jung Kook
13073,Junge Junge
13074,Jungle Brothers
13075,Jungle Fire
13076,Jungle Wonz
13077,Jungleboi
13078,Junichi Hirokami
13079,Junie
13080,Juninho
13081,Juninho Black
13082,Juninho Thybau
13083,Junior
13084,Junior Baptist
13085,Junior Brielle
13086,Junior Dangerous
13087,Junior Doctor
13088,Junior Gonzalez
13089,Junior Jingles
13090,Junior M.A.F.I.A.
13091,Junior Paixão
13092,Junk Project
13093,Junkie XL
13094,Junko Tsuji
13095,Junko Yagami
13096,Junko Yamamoto
13097,Juno Mak
13098,Juno Reed
13099,Junoflo
13100,Jup do Bairro
13101,Jupiter
13102,Jupiter Breeze
13103,Jurassic 5
13104,Jurassic Shark
13105,Jussi Björling
13106,Just A Gent
13107,Just D
13108,Just Friends
13109,Just Her
13110,Just Kiddin
13111,Just Kids
13112,Justice
13113,Justin Bibis
13114,Justin Bieber
13115,Justin Caruso
13116,Justin Cholewski
13117,Justin Jesso
13118,Justin Jet Zorbas
13119,Justin Lo
13120,Justin Martin
13121,Justin Moore
13122,Justin Moses
13123,Justin Mylo
13124,Justin Park
13125,Justin Paul
13126,Justin Prabhakaran
13127,Justin Prime
13128,Justin Quiles
13129,Justin Robertson
13130,Justin Stone
13131,Justin Timberlake
13132,Justin Time
13133,Justine Clarke
13134,Justine Skye
13135,Justine Suissa
13136,Justnormal
13137,Justo Betancourt
13138,Juveniles
13139,Juventude S/A
13140,Juyè
13141,Jxve
13142,Jyll
13143,Jyothsna
13144,Jyotica Tangri
13145,Jyrki 69
13146,JØRD
13147,Jáder
13148,Jão
13149,Jägermeister DJ Alex
13150,Jägermeister DJ Alex & Matty Valentino
13151,Jérémy Frerot
13152,Jéssica Augusto
13153,Jóhann Jóhannsson
13154,Jóvenes Pordioseros
13155,Jörg & Dragan (Die Autohändler)
13156,Jörg Bausch
13157,Jörg Lück
13158,Jøsefine
13159,Júnior Angelim
13160,Júnior e Cézar
13161,Jürgen Drews
13162,Jürgen Milski
13163,Jürgen Paape
13164,K Lion
13165,K Motionz
13166,K'Alexi Shelby
13167,K'NAAN
13168,K-391
13169,K-Fly
13170,K-Hand
13171,K-Joy
13172,K-NINE
13173,K-Si Yang
13174,K. B. Sundarambal
13175,K. G. Markose
13176,K. J. Yesudas
13177,K. S. Chithra
13178,K. S. Harisankar
13179,K. Sivaangi
13180,K.Flay
13181,K.I.Z
13182,K.S.Agnihotri
13183,K.Will
13184,K/DA
13185,K1
13186,K4mo
13187,KA$HDAMI
13188,KA$PER HITS
13189,KAAZE
13190,KAHOH
13191,KAI
13192,KAKA
13193,KALEO
13194,KALMA
13195,KAMRAD
13196,KANA-BOON
13197,KANKAKU PIERO
13198,KARLK
13199,KARNASER
13200,KAROL G
13201,KAS:ST
13202,KASHIWA Daisuke
13203,KASIMIR1441
13204,KASYAP
13205,KATERINA
13206,KATFYR
13207,KAVO
13208,KAVYA
13209,KAYC
13210,KAYDEN
13211,KAYEF
13212,KAYTRANADA
13213,KAYYWE
13214,KAŁAMAGA
13215,KB
13216,KC
13217,KC & The Sunshine Band
13218,KC Lights
13219,KD
13220,KD Da Kid
13221,KDDK
13222,KDL
13223,KDrew
13224,KE
13225,KEAN DYSSO
13226,KELTEK
13227,KEVVO
13228,KEVZOR
13229,KEY!
13230,KEYTALK
13231,KHEA
13232,KIB7
13233,KIDDO
13234,KIKESA
13235,KILJ
13236,KIMM
13237,KIMSEJEONG
13238,KING SAPO
13239,KIRE
13240,KIRINJI
13241,KIRTI SAGATHIA
13242,KISS
13243,KJ Hippensteel
13244,KK
13245,KLAXX
13246,KLOUD
13247,KLUB
13248,KM
13249,KMFDM
13250,KMG Kidz Seenu
13251,KMays
13252,KNOWN.
13253,KO&KO
13254,KOBUKURO
13255,KOHTA YAMAMOTO
13256,KOKOKO!
13257,KOKÔ CECÊ
13258,KOLIDESCOPES
13259,KONGOS
13260,KOUT
13261,KPD
13262,KR$NA
13263,KREAM
13264,KRS-One
13265,KSHMR
13266,KSI
13267,KSU
13268,KSW
13269,KT Tunstall
13270,KUOKO
13271,KVPV
13272,KVSH
13273,KXNG Crooked
13274,KYANU
13275,KYLE
13276,KYRK
13277,Kaah
13278,Kaan Boşnak
13279,Kaan Tangöze
13280,Kaash
13281,Kaavish
13282,Kabah
13283,Kabaka Pyramid
13284,Kabayun
13285,Kabir Cafe
13286,Kabza De Small
13287,Kacey Musgraves
13288,Kadaverficker
13289,Kadebostany
13290,Kadhja Bonet
13291,Kado
13292,Kadri Gopalnath
13293,Kae Tempest
13294,Kagamine Rin
13295,Kage
13296,Kahlon
13297,Kaho Hung
13298,Kahtmayan
13299,Kai Alce
13300,Kai Takahashi
13301,Kai Tracid
13302,Kai Wachi
13303,Kai Whiston
13304,Kaiak
13305,Kaiden Koustoukos
13306,Kaidro
13307,Kaiel Chen
13308,Kaif Imam
13309,Kail BRL
13310,Kailas
13311,Kailash Kher
13312,Kailee Morgue
13313,Kainbeats
13314,Kairos Grove
13315,Kaiser Chiefs
13316,Kaiserdisco
13317,Kaitlyn Aurelia Smith
13318,Kaivon
13319,Kajagoogoo
13320,Kaka
13321,Kaktus Einarsson
13322,Kala
13323,Kala Ramnath
13324,Kalado
13325,Kalai Mk
13326,Kalash
13327,Kalash Criminel
13328,Kalax
13329,Kalben
13330,Kaleem Taylor
13331,Kalen Elmsley
13332,Kaleta
13333,Kali Uchis
13334,Kalif Hardcor
13335,Kaliffa
13336,Kalla Sha
13337,Kalle Krass
13338,Kalle Moraeus
13339,Kalmah
13340,Kalmi
13341,Kalpana Patowary
13342,Kalte Liebe
13343,Kalvijn
13344,Kalyani Menon
13345,Kalyani Nair
13346,Kalyani Pradeep
13347,Kalyanji-Anandji
13348,Kam Lee
13349,Kam Michael
13350,Kamaal Khan
13351,Kamakshi Khanna
13352,Kamal
13353,Kamal Haasan
13354,Kamal Kahlon
13355,Kamal Kartik
13356,Kamal Khan
13357,Kamalaja Rajagopal
13358,Kamau
13359,Kameleba
13360,Kamelot
13361,Kameron
13362,Kamikazee
13363,Kamil Mahmood Kiani
13364,Kamilya Jubran
13365,Kamisa 10
13366,Kammerorchester Basel
13367,Kampfar
13368,Kamran Ahmed
13369,Kamufle
13370,Kamuran Akkor
13371,Kamyar Behbahani
13372,Kana Omori
13373,Kanako Yanagida
13374,Kanchan
13375,Kane Brown
13376,Kangding Ray
13377,Kanika Kapoor
13378,Kanine
13379,Kanishk Seth
13380,Kano
13381,Kanonenfieber
13382,Kansas
13383,Kantboll
13384,Kanye West
13385,Kaoru Wada
13386,Kapanga
13387,Kapelle Petra
13388,Kapes
13389,Kapil Kapilan
13390,Kapono Beamer
13391,Kaprila
13392,Kaptaan
13393,Kaptan
13394,Kapten Röd
13395,Kara Veia
13396,Karakoram
13397,Karamel19
13398,Karamelo Santo
13399,Karametade
13400,Karan Aujla
13401,Karan Kanchan
13402,Karan Malhotra
13403,Karan Randhawa
13404,Karan Singh
13405,Karaçalı
13406,Kardaslar
13407,Kareen Lomax
13408,Kareena Kapoor
13409,Kareful
13410,Karel Gott
13411,Karen Cargill
13412,Karen Dalton
13413,Karen Harding
13414,Karen Keldani
13415,Karen Marie Garrett
13416,Karen Mok
13417,Karen Nyame KG
13418,Karen Overton
13419,Karen Wolfe
13420,Karencici
13421,Karey Kirkpatrick
13422,Kargo
13423,Kari Jobe
13424,Karibe Orquesta
13425,Karim Kamar
13426,Karin Lechner
13427,Karina Buhr
13428,Karina Ramage
13429,Karis
13430,Karita Mattila
13431,Karium K.E. Edwards
13432,Karl Böhm
13433,Karl Münchinger
13434,Karl Richter
13435,Karl Schulz
13436,Karl-Heinz Steffens
13437,Karl8
13438,Karlheinz Zoeller
13439,Karma Fields
13440,Karolina Trebacz
13441,Karra
13442,Karsan Sagathia
13443,Karsh Kale
13444,Karsten Pflum
13445,Kartellen
13446,Karthi
13447,Karthik
13448,Karthik Manickavasakam
13449,Karthik Rao
13450,Karu
13451,Karun
13452,Karunesh
13453,Karunya
13454,Kary Ng
13455,Kasabian
13456,Kasablanca
13457,Kasalla
13458,Kasango
13459,Kasarla Shyam
13460,Kasbo
13461,Kash
13462,Kashovski
13463,Kaskade
13464,Kaskeiyp
13465,Kaspar Mann
13466,Kaspara
13467,Kasparov
13468,Kasper Koman
13469,Kassem Mosse
13470,Kat Nestel
13471,Kataklysm
13472,Katarzyna Łaska
13473,Katatonia
13474,Kate Baldwin
13475,Kate Bush
13476,Kate Elsworth
13477,Kate Hearne
13478,Kate Hudson
13479,Kate Miller-Heidke
13480,Kate Rockwell
13481,Kate Shindle
13482,Kate Stewart
13483,Kate Wetherhead
13484,Katee Kross
13485,Katelyn Brown
13486,Katharine McPhee
13487,Katharine Whalen
13488,Katherine Jenkins
13489,Katherine Jenkinson
13490,Kathika
13491,Kathleen Battle
13492,Kathleen Kuhlmann
13493,Kathleen Madigan
13494,Kathrin deBoer
13495,Kathryn Beaumont
13496,Kathryn Bouleyn
13497,Kathryn Gallagher
13498,Kathryn Hahn
13499,Kathryn Scott
13500,Kathryn Stott
13501,Kathryn Toyama
13502,Kathy Brown
13503,Kathy Cristina
13504,Kathy Fitzgerald
13505,Kati Winter
13506,Katia Labèque
13507,Katia Ricciarelli
13508,Katie Hannigan
13509,Katie Ladner
13510,Katie Lopez
13511,Katie Noel
13512,Katie Pearlman
13513,Katie Rowley Jones
13514,Katie Sky
13515,Katie Thompson
13516,Katinguelê
13517,Katmanlo
13518,Kato
13519,Katrina Blackstone
13520,Katrina Yaukey
13521,Katsbarnea
13522,Katsu Hoshi
13523,Katt Williams
13524,Katteni Shiyagare
13525,Katy Menditta
13526,Katy Perry
13527,Kaua Correia
13528,Kaumakaiwa
13529,Kaunis Kuolematon
13530,Kaur B
13531,Kausar Munir
13532,Kaushik Iyer
13533,Kaushik Krish
13534,Kaushiki Chakraborty
13535,Kauã Araújo
13536,Kav Verhouzer
13537,Kavinsky
13538,Kavita Krishnamurthy
13539,Kavita Seth
13540,Kavitha Gopi
13541,Kavo
13542,Kavya Ajit
13543,Kavya Trehan
13544,Kawaiiconic
13545,Kawe
13546,Kaxi
13547,Kay E Kuter
13548,Kay Flock
13549,Kay Kay
13550,Kay Tse
13551,Kay Walbye
13552,KayBlack
13553,Kayahan
13554,Kayan
13555,Kayanco
13556,Kayden Dennis
13557,Kaydy Cain
13558,Kaye Fox
13559,Kayee Tam
13560,Kayli Marie
13561,Kayliana
13562,Kayoh
13563,Kayoko Ishu
13564,Kayou.
13565,Kayra
13566,Kayzo
13567,KazOnDaBeat
13568,Kaza
13569,Kazancı Bedih
13570,Kazik
13571,Kazu
13572,Kazunobu Mineta
13573,Kazutaka Ishii
13574,Kazuya Yoshii
13575,Kazuyoshi Saito
13576,Kaçak
13577,Kballero Rap
13578,Keala Settle
13579,Keane
13580,Keanna Mag
13581,Keanu Silva
13582,Keaton Henson
13583,Keb' Mo'
13584,Keba Jeremiah
13585,Kedam
13586,Kedar Pandit
13587,Kedrock
13588,Keed Baby
13589,Keedie
13590,Keegan DeWitt
13591,Keelan
13592,Keely Smith
13593,Keen' V
13594,Keenan Te
13595,Keeno
13596,Keepitinside
13597,Keerthana sk
13598,Keerthi Sagathia
13599,Kees Olthuis
13600,Keethan
13601,Keeva Mak
13602,Kegawa No Maries
13603,Kehard
13604,Kehlani
13605,Keiko Ishida
13606,Keinemusik
13607,Keisha White
13608,Keishon Trigga
13609,Keith Alberstadt
13610,Keith Caputo
13611,Keith Harkin
13612,Keith Mackenzie
13613,Keith Murray
13614,Keith Nunnally
13615,Keith Sweat
13616,Keith Thompson
13617,Keith Urban
13618,Keişan
13619,Kelariz Keshavarz
13620,Kelis
13621,Kell Smith
13622,Kellen Byanca
13623,Keller & The Keels
13624,Keller Williams
13625,Keller Williams with The Travelin' McCourys
13626,Kellermensch
13627,Kelli Hand
13628,Kelli O'Hara
13629,Kelli-Leigh
13630,Kelly Chen
13631,Kelly Clarkson
13632,Kelly Finnigan
13633,Kelly Kiara
13634,Kelly Lee Owens
13635,Kelly Lynne D'angelo
13636,Kelly Rowland
13637,Kelly Yu
13638,Kelman Duran
13639,Kelpe
13640,Kelsea Ballerini
13641,Kelsey Grammer
13642,Kelvin Delgado
13643,Kelvin Krash
13644,Kelvin Kwan
13645,Kelvin T
13646,Kelvyn Colt
13647,Kem
13648,Kemba
13649,Kemelion
13650,Kemilly Santos
13651,Kempo
13652,Kemuel
13653,Ken Arai
13654,Ken Davis
13655,Ken Jennings
13656,Ken Navarro
13657,Ken Ring
13658,Ken Smith
13659,Ken Stewart
13660,Ken Vybz
13661,Ken Yokoyama
13662,Ken-Y
13663,Kena Tangi Dorsey
13664,Kenai
13665,Kenan Doğulu
13666,Kendji Girac
13667,Kendo Kaponi
13668,Kendrick Lamar
13669,Kenia OS
13670,Kenichi Ebe
13671,Kenita Miller
13672,Kenji Wu
13673,Kenma
13674,Kenn Kington
13675,Kenne' Wayne
13676,Kenneth & The Knutters
13677,Kenneth M. Christensen
13678,Kenneth Sillito
13679,Kenno
13680,Kennto
13681,Kenny
13682,Kenny & Amanda Smith Band
13683,Kenny Baker
13684,Kenny Beats
13685,Kenny Bee
13686,Kenny Burrell
13687,Kenny Chesney
13688,Kenny Dope
13689,Kenny G
13690,Kenny Larkin
13691,Kenny Loggins
13692,Kenny Rogers
13693,Kenny Smoove
13694,Kenny Summit
13695,Kenny Wayne Shepherd
13696,Kennyon Brown
13697,Kenshi Yonezu
13698,Kenshiro Kato
13699,Kensuke Ushio
13700,Kent Nagano
13701,Kentaro Ifuku
13702,Kenyaman
13703,Kenzie May
13704,Kenzie Smith Piano
13705,Keola & Kapono Beamer
13706,Keola Beamer
13707,Kep1er
13708,Kerala Dust
13709,Kerchak
13710,Keren Porat Snapir
13711,Kerim Tekin
13712,Kerli
13713,Kero
13714,Kerry Butler
13715,Kerstin Heiles
13716,Kerstin Ibald
13717,"Kerstin Ibald, Wietske van Tongeren"
13718,Kerstin Ott
13719,Kerstin Sanders-Dornseif
13720,Kersty Ryan
13721,Kes
13722,Kesha
13723,Keshab Nayan
13724,Keshan
13725,Keshav Anand
13726,Keshia Braganza
13727,Keskin
13728,Kester
13729,Keswa
13730,Ketama126
13731,Keto Dzhaparidze
13732,Kettel
13733,Keule
13734,Keung To
13735,Kev Willow
13736,KevGee
13737,Kevi Jonny
13738,Kevin Bloody Wilson
13739,Kevin Cahoon
13740,Kevin Ceballo
13741,Kevin Chamberlin
13742,Kevin Cheng
13743,Kevin Farley
13744,Kevin Hart
13745,Kevin Hutchins
13746,Kevin Irving
13747,Kevin Jason
13748,Kevin Kendle
13749,Kevin Kern
13750,Kevin Mallon
13751,Kevin Martes 13
13752,Kevin McKay
13753,Kevin McNally
13754,Kevin Nealon
13755,Kevin Powers
13756,Kevin Reumann
13757,Kevin Roldan
13758,Kevin Ross
13759,Kevin Rowland
13760,Kevin Saunderson
13761,Kevin Teves
13762,Kevin de Vries
13763,Kevitch
13764,Keyakizaka46
13765,Keyblade
13766,Keylon
13767,Keys & Copper
13768,Keys N Krates
13769,Keyshia Cole
13770,Keyvan Chemirani
13771,Keyvin Ce
13772,Kezzo
13773,Khadhijah Shareef
13774,Khainz
13775,Khaled
13776,Khalid
13777,Khalil Fong
13778,Khalil Vegas
13779,Khan Bhaini
13780,Khantrast
13781,Khatia Buniatishvili
13782,Khatija Rahman
13783,Khen
13784,KhoMha
13785,Khoa Vũ
13786,Khold
13787,Khontkar
13788,Khruangbin
13789,Khushalii Kumar
13790,Khushboo Grewal
13791,Ki Bae
13792,KiDi
13793,KiFi
13794,KiLLATK
13795,Kian Soltani
13796,Kiana Ledé
13797,Kianush
13798,Kiara Leonard
13799,Kiara Nelson
13800,Kiara Vitória
13801,Kiasmos
13802,Kiawasch Sahebnassagh
13803,Kibariye
13804,Kick Puncher
13805,Kid A
13806,Kid Abelha
13807,Kid Bookie
13808,Kid Cudi
13809,Kid Dynamite
13810,Kid Enigma
13811,Kid Francescoli
13812,Kid Ink
13813,Kid Koala
13814,Kid Loco
13815,Kid Princess
13816,Kid Riz
13817,Kid Rock
13818,Kid Simius
13819,Kid Travis
13820,Kidd G
13821,Kidd Santhe
13822,Kideko
13823,Kidnap
13824,Kids Dance Party
13825,Kids Hit Masters
13826,Kids Rap Radio
13827,Kids Rap'n The Hits
13828,Kids Rock Kidz
13829,Kids Songs Rule!
13830,Kids Superstars
13831,Kids TV 123
13832,Kidsongs
13833,Kidsounds
13834,Kidz Bop Kids
13835,Kierra Sheard
13836,Kiesza
13837,Kiiara
13838,Kiismin
13839,Kijugo
13840,Kika Edgar
13841,Kiki Dee
13842,Kikimoteleba
13843,Kikka Laitinen
13844,Kikki Danielsson
13845,Kiko Blac
13846,Kiko Chicabana
13847,Kiko Dinucci e Bando Afro Macarrônico
13848,Kiko Franco
13849,Kiko Revatta
13850,Kiko Veneno
13851,KilSoSouth
13852,Kilink
13853,Kill Dyll
13854,Kill Emil
13855,Kill Paris
13856,Kill The Client
13857,Kill The Noise
13858,KillBunk
13859,Killa Hakan
13860,Killa P
13861,Killer Be Killed
13862,Killer Clown
13863,Killer Hertz
13864,Killer MC
13865,Killermichel
13866,Killerwatts
13867,Killing Joke
13868,Killing Me Inside
13869,Killpop
13870,Killshot
13871,Killstation
13872,Killswitch Engage
13873,Killval
13874,Kilms
13875,Kiloucura
13876,Kilpi
13877,Kim Bo
13878,Kim Carnes
13879,Kim English
13880,Kim Kelly
13881,Kim Larsen
13882,Kim Loaiza
13883,Kim Petras
13884,Kim Walker-Smith
13885,Kim Wilde
13886,Kimberley Chen
13887,Kimberly Mahon
13888,Kimia Hesabi
13889,Kimiko Glenn
13890,Kin$oul
13891,KinKai
13892,Kina
13893,Kina Grannis
13894,Kind Kaputt
13895,Kinderen voor Kinderen
13896,Kindervater
13897,Kindy Corner
13898,King
13899,King 810
13900,King Clave
13901,King Crimson
13902,King Diamond
13903,King Gnu
13904,King Gordy
13905,King Green
13906,King Hydra
13907,King Iso
13908,King Kavalier
13909,King Kooba
13910,King Matthew
13911,King Princess
13912,King Promise
13913,King Satan
13914,King Savage
13915,King Savagge
13916,King Shubh
13917,King Sis
13918,King Stephen
13919,King Stingray
13920,King Sunny Ade
13921,King Tee
13922,King Tubby
13923,King Yosef
13924,KingTalkzin
13925,Kingdom
13926,Kings Of The Rollers
13927,Kings Of Tomorrow
13928,Kings of Günter
13929,Kingsley Q
13930,Kink
13931,Kinky
13932,Kinky Boots Ensemble
13933,Kinky Sound
13934,Kinniku Shōjo Tai
13935,Kinny Zimmer
13936,Kino
13937,Kinobe
13938,Kinokoteikoku
13939,Kioomars Musayyebi
13940,Kip Moore
13941,Kiprich
13942,Kiran Bhanu
13943,Kiran Dhormare
13944,Kiran Kamath
13945,Kiranee
13946,Kirby
13947,Kirby Kaple
13948,Kiri Te Kanawa
13949,Kirk Cosier
13950,Kirk Franklin
13951,Kirk Trevor
13952,Kiro Akiyama
13953,Kirsty MacColl
13954,Kisch
13955,Kishore Kumar
13956,Kishori Amonkar
13957,Kit Chan
13958,Kitaro
13959,Kitchen Dwellers
13960,Kite
13961,Kitri
13962,Kitten & The Hip
13963,Kittie
13964,Kitty & Lovely
13965,Kitty Kallan
13966,Kitty Wells
13967,Kivitz
13968,Kiwini Vaitai
13969,Kiwwi
13970,Kizz Daniel
13971,Kizzy
13972,Kjell Höglund
13973,Klaangen
13974,Klaas
13975,Klaatu
13976,Kladd
13977,Klamydia
13978,Klangkuenstler
13979,Klara Söderberg
13980,Klasey Jones
13981,Klaus & Klaus
13982,Klaus Badelt
13983,Klaus Nomi
13984,Klaus Sena
13985,Klavdiya Shulzhenko
13986,Klaxons
13987,Kleber Lucas
13988,Klebson Kollins
13989,Klein High School Chamber Orchestra
13990,Kleiton & Kledir
13991,Kleo Dibah & Rafael
13992,Kleu
13993,Klingande
13994,Klopfgeister
13995,Kloß mit Soß
13996,Klubbheads
13997,Klubfiller
13998,Klumben
13999,Klute
14000,Kmila Cdd
14001,Knee Deep
14002,Knife Party
14003,KnightSA
14004,KnightVision
14005,Knock2
14006,Knocked Loose
14007,Knossi
14008,Knowmadic
14009,Knoxa
14010,Knuckles & Tails
14011,Knust
14012,Knut Johannessen
14013,Koalaz
14014,Koba LaD
14015,Kobosil
14016,Kochetkovv
14017,Koda
14018,Kodak Black
14019,Kodaline
14020,Kodama Boy
14021,Kodigo
14022,Koe Wetzel
14023,Koffee
14024,Koffee el Kafetero
14025,Kohra
14026,Koi
14027,Koichi Yamadera
14028,Koil
14029,Kojey Radical
14030,Koji Kikkawa
14031,Kojo Funds
14032,Kokiri
14033,Kokoroko
14034,Kollegah
14035,Kollektiv Turmstrasse
14036,Kolombo
14037,Kolpa
14038,Kombi
14039,Kombinaciya
14040,Kombo Kolombia
14041,Kompany
14042,Konai
14043,Konecs
14044,Kongsted
14045,Koni
14046,Konomi Suzuki
14047,Konshens
14048,Konstantin Mortensen
14049,Konstantin Pluzhnikov
14050,Konteks
14051,Kontra K
14052,Kontras Quartet
14053,Konzerthaus Kammerorchester Berlin
14054,Konzerthausorchester Berlin
14055,Koo Koo Kanga Roo
14056,Kool & The Gang
14057,Koop
14058,Koozah
14059,Kopa
14060,Koray Candemir
14061,Kordian
14062,Korede Bello
14063,Koresma
14064,Kori
14065,Korn
14066,Korol i Shut
14067,Korolova
14068,Korsakoff
14069,Kosheen
14070,Kosling
14071,Kosmonova
14072,Kostas Chatzis
14073,Kostas Makedonas
14074,Kostia
14075,Kotaro Oshio
14076,Kotim
14077,Kotiteollisuus
14078,Kotobukikun
14079,Kotono Tanaka
14080,Kove
14081,Koven
14082,Kovic
14083,Kowrites
14084,Koyo
14085,Kozah
14086,Kozmos
14087,Kozo Shioya
14088,Kraak & Smaak
14089,Kraff Gad
14090,Kraftbrenner
14091,Kraftklub
14092,Kraftwerk
14093,Krafty Kuts
14094,Krakota
14095,Krameri
14096,Kramp
14097,Kranium
14098,Krawk
14099,Krayzie Bone
14100,Kreator
14101,Kreisligahelden
14102,Kreisligalegende
14103,Kremerata Baltica
14104,Kren
14105,Krewella
14106,Kriegsmaschine
14107,Krimsonn
14108,Kris Allen
14109,Kris Bowers
14110,Kris Kross Amsterdam
14111,Kris Wu
14112,Krish
14113,Krish K
14114,Krishh
14115,Krishmusic
14116,Krishna
14117,Krishna Iyer
14118,Krishnachandar
14119,Krishnachandran
14120,Krishnaprasad
14121,Krishnaraj
14122,Krista Marina
14123,Kristen Anderson-Lopez
14124,Kristen Bell
14125,Kristene DiMarco
14126,Kristian Gusho
14127,Kristian Leth
14128,Kristian Stanfill
14129,Kristin Chenoweth
14130,Kristin Scott Benson}Ron Stewart
14131,Kristina Antuna
14132,Kristina Klebe
14133,Kristine Blond
14134,Kristine Yde Eriksen
14135,Kristjan Johannsson
14136,Kristle Edwards
14137,Kristoffer Wallin
14138,Kristolyn Lloyd
14139,Krisztina Laki
14140,Kritiman Mishra
14141,Krmoni
14142,Kronno Zomber
14143,Krono
14144,Kronos
14145,Kronos Quartet
14146,Krossbow
14147,Krovostok
14148,Krowdexx
14149,Kruder & Dorfmeister
14150,Kruelty
14151,Kruger Brothers
14152,Krummerne
14153,Krust
14154,Kruszwil
14155,Kryder
14156,Krymplings
14157,Krystal
14158,Krystian Zimerman
14159,Krystina Alabado
14160,Krystine Walker
14161,Krümel
14162,Ksenija Sidorova
14163,Kuana Torres Kahele
14164,Kuase Nada
14165,Kuba Jurzyk
14166,Kudasaibeats
14167,Kudrat Kaur
14168,Kuhlosul
14169,Kukon
14170,Kuldeep Manak
14171,Kuldeep Ral
14172,Kultra Knox
14173,Kum
14174,Kumaar
14175,Kumar Gandharva
14176,Kumar Sanu
14177,Kumaresh Kamalakannan
14178,Kumari Shweta Pandit
14179,Kumiko Mori
14180,Kumu Hina
14181,Kun Agüero
14182,Kun-Woo Paik
14183,Kunaal-Rangon
14184,Kunal Ganjawala
14185,"Kundalini: Yoga, Meditation, Relaxation"
14186,Kundo
14187,Kungs
14188,Kuoro - Aladdin
14189,Kupla
14190,Kura
14191,Kurban
14192,Kurei
14193,Kurt Braunohler
14194,Kurt Cobain
14195,Kurt Herbert Adler
14196,Kurt Metzger
14197,Kurt Rosenwinkel
14198,Kurt Rydl
14199,Kurt Sanderling
14200,Kurt Vile
14201,Kurtalan Ekspres
14202,Kurtt
14203,Kurupt
14204,Kurşun
14205,Kush Kush
14206,Kushal
14207,Kut Klose
14208,Kutay Uçar
14209,Kutiman
14210,Kutle Khan
14211,Kutxi Romero
14212,Kuty
14213,Kuxh Beats
14214,Kuzu Mellow
14215,Kvaen
14216,Kvatro
14217,Kvelertak
14218,Květa Novotná
14219,Kwam.E
14220,Kwang-Ho Hong
14221,Kwedjatey
14222,Kwesi
14223,Kx5
14224,Ky-Mani Marley
14225,Kyan
14226,Kyary Pamyu Pamyu
14227,Kyau & Albert
14228,Kyco
14229,Kygo
14230,Kyla
14231,Kyle Edwards
14232,Kyle Hall
14233,Kyle Hollingsworth
14234,Kyle Kinane
14235,Kyle McEvoy
14236,Kyle Pearce
14237,Kyle Reynolds
14238,Kyle Walker
14239,Kylie Auldist
14240,Kylie Cantrall
14241,Kylie Minogue
14242,Kylähullut
14243,Kym
14244,Kym Karath
14245,Kymberley Kennedy
14246,Kyo
14247,Kyodi
14248,Kyoko Koizumi
14249,Kyra Mastro
14250,Kyson
14251,Kytami
14252,Kyuso Nekokami
14253,Kyuss
14254,KÅRP
14255,KÖFN
14256,Kállay Saunders
14257,Késia Soares
14258,Këkht Aräkh
14259,Kölsch
14260,Köttgrottorna
14261,Kúra
14262,Kıraç
14263,Kıvılcım Ural
14264,Kızılırmak
14265,L Devine
14266,L Jorgensen
14267,L O K P I K
14268,L'Algérino
14269,L'Allemand
14270,L'Arpeggiata
14271,L'Entourloop
14272,L'Impératrice
14273,L'Renee
14274,L'armonia delle Cetre
14275,L-Side
14276,L. R. Eswari
14277,L. V. Revanth
14278,L.A.
14279,L.I.T
14280,L.V.
14281,L3N
14282,L7
14283,L8NCY
14284,LA INDIA
14285,LAKEY INSPIRED
14286,LANDMVRKS
14287,LANKS
14288,LANNÉ
14289,LANY
14290,LARINHX
14291,LAYZ
14292,LCD Soundsystem
14293,LD
14294,LE MUSIC
14295,LE RISQUE
14296,LE SSERAFIM
14297,LEALL
14298,LEISURE
14299,LETNI
14300,LETTER FOR ME
14301,LEVEL UP
14302,LEW
14303,LEYA
14304,LFO
14305,LGHTNNG
14306,LIAMOO
14307,LICK
14308,LIK
14309,LIL DUSTY G
14310,LIL GRIPPIE
14311,LINDBERG
14312,LION dj
14313,LIONE
14314,LISA
14315,LISTENBEE
14316,LIT killah
14317,LIZOT
14318,LJ Echols
14319,LKN
14320,LL COOL J
14321,LMFAO
14322,LNY TNZ
14323,LOA.
14324,LOC 079
14325,LOCKBOX
14326,LODE
14327,LOONA
14328,LOOPERS
14329,LOS HERMANOS
14330,LOSER
14331,LOUD ABOUT US!
14332,LOUDNESS
14333,LOUTA
14334,LOVA
14335,LOVE PSYCHEDELICO
14336,LOVEBITES
14337,LOWES
14338,LOZAREENA
14339,LP Beatzz
14340,LP Giobbi
14341,LPW
14342,LRN Slime
14343,LSB
14344,LSD
14345,LSP
14346,LTGTR
14347,LTJ Bukem
14348,LTN
14349,LU2VYK
14350,LUCATI
14351,LUCHS
14352,LUDI
14353,LUDMILLA
14354,LULLANAS
14355,LUM!X
14356,LUNA
14357,LUNA AURA
14358,LUUV.
14359,LUVRE47
14360,LUXXURY
14361,LVNDSCAPE
14362,LX
14363,LXCPR
14364,LXVI
14365,LYOD
14366,LZRD
14367,L_cio
14368,La 25
14369,La Adictiva
14370,La Atraktiva de Monterrey
14371,La BOA
14372,La Belle Bleue
14373,La Bien Querida
14374,La Bomba de Tiempo
14375,La Bouche
14376,La Casa Azul
14377,La Chicana
14378,La Chilinga
14379,La Combo Tortuga
14380,La Compagnia Rossini
14381,La Corte Music
14382,La Critica
14383,La Cumbia Chicharra
14384,La Dame Blanche
14385,La Diosa
14386,La Estrella de David
14387,La Femme
14388,La Fine Equipe
14389,La Flor del Recuerdo
14390,La Floripondio
14391,La Fortaleza Real
14392,La Franela
14393,La Fuga
14394,La Furia
14395,La Gente Pesada
14396,La Grande Sophie
14397,La Guardia
14398,La Gusana Ciega
14399,La J
14400,La Juan D'Arienzo
14401,La La Love You
14402,La Ley
14403,La Magnifica Comunità
14404,La Mala
14405,La Matatena
14406,La Misa Negra
14407,La Misma Gente
14408,La Mississippi
14409,La Morocha
14410,La Mosca Tse-Tse
14411,La Novel de Martín Guevara
14412,La Oreja de Van Gogh
14413,La Original Banda El Limón de Salvador Lizárraga
14414,La Orquesta Internacional
14415,La Parranda Magna
14416,La Pegatina
14417,La Perra Que Los Parió
14418,La Petite Bande
14419,La Polla
14420,La Polla Records
14421,La Portuaria
14422,La Progresiva del Callao
14423,La Prohibida
14424,La Quinta Estacion
14425,La Rata Bluesera
14426,La Renga
14427,La Revolución De Emiliano Zapata
14428,La Rondalla Tapatía
14429,La Rondalla Venezolano
14430,La Roux
14431,La Rue Kétanou
14432,La Serenissima
14433,La Sonora Dinamita
14434,La Sonora Matancera
14435,La Suprema Corte
14436,La Transa
14437,La Tremenda Korte
14438,La Trenza de la Abuela
14439,La Tropa Loca
14440,La Vela Puerca
14441,La Verbena Popular
14442,La Zowi
14443,La-33
14444,LaChanze
14445,LaLa Hsu
14446,LaMeduza
14447,LaMorris Williams
14448,LaPalomaLui
14449,LaRae Starr
14450,Laa Lee
14451,Laban
14452,Labh Janjua
14453,Labirinto
14454,Labrinth
14455,Labyrint
14456,Lacee
14457,Lacey Sturm
14458,Lachi
14459,Lack Of Afro
14460,Lack Of Interest
14461,Lackmus
14462,Laco
14463,Lacrim
14464,Lacrimas Profundere
14465,Lacrimosa
14466,Lacuna Coil
14467,Lacy J. Dalton
14468,Laden
14469,Ladi6
14470,Ladislav Neshyba
14471,Lado de Cá
14472,Lady A
14473,Lady Alma
14474,Lady Antebellum
14475,Lady Bee
14476,Lady Blackbird
14477,Lady Boss
14478,Lady G
14479,Lady Gaga
14480,Lady Kash
14481,Lady Leshurr
14482,Lady Parul
14483,Lady Saw
14484,Lady Shade
14485,Lady Waks
14486,Ladysmith Black Mambazo
14487,Ladytron
14488,Laeland
14489,Laetitia Dostie
14490,Lafa Taylor
14491,Lafayette Afro Rock Band
14492,Lafayette Leake
14493,Lagique
14494,Lagori & Friends
14495,Lagosta Bronzeada
14496,Lagum
14497,Lagwagon
14498,Laharl Square
14499,Laica
14500,Laidback Luke
14501,Laika Room
14502,Laila Wollo
14503,Lainey Wilson
14504,Lajon Witherspoon
14505,Lake Of Tears
14506,Lake People
14507,Lakmann
14508,Lakshmi Manmohan
14509,Lakshmi Marikar
14510,Lal Chand Yamla Jatt
14511,Laleh
14512,Lalgudi G. Jayaraman
14513,Lali
14514,Lalin St. Juste
14515,Lalit Sen
14516,Lalo Carrion
14517,Lalo Ebratt
14518,Lalo Martel
14519,Lalo Rodriguez
14520,Lalo Schifrin
14521,Lamar Williams Jr.
14522,Lamb
14523,Lamb of God
14524,Lambasaia
14525,Lambchop
14526,Lambert
14527,Lambie
14528,Lamme Frans
14529,Lamparina
14530,Lampe
14531,Lampshade Muzic
14532,Lana Del Rey
14533,Lance & Linton
14534,Lance Allen
14535,Lance Burden
14536,Lance Roberts
14537,Lance Takamiya
14538,Landa La Sensación
14539,Landon Cube
14540,Landon Pigg
14541,Landy Wen
14542,Lane 8
14543,Lanek
14544,Lang Lang
14545,Language of Flowers
14546,Lani Groves
14547,Lani Love
14548,Lani Mo
14549,Laniia
14550,Lantlôs
14551,Lapa
14552,Lapiz Conciente
14553,Lara Fabian
14554,Lara George
14555,Lara Liang
14556,Lari Friedman
14557,Lari Halme
14558,Larissa Avdeyeva
14559,Larissa Lambert
14560,Larry
14561,Larry Daggett
14562,Larry Gaaga
14563,Larry Harlow
14564,Larry Heard
14565,Larry Keel
14566,Larry Morey
14567,Larry Sparks
14568,Larry The Cable Guy
14569,Lars Bartkuhn
14570,Lars Frederiksen and the Bastards
14571,Lars Nedland
14572,Lars Thiesgaard
14573,Lars Winnerbäck
14574,Lartiste
14575,Lary Over
14576,Larz-Kristerz
14577,Las Almas Nuevas
14578,Las Lagrimas
14579,Las Minilolas
14580,Las Moskas
14581,Las Negris
14582,Las Olas Del Mar
14583,Las Pastillas del Abuelo
14584,Las Pelotas
14585,Las Perlas Negras
14586,Las Tres Abejas
14587,Las Tres Cuerdas
14588,Las manos de Filippi
14589,Laser Inc.
14590,Lass
14591,Lasse Holm
14592,Lasse Ivonen
14593,Lasse Lindh
14594,Lasse Stefanz
14595,Lasse Vermeli
14596,Lasso
14597,Last Call
14598,Last Child
14599,Last Days Of Humanity
14600,Last Heroes
14601,Last Idol
14602,Last Midnight Train
14603,Last Minute India
14604,Lastkaj 14
14605,Lata Mangeshkar
14606,Latarnicy
14607,Late Era
14608,Lateral
14609,Latha Hentry
14610,Latroit
14611,Latto
14612,Lauana Prado
14613,Laufey
14614,Lauge
14615,Laughing Buddha
14616,Lauluyhtye Nordias
14617,Laura Baldwin
14618,Laura Bell Bundy
14619,Laura Benanti
14620,Laura Borincaj
14621,Laura Branigan
14622,Laura Brehm
14623,Laura Chiatti
14624,Laura Creamer
14625,Laura Dickinson
14626,Laura Dreyfuss
14627,Laura Jane Grace
14628,Laura Korinth
14629,Laura Marling
14630,Laura Michelle Kelly
14631,Laura Murray
14632,Laura Osnes
14633,Laura Pausini
14634,Laura Stevenson
14635,Laura Story
14636,Laura Streel
14637,Laura Sullivan
14638,Laura V
14639,Laura Welsh
14640,Laura White
14641,Laura Wilde
14642,Lauren Alaina
14643,Lauren Babic
14644,Lauren Daigle
14645,Lauren Flax
14646,Lauren L'aimant
14647,Lauren Marcus
14648,Lauren Norstrom
14649,Lauren Ritchie
14650,Lauren Spencer Smith
14651,Lauren Turk
14652,Lauren Weintraub
14653,Laurence Guy
14654,Laurent Garnier
14655,Laurent Simeca
14656,Laurent Voulzy
14657,Laurent Wolf
14658,Laurie Colon
14659,Laurie Lewis
14660,Laurie Z.
14661,Lauriete
14662,Laurindo Almeida
14663,Laus Høybye
14664,Lauv
14665,Lauwri
14666,Lavavajillas
14667,Lavell Crawford
14668,Lavern
14669,Lavinia Meijer
14670,Lawineboys
14671,Lawrence Power
14672,Lawrence Renes
14673,Lawrence Soosai
14674,Lawrence Street
14675,Lawrens
14676,Laxmikant–Pyarelal
14677,Layla Ramezan
14678,Laylah Arruda
14679,Layo & Bushwacka!
14680,Lays Barros
14681,Laysa
14682,Layto
14683,Layton Giordani
14684,Lazar Berman
14685,Lazarito Valdés y Bamboleo
14686,Lazerpunk
14687,Lazy Leopard
14688,Lazy Panda
14689,Lazza
14690,Lazzo Matumbi
14691,Le Boeuf
14692,Le Boome De Tschaque
14693,Le Butcherettes
14694,Le Castle Vania
14695,Le Concert Des Nations
14696,Le Concert Spirituel
14697,Le Endrigo
14698,Le Fly
14699,Le Juiice
14700,Le Malls
14701,Le Mans
14702,Le Motel
14703,Le Super Mojo
14704,Le Tigre
14705,Le Winter
14706,Le Youth
14707,Le'Asha
14708,LeAnn Rimes
14709,LeBrock
14710,LeKtriQue
14711,LePrince
14712,Lea
14713,Lea Desandre
14714,Lea Grawsiö Lindström
14715,Lea König
14716,Lea Lea
14717,Lea Michele
14718,Lea Salonga
14719,Leafcutter John
14720,League of Legends
14721,Leah Culver
14722,Leah Guest
14723,Leah Hocking
14724,Leah Marie Perez
14725,Leah Nobel
14726,Leander High School Wind Ensemble
14727,Leandro Borges
14728,Leandro Lehart
14729,Leandro Rodrigues
14730,Leandro Ríos
14731,Leandro Sapucahy
14732,Leanne Louise
14733,Leat'eq
14734,Leatherface
14735,Lebanon Hanover
14736,Lebo M.
14737,Lebo Morake
14738,Lebrado
14739,Lechero Mon
14740,Leci Brandao
14741,Lecrae
14742,Led Zeppelin
14743,Leda Moreno
14744,Lederrick
14745,Ledetraad
14746,"Lee ""Scratch"" Perry"
14747,Lee Bloccboy
14748,Lee Cabrera
14749,Lee DeWyze
14750,Lee Fields
14751,Lee Foss
14752,Lee Grant
14753,Lee Killington
14754,Lee Mack
14755,Lee Mendelson
14756,Lee Mvtthews
14757,Lee Richardson
14758,Lee Rocker
14759,Lee So Ra
14760,Lee Wilkof
14761,LeeHi
14762,Leehom Wang
14763,Leeland
14764,Leeland Mooring
14765,Leeries
14766,Left Alone
14767,Left Behind
14768,Left Lane Cruiser
14769,Left spectrum of the brain
14770,Left/Right
14771,Leftfield
14772,Lefties Soul Connection
14773,Leftover Salmon
14774,Leftside
14775,Leftwing : Kody
14776,Lefty Frizzell
14777,Lefty Sm
14778,Legião Urbana
14779,Lego
14780,Lehmber Hussainpuri
14781,Lei Di Dai
14782,Leidy Murilho
14783,Leigh Harline
14784,Leigh Nash
14785,Leila Adu
14786,Leila Bela
14787,Leila Milki
14788,Leila Pari
14789,Leila's Cat Loralie
14790,Leila's Opera Class
14791,Leilani Jones
14792,Leire Martinez
14793,Leiva
14794,Lelah
14795,Lele Pons
14796,Lem-X
14797,Lemaitre
14798,Leman Sam
14799,Lemon D
14800,Lemon Jelly
14801,Lemongrass
14802,Len Cariou
14803,Len Faki
14804,Lena
14805,Lena Horne
14806,Lena Leon
14807,Lena Marie Engel
14808,Lena Meyer-Landrut
14809,Lena Philipsson
14810,Lene Kokai
14811,Leng Tch'e
14812,Lenine
14813,Lennon Stella
14814,Lenny Dee
14815,Lenny Kravitz
14816,Lenny Tavárez
14817,Lenny code fiction
14818,Leno
14819,Lenzman
14820,Leo Abrahams
14821,Leo Anderson
14822,Leo Baumgart
14823,Leo Brouwer
14824,Leo Gandelman
14825,Leo Jaime
14826,Leo Justi
14827,Leo Ku
14828,Leo Lion
14829,Leo Nucci
14830,Leo Roi
14831,Leo Santana
14832,Leo Sayer
14833,Leo Square
14834,Leo Stannard
14835,Leo Wood
14836,Leola
14837,Leon Bridges
14838,Leon D'souza
14839,Leon James
14840,Leon Lai
14841,Leon Leiden
14842,Leon Payne
14843,Leon Vynehall
14844,Leona Lewis
14845,Leonard
14846,Leonard Bernstein
14847,Leonard Cohen
14848,Leonard Kwan
14849,Leonardo
14850,Leonardo Andersen
14851,Leonardo García-Alarcón
14852,Leonardo Gonnelli
14853,Leonardo Gonçalves
14854,Leonardo Holmes
14855,Leonardo Jurado
14856,Leonce
14857,Leone Magiera
14858,Leonel P
14859,Leonhard Mahlich
14860,Leoni
14861,Leony
14862,Leopold Hager
14863,Leopoldo Federico
14864,Leopoldo Federico y su Orquesta
14865,Leor
14866,Lepoka
14867,Leprosy
14868,Les 3 Fromages
14869,Les Arts Florissants
14870,Les Bisous
14871,Les Caméléons
14872,Les Chanteurs de la Vierge
14873,Les Dales Hawerchuk
14874,Les Discrets
14875,Les Fatals Picards
14876,Les Mamans du Congo
14877,Les Misérables Cast
14878,Les Musiciens du Louvre
14879,Les Ramoneurs De Menhirs
14880,Les Rita Mitsouko
14881,Les Sales Majestés
14882,Les Sexareenos
14883,Les Siècles
14884,Lesia Karz
14885,Lesiem
14886,Lesley Garrett
14887,Leslie Cheung
14888,Leslie David Baker
14889,Leslie Grace
14890,Leslie Jordan
14891,Leslie Kritzer
14892,Leslie Odom Jr.
14893,Leslie Pearson
14894,Leslie Powell
14895,Leslie Skye
14896,Lesram
14897,Less Than Jake
14898,Lester Flatt
14899,Lester Roy
14900,Lester Young
14901,Let's Active
14902,Lethal
14903,Leto
14904,Letoa
14905,Letrux
14906,Letta Mbulu
14907,Letter Day Story
14908,Lety Cisneros
14909,Leusin
14910,Level
14911,Level 42
14912,Level One
14913,Levela
14914,Levent Yüksel
14915,Leviathan
14916,Levit∆te
14917,Lewis Capaldi
14918,Lex Bratcher
14919,Lex Skate Rock
14920,LexBlaze
14921,Lexaunculpt
14922,Lexer
14923,Lexi
14924,Lexi Jonga
14925,Lexi Norton
14926,Lexi Scatena
14927,Lexie Liu
14928,Lexxus
14929,Lexy Panterra
14930,Ley 20mil
14931,LeyeT
14932,Leyona
14933,Lezin do Peri
14934,Leão Etíope do Méier
14935,León Gieco
14936,Li Xiangting
14937,Li Yugang
14938,LiL Lotus
14939,LiSA
14940,Lia Shine
14941,Lia de Itamaracá
14942,Liad Abraham
14943,Liam Bailey
14944,Liam O'Donnell
14945,Liam Payne
14946,Liam Stoler
14947,Liana Flores
14948,Liane Carrol
14949,Liane Foly
14950,Lianne La Havas
14951,Liaze
14952,Libero 5
14953,Libertad Lamarque
14954,Libin Scaria
14955,Libor Kolman
14956,Library Tapes
14957,Lidell Townsel
14958,Lidell Townsell
14959,Lidia Borda
14960,Lidia Buble
14961,Lidia Buble & Ddy
14962,Lido Pimienta
14963,Lieblingsplattendreher
14964,Liedfett
14965,Liela Moss
14966,Lifafa
14967,Life Of Agony
14968,Life is a Lie
14969,Life of Kai
14970,Life's Question
14971,Lifehouse
14972,Lifelike
14973,Lifeline Quartet
14974,Liferuiner
14975,Liftshift
14976,Lifvsleda
14977,Light Garden
14978,Light The Torch
14979,"Lightning, Thunder and Rain Storm"
14980,Lights
14981,Lights & Motion
14982,Lights Of Euphoria
14983,Lihua Zhao
14984,Liilz
14985,Lijadu Sisters
14986,Lijo George
14987,Lijo George-Dj Chetas
14988,Like Mike
14989,Like Mike vs Diplo
14990,Like Moths To Flames
14991,Likkle Addi
14992,Likkle Vybz
14993,Lil Baby
14994,Lil Cobaine
14995,Lil Debbie
14996,Lil Dicky
14997,Lil Durk
14998,Lil Duval
14999,Lil E
15000,Lil Gnar
15001,Lil God Dan
15002,Lil Gotit
15003,Lil Happy Lil Sad
15004,Lil J
15005,Lil Jon
15006,Lil Kesh
15007,Lil Kev
15008,Lil Kvneki
15009,Lil Loski
15010,Lil Mosey
15011,Lil Nas X
15012,Lil Peep
15013,Lil Pump
15014,Lil Rae
15015,Lil Rel Howery
15016,Lil Revive
15017,Lil Sanax
15018,Lil Shrimp
15019,Lil Silva
15020,Lil Skies
15021,Lil TerRio
15022,Lil Texas
15023,Lil Tjay
15024,Lil Tooom
15025,Lil Tracy
15026,Lil Uzi Vert
15027,Lil Wayne
15028,Lil Xan
15029,Lil Xtra
15030,Lil Yachty
15031,Lil Yung Pharaoh
15032,Lil Zey
15033,Lil' Cease
15034,Lil' Kim
15035,Lil' Ron Ron
15036,Lilas Ikuta
15037,Lili
15038,Lilium
15039,Lill Lindfors
15040,Lill-Babs
15041,Lilli Cooper
15042,Lillian Axe
15043,Lillias White
15044,Lilly Ahlberg
15045,Lilly Eaton
15046,Lilly Julian
15047,Lilly Palmer
15048,Lilly Wood and The Prick
15049,Lilorx
15050,Lily Allen
15051,Lily Cottrell
15052,Lily Denning
15053,Lily Mckenzie
15054,Lily Potter
15055,Lim Hyung Joo
15056,Limahl
15057,Limbo Slice
15058,Lime
15059,Limoblaze
15060,Limp Bizkit
15061,Limsa d'Aulnay
15062,Limão Com Mel
15063,Lin Hsin Yi
15064,Lin Zheng-Zhong
15065,Lin-Manuel Miranda
15066,Lina Tullgren
15067,Lincoln Brewster
15068,Linda Bengtzing
15069,Linda Chung
15070,Linda Clifford
15071,Linda Eder
15072,Linda Jo Rizzo
15073,Linda Mirada
15074,Linda P
15075,Linda Perhacs
15076,Linda Ronstadt
15077,Linda Vera
15078,Linda Wong
15079,Lindiwe Mkhize
15080,Lindsay Mendez
15081,Lindsay Schoolcraft
15082,Lindsey Stirling
15083,Lindstrøm
15084,Lindstrøm & Prins Thomas
15085,Lindy Layton
15086,Line Dances
15087,Linema
15088,Linerz Motorsports
15089,Linet
15090,Ling tosite sigure
15091,Linguistics
15092,Liniker
15093,Liniker e os Caramelows
15094,Link Wray
15095,Linke Soep
15096,Linked Horizon
15097,Linkin Park
15098,Linky First
15099,Linn
15100,Linn Brikell
15101,Linn da Quebrada
15102,Linnea Henriksson
15103,Linnea Samia Khalil
15104,Linnea Schossow
15105,Linney
15106,Lino Krizz
15107,Lio
15108,Lion Bigmao
15109,Lion Fiah
15110,Lionel Richie
15111,Lionheart
15112,Lionrock
15113,Liora Itzhak
15114,Lipsika
15115,Liquid Mind
15116,Liquid Soul
15117,Liquits
15118,Lirin
15119,Lisa Antoni
15120,Lisa Beckley
15121,Lisa Brescia
15122,Lisa Ekdahl
15123,Lisa Gerrard
15124,Lisa Kelly
15125,Lisa Lynne
15126,Lisa Marie Presley
15127,Lisa Mercedez
15128,Lisa Millett
15129,Lisa Mishra
15130,Lisa Nilsson
15131,Lisa Ono
15132,Lisa Shaw
15133,Lisa Stansfield
15134,Lisa Stokke
15135,Liset Alea
15136,LissA
15137,Lissom
15138,Listener Kids
15139,Lit Happu
15140,Lithe
15141,Lito
15142,Lito Atalaia
15143,Lito Kirino
15144,Lito Vitale
15145,Little Anthony & The Imperials
15146,Little Apple Band
15147,Little Big Town
15148,Little Boo & Friends
15149,Little Circuits
15150,Little Dragon
15151,Little Eva
15152,Little Gerhard
15153,Little Glee Monster
15154,Little Grace
15155,Little Jesus
15156,Little Jinder
15157,Little Lazy Lights
15158,Little Mix
15159,Little Mountain
15160,Little People
15161,Little Piano Player
15162,Little Richard
15163,Little River Band
15164,Little Simz
15165,Little Sis Nora
15166,Little Symphony
15167,Little Walter
15168,Litto Nebbia
15169,Liturgy
15170,Litzy
15171,Liu
15172,Liu & Léu
15173,Liu Bei
15174,Live
15175,Lividity
15176,Livin R
15177,Livin' Joy
15178,Living Colour
15179,Living In A Box
15180,Living Room
15181,Livingston
15182,Livingston Crain
15183,Liz Callaway
15184,Liz Lanne
15185,Liz Lawrence
15186,Liz Reis
15187,Liz Story
15188,Liz Torres
15189,Liza Minnelli
15190,Lizzo
15191,Lizzy Land
15192,Lizzy McAlpine
15193,Ljå
15194,Llane
15195,Llewellyn
15196,Llorca
15197,Lloyd Banks
15198,Lloyd Cole and the Commotions
15199,Lloyd Wade
15200,Lluvia para Dormir
15201,Lng Sht
15202,Lo Fidelity Allstars
15203,Lo'Jo
15204,LoFi Waiter
15205,LoFinga
15206,LoFoxy
15207,Loadstar
15208,Loathe
15209,Lobby Lingu!n!
15210,Lobo
15211,Lobão
15212,Local H
15213,LocateEmilio
15214,Lock Up
15215,Lockdown
15216,Locked Club
15217,Lockport Township High School Wind Symphony
15218,Locnville
15219,Loco
15220,Loco Dice
15221,Loess
15222,Lofi By Swattrex
15223,Lofi Person
15224,Lofi Temptation
15225,Logic
15226,Logistics
15227,Logri
15228,Lokanath Sugum
15229,Lokel
15230,Lokier
15231,Lola Indigo
15232,Lola Le Lann
15233,Lola Ponce
15234,Lolla Sales
15235,Lollies
15236,Lollypop Lorry
15237,Lolô
15238,Lom-C
15239,Lomepal
15240,Lomoplay
15241,London After Midnight
15242,London Early Opera
15243,London Elektricity
15244,London Grammar
15245,London Mozart Players
15246,London Orchestra
15247,London Philharmonic Orchestra
15248,London Session Orchestra
15249,London Sinfonietta
15250,London Symphony Chorus
15251,London Symphony Orchestra
15252,London Thor
15253,London Virtuosi
15254,London Wind Soloists
15255,Lonely God
15256,Lonely Night
15257,Lonely Spring
15258,Lonely The Brave
15259,Lonely in the Rain
15260,Lonesome River Band
15261,Lonesome Wyatt and the Holy Spooks
15262,Lonestar
15263,Long Beach Dub Allstars
15264,Long Shot Party
15265,Longus Mongus
15266,Longview
15267,LooLoo Kids
15268,Lookas
15269,Loopable
15270,Loopable Rain Sounds
15271,Loose Ends
15272,Loosefingers
15273,Loot Fattig
15274,Loote
15275,Lopamudra Mitra
15276,Loquillo
15277,Loquillo Y Los Trogloditas
15278,Lord Belial
15279,Lord Folter
15280,Lord Huron
15281,Lord Of The Lost
15282,Lordi
15283,Lords Of Acid
15284,Lords Of The New Church
15285,Lords Of The Underground
15286,Lordson Antony
15287,Loredana Bertè
15288,Loreen
15289,Lorelle Paredes
15290,Loren Allred
15291,Loren Gray
15292,Lorena Chaves
15293,Lorena Fernández
15294,Lorenz Büffel
15295,Lorenza Borrani
15296,Lorenzo
15297,Lorenzo Di Martino
15298,Lorenzo Fiore
15299,Lorenzo Gorli
15300,Loretta Lynn
15301,Lorhann
15302,Lori
15303,Lori Mechem
15304,Lori Meyers
15305,Lori Wilner
15306,Lorin Maazel
15307,Lorna
15308,Lorna King
15309,Lorne
15310,Lorne Balfe
15311,Los 4
15312,Los Abuelos De La Nada
15313,Los Amigos Invisibles
15314,Los Amores Recientes
15315,Los Angeles Philharmonic
15316,Los Antiguos
15317,Los Apson
15318,Los Apson Boys
15319,Los Apus
15320,Los Auténticos Decadentes
15321,Los Baby's
15322,Los Benders
15323,Los Blanco
15324,Los Blue Caps
15325,Los Brios
15326,Los Bunkers
15327,Los Caballeros De La Quema
15328,Los Cadillac's
15329,Los Cafres
15330,Los Caligaris
15331,Los Camisas Negras
15332,Los Celestinos
15333,Los Chicanos
15334,Los Chijuas
15335,Los Churumbeles De España
15336,Los Cinco Latinos
15337,Los Corazones Solitarios
15338,Los Crazy Boys
15339,Los Crudos
15340,Los Cuatro Soles
15341,Los Cubanos
15342,Los Daniels
15343,Los De Abajo
15344,Los Delinquentes
15345,Los Diabólicos
15346,Los Dinner's
15347,Los Enanitos Verdes
15348,Los Estramboticos
15349,Los Ex
15350,Los Fabulosos Cadillacs
15351,Los Freddy's
15352,Los Fredy´s
15353,Los Freneticos Del Ritmo
15354,Los Gardelitos
15355,Los Gatos Negros
15356,Los Gliders
15357,Los Hermanos
15358,Los Hermanos Campos
15359,Los Hermanos Carrion
15360,Los Hermanos Lopez
15361,Los Hitters
15362,Los Hnos. Carrión
15363,Los Hooligans
15364,Los Indios Tacunau
15365,Los Intocables
15366,Los Johnny Jets
15367,Los Juniors
15368,Los KK
15369,Los Korucos
15370,Los Legendarios
15371,Los Llopis
15372,Los Locos Del Ritmo
15373,Los Loud Jets
15374,Los Látigos
15375,Los Master's
15376,Los Matematicos
15377,Los Melódicos
15378,Los Mendoza
15379,Los Miserables
15380,Los Mitos
15381,Los Moonlights
15382,Los Muchachos De Antes
15383,Los Muertos de Cristo
15384,Los Nastys
15385,Los Ovnis
15386,Los Panchos
15387,Los Pandilleros
15388,Los Pasteles Verdes
15389,Los Peores De Chile
15390,Los Pericos
15391,Los Perlas
15392,Los Piojos
15393,Los Piratas
15394,Los Pirañas
15395,Los Planetas
15396,Los Poetas De La Guitarra
15397,Los Polifaceticos
15398,Los Primos MX
15399,Los Prisioneros
15400,Los Punsetes
15401,Los Rebeldes Del Rock
15402,Los Rebujitos
15403,Los Reno
15404,Los Retros
15405,Los Reyes Del Tango
15406,Los Rodriguez
15407,Los Rogers
15408,Los Roller's
15409,Los Românticos De La Noche
15410,Los Ronaldos
15411,Los Rude Boys
15412,Los Saylors
15413,Los Sebosos Postizos
15414,Los Secretos
15415,Los Shadows
15416,Los Sinners
15417,Los Skarnales
15418,Los Sleepers
15419,Los Soberanos
15420,Los Solistas
15421,Los Solitarios
15422,Los Sonor's
15423,Los Strwck
15424,Los Superclasicos
15425,Los Suruba
15426,Los Tecolines
15427,Los Teen Tops
15428,Los Tiki Phantoms
15429,Los Tipitos
15430,Los Traviesos
15431,Los Tres Caballeros
15432,Los Trovadores del Peru
15433,Los Tukas
15434,Los Twist
15435,Los Vaguens
15436,Los Van Van
15437,Los Victorios
15438,Los Xochimilcas
15439,Los Yaki
15440,Los Yorsy's
15441,Los Ávila Boys
15442,Lossapardo
15443,Lost Boyz
15444,Lost Dreamers
15445,Lost Fables
15446,Lost Frequencies
15447,Lost Kids
15448,Lost Sky
15449,Lost Stories
15450,Lostboycrow
15451,Lothika
15452,Lotta Engberg
15453,Lotte Kestner
15454,Lottie Jones
15455,Lou Ann Price
15456,Lou Bega
15457,Lou Diamond Phillips
15458,Lou Elliotte
15459,Lou Lou Gehlickhani
15460,Lou Lou Ghelickhani
15461,Lou Rawls
15462,Lou Reed
15463,Louane
15464,Loubet
15465,Louchie Lou
15466,Loud
15467,Loud Luxury
15468,Louderbach
15469,Louie Anderson
15470,Louie Cut
15471,Louie Vega
15472,Louie Vito
15473,Louis & Clark
15474,Louis Armstrong
15475,Louis Capone
15476,Louis Chedid
15477,Louis Frémaux
15478,Louis III
15479,Louis Jordan & His Tympany Five
15480,Louis Katz
15481,Louis Koo
15482,Louis Mattrs
15483,Louis Pascal
15484,Louis Prima
15485,Louis Soliano
15486,Louis The Child
15487,Louis Theroux
15488,Louis Tomlinson
15489,Louis Vivet
15490,Louisa Bass
15491,Louisa Fuller
15492,Louisa Johnson
15493,Louisahhh
15494,Louise Attaque
15495,Louise Bush
15496,Louise Hoffsten
15497,Louise Norby
15498,Louise Rademakers
15499,Loulou Players
15500,Lounge Covers Culture Of Popular Songs
15501,Lourena
15502,Lourenco & Lourival
15503,Louro Santos & Forró da Malagueta
15504,Louverture
15505,Louyah
15506,Lov1
15507,Lovage
15508,Love
15509,Love Falk
15510,Love Funk
15511,Love Star Music
15512,Love Unlimited
15513,Love and Rockets
15514,Love of Lesbian
15515,Love to Sing
15516,LoveJSan
15517,Loveless
15518,Lovely Rascals
15519,Loverboy
15520,Lovespeake
15521,Loving
15522,Low
15523,Low Steppa
15524,Low-E
15525,Lowell
15526,Lowell Lo
15527,Lowell Pye
15528,Lower Than Atlantis
15529,Lowswimmer
15530,Lox Chatterbox
15531,Loy
15532,Loy Mendonsa
15533,Loyal
15534,Loyla Lo
15535,Loyle Carner
15536,Loé
15537,Ls Jack
15538,Lstn
15539,Lt. Stitchie
15540,Lu Han
15541,Luamarte
15542,Luan
15543,Luan Estilizado
15544,Luan Otten
15545,Luan Pereira
15546,Luan Santana
15547,Luana Berti
15548,Luana Kiara
15549,Luar La L
15550,Luc Delvaux
15551,Luca
15552,Luca Bocci
15553,Luca Brasi
15554,Luca Debonaire
15555,Luca Lee Josh
15556,Luca Perra
15557,Luca Vieri
15558,Luca Ward
15559,Lucas & Steve
15560,Lucas Cervetti
15561,Lucas Estrada
15562,Lucas Lima
15563,Lucas Lomholt Eriksen
15564,Lucas Lucco
15565,Lucas Marx
15566,Lucas Morato
15567,Lucas Nord
15568,Lucas Nunes
15569,Lucas Reis & Thácio
15570,Lucas Reis & Tácio
15571,Lucas Silveira
15572,LucasPianoRoom
15573,Lucca e Mateus
15574,Luccas Carlos
15575,Lucenzo
15576,Lucho Argain
15577,Lucho Bermúdez
15578,Lucia Guiada
15579,Luciana
15580,Luciana Mello
15581,Luciano
15582,Luciano Becker
15583,Luciano Claw
15584,Luciano Maia
15585,Luciano Pavarotti
15586,Luciano Pereyra
15587,Lucid
15588,Lucifer
15589,Lucii
15590,Lucile Tessier
15591,Lucille Croft
15592,Lucio Demare
15593,Lucio101
15594,Lucius
15595,Lucky Ali
15596,Lucky Daye
15597,Lucky Lou
15598,Lucky Luke
15599,Lucky Peterson
15600,Lucky Rabbit
15601,Lucrezia Cesari
15602,Lucus
15603,Lucy Dacus
15604,Lucy Gould
15605,Lucy Kitchen
15606,Lucy Rose
15607,Lucybell
15608,Ludacris
15609,Ludmila Ferber
15610,Ludomir
15611,Ludovico Einaudi
15612,Ludovico Minasi
15613,Ludovico Technique
15614,Ludwig Hoffmann
15615,Ludwig van Beethoven
15616,Luedji Luna
15617,Lugatti
15618,Lugatti & 9ine
15619,Lugnet före stormen
15620,Lui Joseph
15621,Luidji
15622,Luigi Ferrari
15623,Luigi Ferro
15624,Luigi Madonna
15625,Luigi Ramirez
15626,Luigi Roni
15627,Luigi Society
15628,Luigi Texidor
15629,Luis Aguile
15630,Luis Alberto Ambrosio Cuque
15631,Luis Alberto Spinetta
15632,Luis Alfonso Partida El Yaki
15633,"Luis Angel ""El Flaco"""
15634,Luis Arcaraz Y Su Orquesta
15635,Luis Berra
15636,Luis Cobos
15637,Luis Eduardo Aute
15638,Luis Enrique
15639,Luis Figueroa
15640,Luis Fonsi
15641,Luis Humberto Navejas
15642,Luis Lambis
15643,Luis Mosqueda y los Roller's
15644,Luis Perez Canabal
15645,Luis Pescetti
15646,Luis Rodriguez
15647,Luis Salinas
15648,Luis Ángel Gómez Jaramillo
15649,Luisa Amogida
15650,Luise Edeiken
15651,Luise Lunow
15652,Luisito Ayala Y La Puerto Rican Power
15653,Luisito Carrion
15654,Luismi
15655,Luiz Arcanjo
15656,Luiz Ayrao
15657,Luiz Bonfá
15658,Luiz Carlos
15659,Luiz De Carvalho
15660,Luiz Gonzaga
15661,Luiz Henrique e Leo
15662,Luiz Lins
15663,Luiz Melodia
15664,Luiza Possi
15665,Luizinho Calixto
15666,Lujipeka
15667,Luka Rosi
15668,Lukas Agustinho
15669,Lukas Freudenberger
15670,Lukas Graham
15671,Lukas Rossi
15672,Lukas Vane
15673,"Lukas, Der Rapper"
15674,Luke
15675,Luke Abbott
15676,Luke Bingham
15677,Luke Bryan
15678,Luke Chiang
15679,Luke Combs
15680,Luke Evans
15681,Luke Howard
15682,Luke K
15683,Luke Marzec
15684,Luke Sital-Singh
15685,Luke Solomon
15686,Luke Vibert
15687,Luke Woodapple
15688,Lula
15689,Lullabies
15690,Lullabies for Deep Meditation
15691,Lullaby Babies
15692,Lullaby Land
15693,Lullabyes
15694,Lulleaux
15695,Lulu
15696,Lulu Santos
15697,LulunaRina
15698,Luma
15699,Luma Elpidio
15700,Lumaraa
15701,Lumber
15702,Lumi Couri
15703,Luminite
15704,Luminn
15705,Luna
15706,Luna Bauer
15707,Luna Goami
15708,Luna Haruna
15709,Luna Li
15710,Luna Semara
15711,Luna Stars
15712,Lunachicks
15713,Lunar Vacation
15714,Lunatic Calm
15715,Lunatic Soul
15716,Lunay
15717,Lund
15718,Lung
15719,Lunis
15720,Luniz
15721,Luny Tunes
15722,Lupa
15723,Lupe Esparza
15724,Lupe Sinsonte
15725,Lupillo Rivera
15726,Lupita Palomera
15727,Lusaint
15728,Lush & Simon
15729,Lushington
15730,Lusil
15731,Lusine
15732,Lust
15733,Lutan Fyah
15734,Luther
15735,Luther Allison
15736,Luther Vandross
15737,Luv Resval
15738,Luvaboy Tj
15739,Luvli
15740,Luxian
15741,Luxtorpeda
15742,Luxtreme
15743,Luz
15744,Luz Casal
15745,Luê
15746,Luísa Nascim
15747,Luísa Sonza
15748,Luísa e os Alquimistas
15749,Luíza & Maurílio
15750,Lvbel C5
15751,Lvcky Fem
15752,Lvne
15753,Lxst
15754,Lyan
15755,Lyanno
15756,Lyde
15757,Lydia Barnes
15758,Lydia Moisés
15759,Lykke Li
15760,Lyla Foy
15761,Lyle Lovett
15762,Lyn Lapid
15763,Lynda
15764,Lynda Lemay
15765,Lynk Lee
15766,Lynn Miller
15767,Lynyrd Skynyrd
15768,Lyres
15769,Lyrikal
15770,Lyrikk Dion
15771,Lyse
15772,Lyudmila Zykina
15773,LØLØ
15774,Léa Corbelin
15775,Léo & Raphael
15776,Léo Brandão
15777,Léo Casa 1
15778,Léo Delibes
15779,Léo Magalhães
15780,Lérica
15781,Lévon Minassian
15782,Lílian Pinto
15783,Líom
15784,Lívia Gavazzi
15785,Lóránt Najbauer
15786,Lörihen
15787,LöstFolk
15788,Lúc
15789,Lúcio Maia
15790,Lützenkirchen
15791,M
15792,M T F
15793,M-22
15794,M-BAND
15795,M-Beat
15796,M-Clan
15797,M. Balamuralikrishna
15798,M. Doc
15799,M. G. Sreekumar
15800,M. K. Thyagaraja Bhagavathar
15801,M. L. Vasanthakumari
15802,M. M. Keeravani
15803,M. M. Manasi
15804,M. S. Subbulakshmi
15805,M. Terrel
15806,M. Ward
15807,M. Yardley
15808,M.A.G.S.
15809,M.A.N.D.Y.
15810,M.BRONX
15811,M.D
15812,M.E.R.S
15813,M.H.R
15814,M.I.A.
15815,M.I.L.K.
15816,M.I.M.E
15817,M.M. Manasi
15818,M.O.P.
15819,M.O.S.
15820,M.S Krsna
15821,M3B
15822,M83
15823,MAACHINEN
15824,MACABRE
15825,MADERR
15826,MADI
15827,MADKID
15828,MAGIC
15829,MAGIC!
15830,MAGICMINT
15831,MAGNAVOLT
15832,MAGNUS
15833,MAI LAN
15834,MAISONdes
15835,MAJAN
15836,MAKJ
15837,MALFNKTION
15838,MALIQ & D'Essentials
15839,MAMAMOO
15840,MAN WITH A MISSION
15841,MANASI PAREKH GOHIL
15842,MANILA GREY
15843,MAR ABERTO
15844,MARAUDA
15845,MARF
15846,MARIAH
15847,MARINA
15848,MARLENA
15849,MASN
15850,MASTERIA
15851,MATHINVOKER
15852,MATTN
15853,MAU
15854,MAW
15855,MAX
15856,MAXIMUM THE HORMONE
15857,MAYUMI SUZUKI
15858,MBNN
15859,MBW
15860,MC
15861,MC 3L
15862,MC 900 Ft. Jesus
15863,MC Activate
15864,MC Alee
15865,MC Altaf
15866,MC André DK
15867,MC Arraia
15868,MC B-Live
15869,MC BHS
15870,MC BN
15871,MC Bassman
15872,MC Bomber
15873,MC Braian
15874,MC Bruninho
15875,MC Bruno MS
15876,MC CH da Z.O
15877,MC Cabelinho
15878,MC Caja
15879,MC Cassiano
15880,MC Caverinha
15881,MC Cebezinho
15882,MC Chickaboo
15883,MC Conrad
15884,MC Couper
15885,MC Creature
15886,MC D
15887,MC Dash
15888,MC Davo
15889,MC Diesel
15890,MC Fahah
15891,MC Fats
15892,MC Fioti
15893,MC Fireworks
15894,MC Flo
15895,MC Focus
15896,MC G10
15897,MC GH MAGRÃO
15898,MC GP
15899,MC Garoto
15900,MC Gedai
15901,MC Gee
15902,MC Ghost
15903,MC Gui Andrade
15904,MC Gui Gomes
15905,MC Guime
15906,MC Gury
15907,MC Guto VGS
15908,MC Hariel
15909,MC Harry
15910,MC HotDog
15911,MC Igu
15912,MC Iguinho da Capital
15913,MC Igão
15914,MC Ingryd
15915,MC JSP
15916,MC Jeff
15917,MC Joe
15918,MC Joãozinho VT
15919,MC Julio D.E.R.
15920,MC Kaique da VP
15921,MC Kapela
15922,MC Kevin o Chris
15923,MC Kevinho
15924,MC Koringa
15925,MC L da Vinte
15926,MC Lemos
15927,MC Leozinho
15928,MC Leozinho ZS
15929,MC Letto
15930,MC Levin
15931,MC Liro
15932,MC Livid
15933,MC Lon
15934,MC Luan da BS
15935,MC Lucks
15936,MC Lugu
15937,MC Lyte
15938,MC MENOR MT
15939,MC MK DA ZL
15940,MC MN
15941,MC Maneirinho
15942,MC Marcinho
15943,MC Marks
15944,MC Mazzie
15945,MC Meno Dani
15946,MC Meno K
15947,MC Menor da VG
15948,MC Murilo MT
15949,MC Mushti
15950,MC Myres
15951,MC NAHARA
15952,MC Navigator
15953,MC Neguinho BDP
15954,MC Neguinho R
15955,MC Neguinho do Kaxeta
15956,MC PH
15957,MC Paulin da Capital
15958,MC Piri
15959,MC Pê Original
15960,MC Qiru
15961,MC RN do Capão
15962,MC Rage
15963,MC Raise
15964,MC Remsy
15965,MC Ren
15966,MC Rhamon
15967,MC Rick
15968,MC Riddle
15969,MC Rkosta
15970,MC Robs
15971,MC Rodolfinho
15972,MC Rodrigo do CN
15973,MC Roga
15974,MC Roger
15975,MC Rogerinho
15976,MC Ryan GF
15977,MC Ryan SP
15978,MC Ryme Tyme
15979,MC SQUARE
15980,MC STAN
15981,MC Saci
15982,MC Salo
15983,MC Spyda
15984,MC Storm
15985,MC Stretch
15986,MC Syco
15987,MC Synergy
15988,MC Syze
15989,MC Teteu
15990,MC Tinho da Sul
15991,MC Torugo
15992,MC Tuto
15993,MC V7
15994,MC Vickey
15995,MC Vine7
15996,MC Vinny
15997,MC Virgins
15998,MC Vitinho Jóia
15999,MC WORLD
16000,MC Whizzkid
16001,MC 張天賦
16002,MD III
16003,MD X-Spress
16004,MDB
16005,MDFMK
16006,MDZN
16007,MEDEIA
16008,MEDUZA
16009,MEDZ
16010,MELER
16011,MELOLIFE
16012,MEMBA
16013,MERO
16014,MERYLL
16015,MEUTE
16016,MEYSTA
16017,MF DOOM
16018,MFÖ
16019,MGMT
16020,MHD
16021,MHRAP
16022,MIDNIGHT CVLT
16023,MIGI
16024,MIKTEK
16025,MILES
16026,MILLENNIAL
16027,MINO
16028,MIRAMAR
16029,MISAEL
16030,MISSIN
16031,MISSIO
16032,MIST
16033,MIVAS
16034,MIYA MIYA
16035,MIYAVI
16036,MJ
16037,MJ Cole
16038,MJ Rodriguez
16039,MK
16040,MK Balaji
16041,MKAY
16042,MKDN
16043,MKII
16044,MKJ
16045,MKLA
16046,MKTO
16047,ML3V LLC
16048,MMOTHS
16049,MNEK
16050,MOD SUN
16051,MOELLE
16052,MOGUAI
16053,MOLY
16054,MOMOLAND
16055,MONGOL800
16056,MOONBOY
16057,MORADA
16058,MORGAN
16059,MORIAH
16060,MORIS BLAK
16061,MORTEN
16062,MOSHIMO
16063,MOSKA
16064,MOSSS
16065,MOTHICA
16066,MOTi
16067,MOVER
16068,MOYA
16069,MPB4
16070,MPL
16071,MR TOUT LE MONDE
16072,MRC
16073,MRK1
16074,MRVLZ
16075,MTK
16076,MTZx
16077,MU330
16078,MULAMBA
16079,MUNICH MONSTRS
16080,MUSASHI PROJECT
16081,MUZZ
16082,MV Bill
16083,MVRDA
16084,MVSE
16085,MVTATE
16086,MXMS
16087,MY FIRST STORY
16088,MY M8 JAY
16089,MYKKA
16090,MYKOOL
16091,MYLK
16092,MYRNE
16093,MYST
16094,MZ
16095,MZKA
16096,MaRLo
16097,Maanam
16098,Maanu
16099,Maarten de Jong
16100,Maasho
16101,Maati Baani
16102,Mabel
16103,Mabel Matiz
16104,Maberry
16105,Mac & Ward
16106,Mac Ayres
16107,Mac DeMarco
16108,Mac Lawlor
16109,Mac Miller
16110,Mac Wiseman
16111,Macaco
16112,Macaroni Empitsu
16113,Maceo Plex
16114,Macha Y El Bloque Depresivo
16115,Machel Montano
16116,Machetazo
16117,Machine Girl
16118,Machine Gun Kelly
16119,Machine Head
16120,Machine Series
16121,Machinedrum
16122,Machines Of Loving Grace
16123,Machuca
16124,Maciej Stuhr
16125,Maciej Taff
16126,Maciel Melo
16127,Mack 10
16128,Mack David
16129,Macka B
16130,Macka Diamond
16131,Mackie
16132,Macklemore
16133,Mackned
16134,Macks Wolf
16135,Macky Gee
16136,Macy Gray
16137,Mad B
16138,Mad Caddies
16139,Mad Cobra
16140,Mad Dog
16141,Mad Maxx
16142,Mad Monk
16143,Mad Professor
16144,Mad Season
16145,Mad Tribe
16146,Mad Tsai
16147,Madalen Duke
16148,Madame Buttons
16149,Madan Mohan
16150,Madben
16151,Maddie & Tae
16152,Maddix
16153,Made In Brazil
16154,Made in M
16155,MadeInParis
16156,Madeleine Doherty
16157,Madeleine Peyroux
16158,Madeline
16159,Madeline The Person
16160,Madelyn Berry
16161,Madelyn Darling
16162,Madelyn Grant
16163,Mademoiselle K
16164,Madeon
16165,Madhu Balakrishnan
16166,Madhubanti Bagchi
16167,Madhumitha
16168,Madhur Sharma
16169,Madhushree
16170,Madhusree
16171,Madi Diaz
16172,Madism
16173,Madison Beer
16174,Madison Cunningham
16175,Madison Mars
16176,Madness
16177,Madoc
16178,Madonna
16179,Madrigal
16180,Madson Project.
16181,Maduk
16182,Madumane
16183,Madurai Somasundaram
16184,Madurai Soulijos
16185,Madwave
16186,Madysyn
16187,Mae
16188,Mae Ji-Yoon
16189,Mae Muller
16190,Maegan Cottone
16191,Maelo Ruiz
16192,Maestro
16193,Maestro Tiquinho
16194,Maestros de musica de la meditacion
16195,Maffio
16196,Mafia Spartiate
16197,Maga
16198,Maga Bo
16199,Magaly Solier
16200,Magazine
16201,Magda
16202,Magda Amara
16203,Magda Niewińska
16204,Magdalena
16205,Magdalena Fleitas
16206,Magdalena Hoffmann
16207,Magdalena Wasylik
16208,Magdaléna Hajóssyová
16209,Magestick Records
16210,Maggie Reilly
16211,Maggie Rogers
16212,Magia
16213,Magic
16214,Magic One
16215,Magic Piano Covers
16216,Magic System
16217,Magik Band
16218,Magik UK
16219,Maglore
16220,Magn Us
16221,Magneto
16222,Magnitude
16223,Magnus Frykberg
16224,Magnus Johansson
16225,Magnus Uggla
16226,Magníficos
16227,Magrudergrind
16228,Mags
16229,Magsy
16230,Mahal Pita
16231,Mahalakshmi Iyer
16232,Mahalia
16233,Mahalo
16234,Maharajan
16235,Mahathi
16236,Mahdyar
16237,Mahesh Raghvan
16238,Mahesh Vinayakram
16239,Mahmut Orhan
16240,Maho G
16241,Mahom
16242,Maia Wright
16243,Maiara & Maraisa
16244,Maidwell
16245,Maikcel
16246,Maikel Delacalle
16247,Maikki
16248,Maikkis
16249,Mainstreet
16250,Maire Brennan
16251,Mairead Nesbitt
16252,Maisie Peters
16253,Maite Hontelé
16254,Maite Kelly
16255,Maite Perroni
16256,Maiza
16257,Maj Majid
16258,Maja Shining
16259,Majestic
16260,Majid Jordan
16261,Majii
16262,Majki
16263,Majoe
16264,Major C
16265,Major Lazer
16266,Major League Djz
16267,Major RD
16268,Major7
16269,Makalister
16270,Makano
16271,Makaveli
16272,Makavelli
16273,Make Them Die Slowly
16274,Make Them Suffer
16275,Makedah
16276,Makenzie Rains
16277,Makhov Russian Folk Instruments Orchestra
16278,Maki Nomiya
16279,Maki Ohguro
16280,Makiko Takeda
16281,Makina Loca
16282,Mako
16283,Makoto
16284,Makrobeat
16285,Maksim Dark
16286,Maksym Rzemiński
16287,Mala Lexe
16288,Mala Rodríguez
16289,Malaa
16290,Malandra Jr.
16291,Malavika Anilkumar
16292,Malaysia Vasudevan
16293,Malbec
16294,Malcolm Duncan
16295,Malcolm McLaren
16296,Malcolm Yelvington
16297,Maldita Nerea
16298,Maldita Vecindad Y Los Hijos Del 5to. Patio
16299,Maldy
16300,Male Ancestors
16301,Male Ensemble
16302,Maleek Berry
16303,Malena Ernman
16304,Malena Maria
16305,Malena Muyala
16306,Malene Nordtorp
16307,Malente
16308,Malevolence
16309,Mali
16310,Mali Green
16311,Malia Conde
16312,Malibu
16313,Malice
16314,Malie Donn
16315,Malik Djoudi
16316,Malik Dub
16317,Malik Hart
16318,Malik Jeremiassen
16319,Malika
16320,Malikk
16321,Malin Brown
16322,Malini
16323,Malini Awasthi
16324,Malito Malozo
16325,Malkudi Subha
16326,Malla 100 Alça
16327,Malladi Brothers
16328,Malle Anja
16329,Mallorca Allstars
16330,Mallorca Cowboys
16331,Malmö 040
16332,Malmö Symphony Orchestra
16333,Malon
16334,Malone
16335,Malou
16336,Malt
16337,Maluma
16338,Malwina Jachowicz
16339,Malía
16340,Malú
16341,Mama Gecko
16342,Mamani Keïta
16343,Mambakid
16344,Mambalam Sisters
16345,Mambo Kingz
16346,Mame Khan
16347,Mammoth Grinder
16348,Mamonas Assassinas
16349,Mampi Swift
16350,Mamta Sharma
16351,Man
16352,Man Cub
16353,Man Is The Bastard
16354,Manal
16355,Manan Bhardwaj
16356,Manas Roy
16357,Mance Lipscomb
16358,Mancha De Rolando
16359,Manchester Camerata
16360,Mandala (UK)
16361,Mandelbarth
16362,Mando Diao
16363,Mandragora
16364,Mandrill
16365,Mandy
16366,Mandy Gonzalez
16367,Mandy Patinkin
16368,Maneesh de Moor
16369,Maneli Jamal
16370,Manes
16371,Manes del asis
16372,Maneva
16373,Manfred Mann
16374,Manfred Mann's Earth Band
16375,Mangal Suvarnan
16376,Manger Cadavre?
16377,Mangli
16378,Mango
16379,MangoLab
16380,Mangoo
16381,Manhar Udhas
16382,Mani Neumeier
16383,Mani Obeya
16384,Manik Varma
16385,Manik Zidan Gaschina
16386,Manikka Vinayagam
16387,Manila Killa
16388,Manim Vaqueiro
16389,Maninder Buttar
16390,Manish J. Tipu
16391,Manizha
16392,Manj Musik
16393,Manjari
16394,Manjeet Ral
16395,Manjit Singh
16396,Manjul Khattar
16397,Mankirt Aulakh
16398,Mann Taneja
16399,Mannequin Pussy
16400,Manni Manta
16401,Manni Sandhu
16402,Manny Montes
16403,Mano
16404,Mano Brown
16405,Mano Fler
16406,Mano Le Tough
16407,Mano Walter
16408,Mano fler
16409,Manoel Cordeiro
16410,Manoella Torres
16411,Manoj Muntashir
16412,Manolakas
16413,Manolito y Su Trabuco
16414,Manolo Garcia
16415,Manolo Lezcano
16416,Manolo Muñoz
16417,Manowar
16418,Mansfield Wind Symphony
16419,Mansfield.TYA
16420,Mansheel Gujral
16421,Mansij
16422,Mansionair
16423,Mantra Deva
16424,Mantra para Dormir
16425,Mantu Chhuria
16426,Manu Dibango
16427,Manu Gavassi
16428,Manudigital
16429,Manuel Blanco
16430,Manuel Carrasco
16431,Manuel Esperón
16432,Manuel García
16433,Manuel Herrera
16434,Manuel Medrano
16435,Manuel Moretti
16436,Manuel Quieto
16437,Manuel Riva
16438,Manuel Silva
16439,Manuel Straube
16440,Manuel Turizo
16441,Manuela Villa
16442,Manuelcha Prado
16443,Manutti
16444,Manuş Baba
16445,ManyFew
16446,Mao Fujita
16447,Maoli
16448,Maor Levi
16449,Mapei
16450,Maquiny
16451,MarVixx
16452,Mara Carlyle
16453,Mara Lima
16454,Mara Pavanelly
16455,Mara TK
16456,Maraca
16457,Maragadhamani
16458,Marambá
16459,Maranatha! Kids
16460,Maratone
16461,Marc (Dorian)
16462,Marc Acardipane
16463,Marc Almond
16464,Marc Anthony
16465,Marc Benjamin
16466,Marc Broussard
16467,Marc DePulse
16468,Marc Deal
16469,Marc Holland
16470,Marc Kinchen
16471,Marc Maron
16472,Marc Minkowski
16473,Marc Philippe
16474,Marc Pircher
16475,Marc Pociello
16476,Marc Ribot
16477,Marc Ribot y Los Cubanos
16478,Marc Romboy
16479,Marc Seguí
16480,Marc Streitenfeld
16481,Marc Vitantonio
16482,Marc Wavy
16483,Marcel Depuis
16484,Marcel Dettmann
16485,Marcel Fengler
16486,Marcel Smit
16487,Marcela Viejo
16488,Marcelinho Da Lua
16489,Marcello Rota
16490,Marcello Viotti
16491,Marcellus Pittman
16492,Marcelo Aguiar
16493,Marcelo Bonfá
16494,Marcelo Coutinho
16495,Marcelo D2
16496,Marcelo Falcão
16497,Marcelo Markes
16498,Marcelo Nova
16499,Marcia Griffiths
16500,Marcianeke
16501,Marciano Cantero
16502,Marcin Franc
16503,Marcin Januszkiewicz
16504,Marcin Miller
16505,Marcin Mrozinski
16506,Marcin Siegienczuk
16507,Marcio Seixas
16508,Marco Ambrosini
16509,Marco Antonio Muñiz
16510,Marco Antonio Solís
16511,Marco Antonio Vázquez
16512,Marco Borsato
16513,Marco Brasil Filho
16514,Marco Carola
16515,Marco Decimo
16516,Marco Faraone
16517,Marco Flores Y La Jerez
16518,Marco Fonktana
16519,Marco Foster
16520,Marco Kloss
16521,Marco Kraats
16522,Marco Luka
16523,Marco Minnemann
16524,Marco Mzee
16525,Marco Oostra
16526,Marco Wagner
16527,Marconi Union
16528,Marcos & Belutti
16529,Marcos Almeida
16530,Marcos Antônio
16531,Marcos Brunet
16532,Marcos Freire
16533,Marcos do Pifano e João do Pife
16534,Marcus
16535,Marcus Alexander
16536,Marcus Bosch
16537,Marcus Cardello
16538,Marcus Creed
16539,Marcus Layton
16540,Marcus Neville
16541,Marcus Salles
16542,Marcus. M
16543,Marcy Chin
16544,Marcy Playground
16545,Marcynho Sensação
16546,Marduk
16547,Marea
16548,Marek Bois
16549,Marek Hemmann
16550,Marek Ztraceny
16551,Maren Morris
16552,Mares
16553,Maretu
16554,Margaret Cho
16555,Margaret Keys
16556,Margareth Menezes
16557,Margaretha Zorbala
16558,Margarita
16559,Margarita Siempre Viva
16560,Margarita la diosa de la cumbia
16561,Margherita Rinaldi
16562,Margie Singleton
16563,Marginal Supply
16564,Margret
16565,Mari Borges
16566,Mari Fernandez
16567,Mari Kattman
16568,Mari Samuelsen
16569,Maria Alexis Rodriguez
16570,Maria Becerra
16571,Maria Bethânia
16572,Maria Brink
16573,Maria Callas
16574,Maria Cristina Brancucci
16575,Maria Del Mar Fernandez
16576,Maria Del Sol
16577,Maria Dragoni
16578,Maria Gadú
16579,Maria Grazia Bellocchio
16580,Maria Graña
16581,Maria Haukaas Mittet
16582,Maria Jane Smith
16583,Maria João Pires
16584,Maria Lucia
16585,Maria Maksakova
16586,Maria Nayler
16587,Maria Rita
16588,Maria Rita / 1134893
16589,Maria Rosalino Osorio
16590,Maria Vilani
16591,Maria Ylipää
16592,Mariachi Mexico
16593,Mariah Angeliq
16594,Mariah Carey
16595,Mariah Denaro
16596,Mariah Rose Faith
16597,Mariah Santos
16598,Mariana Aydar
16599,Mariana BO
16600,Mariana Cavanellas
16601,Mariana Fagundes
16602,Mariana Nolasco
16603,Mariana Priego
16604,Mariana Seoane
16605,Mariana Valadão
16606,Marianne D'Cruz
16607,Marianne D'cruz Aiman
16608,Marianne Faithfull
16609,Mariano Barba
16610,Mariano Leyes
16611,Mariano Mores
16612,Mariano Perez
16613,Maribou State
16614,Marie Angerer
16615,Marie Antoinette (Original Soundtrack)
16616,Marie Fredriksson
16617,Marie Protivová
16618,Marie Wegener
16619,Marie-Flore
16620,Marie-Hélène Conan
16621,Marie-Noëlle Lemapihan
16622,Marie-Thérèse Grisenti
16623,Marielle Labèque
16624,Marieme
16625,Mariene De Castro
16626,Mariinsky Chorus
16627,Mariinsky Orchestra
16628,Marija Juliette Abney
16629,Marika Hackman
16630,Marika Takeuchi
16631,Marilina Bertoldi
16632,Marilyn Horne
16633,Marilyn Manson
16634,Marin Alsop
16635,Marin Mazzie
16636,Marina De Oliveira
16637,Marina Fages
16638,Marina Herlop
16639,Marina Kaye
16640,Marina Lima
16641,Marina Quaisse
16642,Marina Sena
16643,Marine Friesen
16644,Marinella Necchi
16645,Marino Canal
16646,Mario Altamirano and A.N.I.M.A.L.
16647,Mario Bradley
16648,Mario Bustos
16649,Mario Cantone
16650,Mario Cobo
16651,Mario Frangoulis
16652,Mario Lanza
16653,Mario Ochoa
16654,Mario Pintor
16655,Mario del Monaco
16656,Marion Cotillard
16657,Marioso
16658,Maris Racal
16659,Marisa Monte
16660,Marisa Orth
16661,Marissa
16662,Marissa Jaret Winokur
16663,Marius Clarén
16664,Mariya Takeuchi
16665,Mariza Rizou
16666,Marizu
16667,Mariá Pinkusfeld
16668,Marjorie Hughes
16669,Mark & Sarah Tillman
16670,Mark 'Oh
16671,Mark 'Spike' Stent
16672,Mark Asari
16673,Mark Benson
16674,Mark Broom
16675,Mark Brymer
16676,Mark Curry
16677,Mark D. Pencil
16678,Mark Dekoda
16679,Mark Ermler
16680,Mark Evans
16681,Mark Farina
16682,Mark Force
16683,Mark Forster
16684,Mark Foster
16685,Mark Grant
16686,Mark Jacoby
16687,Mark Klaver
16688,Mark Knight
16689,Mark Lanegan
16690,Mark Morrison
16691,Mark Northam
16692,Mark O'Connor
16693,Mark Oblea
16694,Mark Philips
16695,Mark Price
16696,Mark Ralph
16697,Mark Ronson
16698,Mark Rucker
16699,Mark Schatz
16700,Mark Seibert
16701,Mark Sixma
16702,Mark Stone
16703,Mark Syers
16704,Mark Topsecret
16705,Mark Van Dale
16706,Mark Vincent
16707,Mark Whalen
16708,Mark Wilkinson
16709,Mark With a K
16710,Markis
16711,Marko
16712,Marko Hietala
16713,Marko Letonja
16714,Marko Maunuksela
16715,Marko Stuparevic
16716,Markoolio
16717,Marksman
16718,Markus Becker
16719,Markus Krunegård
16720,Markus Richter
16721,Markus Schulz
16722,Markus Schürjann
16723,Markéta Irglová
16724,Marla Mindelle
16725,Marlee Matlin
16726,Marley Carroll
16727,Marley Chapman
16728,Marlhy
16729,Marli França
16730,Marlon
16731,Marmalade
16732,Marmi
16733,Marmy
16734,Marni Nixon
16735,Marnik
16736,Marnix Dorrestein
16737,Maroon 5
16738,Maroon Town
16739,Maroox
16740,Marquez Klamt
16741,Marquez The Greatest
16742,Marquinho Art'Samba
16743,Marquinho Sathan
16744,Marquinhos Gomes
16745,Marry
16746,Marsa Sakamoto
16747,Marsellus Pittman
16748,Marsena
16749,Marsh
16750,Marsha Ambrosius
16751,Marsha Milan Londoh
16752,Marshall Crenshaw
16753,Marshall Jefferson
16754,Marshall Masters
16755,Marshmello
16756,Marsimoto
16757,Mart'nália
16758,Marta
16759,Marta Gómez
16760,Marta Jobim
16761,Marta Sánchez
16762,Marten Hørger
16763,Marteria
16764,Martha Argerich
16765,Martha Reeves & The Vandellas
16766,Martha Tilston
16767,Marthyan
16768,Marti West
16769,Martin
16770,Martin Arteta
16771,Martin Gallop
16772,Martin Garrix
16773,Martin Ikin
16774,Martin Jalabert
16775,Martin Jensen
16776,Martin Jones
16777,Martin Landström
16778,Martin Lawrence
16779,Martin Shamoonpour
16780,Martin Short
16781,Martin Slattery
16782,Martin Solveig
16783,Martin Tillman
16784,Martin and Rose Music
16785,Martin från LOK
16786,Martina Camargo
16787,Martina McBride
16788,Martina Rudic
16789,Martina Topley-Bird
16790,Martinho Da Vila
16791,Marty Hicks
16792,Marty Longstaff
16793,Martí Perarnau IV (Mucho)
16794,Martín Podestá
16795,Maru Gomes
16796,Marvin Divine
16797,Marvin Freddy
16798,Marvin Gaye
16799,Marvin Rainwater
16800,Marvin Santiago
16801,Marvvila
16802,Mary Ann Alexander
16803,Mary Catherine Garrison
16804,Mary Costa
16805,Mary Enid Haines
16806,Mary J. Blige
16807,Mary Jane Wells
16808,Mary Lattimore
16809,Mary Lou Lord
16810,Mary Testa
16811,Mary's Blood
16812,Marz23
16813,María Barracuda
16814,María Caneda
16815,María Isabel
16816,María José
16817,Marília Mendonça
16818,Masacre
16819,Masaharu Fukuyama
16820,Masahiro Anzai
16821,Masaki Suda
16822,Masala Coffee
16823,Masappan
16824,Masato(coldrain)
16825,Masayoshi Yamazaki
16826,Masayuki Suzuki
16827,Mascarpone
16828,Mase
16829,Mashti
16830,Masicka
16831,Maskatesta
16832,Masked Intruder
16833,Masked Man
16834,Masked Wolf
16835,Masoud Shaari
16836,Massacre
16837,Massage Tribe
16838,Massagem Guru
16839,Massaka
16840,Massane
16841,Massano
16842,Massao Suguihara
16843,Masse
16844,Massilia Sound System
16845,Massimo Palombella
16846,Massimo Pericolo
16847,Massive Attack
16848,Massive B
16849,Masta Killa
16850,Master Blaster
16851,Master HP
16852,Master Haratt
16853,Master KG
16854,Master Nazeel
16855,Master Rakesh
16856,Master Saleem
16857,Masterkat
16858,Masters
16859,Masters of Ceremony
16860,Mastifal
16861,Mastik Lickers
16862,Mastodon
16863,Mastruz Com Leite
16864,Mat Kearney
16865,Mat Zo
16866,Mat.Joe
16867,Matador
16868,Matadoria
16869,Matanza
16870,Matata
16871,Mataya
16872,Matchbox
16873,Matchbox Twenty
16874,Matchy
16875,Mateo
16876,Material Issue
16877,Mateus Aleluia
16878,Mateus Fazeno Rock
16879,Mateus e Cristiano
16880,Mateusz Panasiuk
16881,Mathame
16882,Mathan
16883,Matheus
16884,Matheus & Kauan
16885,Matheus Balo
16886,Matheus Bird
16887,Matheus Marcolino
16888,Matheusinho
16889,Matheuszin DJ
16890,Mathew Jonson
16891,Mathew Joseph
16892,Mathew T John
16893,Mathew V
16894,Mathias Edenborn
16895,Mathias Lillmåns
16896,Mathias.
16897,Mathichiyam Bala
16898,Mathieu Herzog
16899,Mathieu Koss
16900,Mati
16901,Matiah Chinaski
16902,Matias Aguayo
16903,Matilda Mann
16904,Matisse
16905,Matisse & Sadko
16906,Matisyahu
16907,Matluck
16908,Matmatah
16909,Mato Seco
16910,Matogrosso & Mathias
16911,Matoma
16912,Matooma
16913,Matrioska
16914,Matrix
16915,Matrix & Futurebound
16916,Matroda
16917,Mats Bergström
16918,Mats Ronander
16919,Mats Rådberg
16920,Matsoe Matsoe
16921,Matt Berninger
16922,Matt Braunger
16923,Matt Cavenaugh
16924,Matt Consola
16925,Matt Costa
16926,Matt Dahan
16927,Matt Draper
16928,Matt Dunkley
16929,Matt Fax
16930,Matt Finney
16931,Matt Guy
16932,Matt Hansen
16933,Matt Hartke
16934,Matt Hawk
16935,Matt Hughes SJU
16936,Matt Johnson
16937,Matt Komo
16938,Matt Large
16939,Matt Maeson
16940,Matt Maher
16941,Matt Maltese
16942,Matt McCarthy
16943,Matt Nash
16944,Matt Nathanson
16945,Matt Neux
16946,Matt Ox
16947,Matt Pless
16948,Matt Redman
16949,Matt Sassari
16950,Matt Simons
16951,Matt Smallwood
16952,Matt Squire
16953,Matt Taylor
16954,Matt Veloce
16955,Matt Wertz
16956,Matt White
16957,Matt Wills
16958,Matt Wilson
16959,Matte
16960,Mattei & Omich
16961,Matteo Bocelli
16962,Matteo Saccà
16963,Matteo Tura
16964,Matteo Vitanza
16965,Matthew Anthony
16966,Matthew Broderick
16967,Matthew Clanton
16968,Matthew Dear
16969,Matthew Gumley
16970,Matthew Harvey
16971,Matthew Ifield
16972,Matthew Ineleo
16973,Matthew James Thomas
16974,Matthew Koma
16975,Matthew Margeson
16976,Matthew Morrison
16977,Matthew Perryman Jones
16978,Matthew Risch
16979,Matthew Saldívar
16980,Matthew Santos
16981,Matthew Sayerz
16982,Matthew Steeper
16983,Matthew Sweet
16984,Matthew West
16985,Matthew Wilder
16986,Matthias Carras
16987,Matthias Reim
16988,Matthias Vidal
16989,Matthias Ziegler
16990,Mattia Trani
16991,Mattia Vlad Morleo
16992,Mattias Krantz
16993,Mattias Pérez
16994,Mattic
16995,Mattos Nascimento
16996,Matty Beats
16997,Matty Valentino
16998,Matusa
16999,Matvey Emerson
17000,Matvey Sakharov
17001,Matze Knop
17002,Matzic
17003,Mau y Ricky
17004,Maukka Perusjätkä
17005,Maunalua
17006,Maur
17007,Mauren Mendo
17008,Maurice Haase
17009,Maurice Joshua
17010,Maurice Ravel
17011,Maurice West
17012,Mauricio Luz
17013,Mauricio Mesones
17014,Mauricio Renfigo
17015,Mauricio Rengifo
17016,Maurissa Rose
17017,Maurits Colijn
17018,Maurizio Barbacini
17019,Maurizio Frusoni
17020,Maurizio Malagnini
17021,Mauro Castillo
17022,Mauro Diniz
17023,Mauro Henrique
17024,Mauro Loguercio
17025,Mauro Ramos
17026,Mauro Scocco
17027,Maurício & Eduardo
17028,Mauvais Roger
17029,Mav City Gospel Choir
17030,Mavado
17031,Maverick City Music
17032,Maverick Sabre
17033,Mavi
17034,Mavi Gri
17035,Mavi Işıklar
17036,Mavind Blaze
17037,Mavis Hee
17038,Max B Groove
17039,Max Bo
17040,Max Boyce
17041,Max Brhon
17042,Max Casella
17043,Max Chapman
17044,Max Cooper
17045,Max Enforcer
17046,Max Fail
17047,Max Fane
17048,Max Frost
17049,Max Herre
17050,Max Lässer
17051,Max Manie
17052,Max Marshall
17053,Max Moya
17054,Max P
17055,Max Richter
17056,Max Romeo
17057,Max Torres
17058,Max Vangeli
17059,Max Viana
17060,Max Volante
17061,Max Von Essen
17062,Max Weidner
17063,Max Wells
17064,Max e Luan
17065,Maxel
17066,Maxence Cyrin
17067,Maxi Rozh
17068,Maxi Vargas
17069,Maxida Märak
17070,Maxim Emelyanychev
17071,Maximilian Sievert
17072,Maximiliane Häcke
17073,Maximillian
17074,Maxine Ashley
17075,Maxtreme
17076,Maxwell
17077,Maxx
17078,Maxé
17079,May D
17080,May Day
17081,May Ho
17082,May Kristin Kaspersen
17083,May Kristin Krispersen
17084,May of Sorrow
17085,Maya
17086,Maya Boog
17087,Maya Kristalinskaya
17088,Maya Åström
17089,Maybemahri
17090,Maybeshewill
17091,Mayck & Lyan
17092,Mayday
17093,Mayday Parade
17094,Mayhem
17095,Maylene And The Sons Of Disaster
17096,Mayorkun
17097,Mayra
17098,Mayra Andrade
17099,Mayte Gaos
17100,Mayu Watanabe
17101,Mayumi Makino
17102,Mayumi Sasaki
17103,Mazapán
17104,Mazare
17105,Maze
17106,Mazlum Uruc
17107,Mazoulew
17108,Mazzy Star
17109,Maía
17110,Maîtrise Saint-Marc - Les Choristes
17111,Mc Andynho Ramos
17112,Mc Anjim
17113,Mc B.o
17114,Mc Boy do Charmes
17115,Mc Brisola
17116,Mc Bruninho da Praia
17117,Mc Capelinha
17118,Mc Charmosinho
17119,Mc Cogoyo
17120,Mc DB
17121,Mc DLL
17122,Mc DR
17123,Mc DV8
17124,Mc Daleste
17125,Mc Danado
17126,Mc Daniel
17127,Mc Danny
17128,Mc Davi
17129,Mc Delux
17130,Mc Dena
17131,Mc Digo STC
17132,Mc Dimenor Dr
17133,Mc Don Juan
17134,Mc Dricka
17135,Mc Felipe Boladão
17136,Mc Frog
17137,Mc Galvão
17138,Mc Gibi
17139,Mc Gw
17140,Mc Huguinho
17141,Mc IG
17142,Mc Jean
17143,Mc Jhojhow
17144,Mc Junior Pk
17145,Mc Kadu
17146,Mc Kaio
17147,Mc Kako
17148,Mc Kanhoto
17149,Mc Kauan
17150,Mc Kautry
17151,Mc Kaverinha
17152,Mc Kelvinho
17153,Mc Kevin
17154,Mc Kitinho
17155,Mc Laranjinha
17156,Mc Leh
17157,Mc Lekão
17158,Mc Lele JP
17159,Mc Leléto
17160,Mc Leozin
17161,Mc Lipi
17162,Mc Livinho
17163,Mc Luki
17164,Mc Magal
17165,Mc Magrinho
17166,Mc Marcela GC
17167,Mc Marechal
17168,Mc Morena
17169,Mc Nasrani
17170,Mc Nathan ZK
17171,Mc Nauan
17172,Mc Nego Blue
17173,Mc Neguin da BRC
17174,Mc Neguin da VL
17175,Mc Neto
17176,Mc Offside
17177,Mc Orelha
17178,Mc PP da VS
17179,Mc Paiva ZS
17180,Mc Pedrinho
17181,Mc Piedro
17182,Mc Rd
17183,Mc Risky
17184,Mc Rodrigo CN
17185,Mc Roginho
17186,Mc Romeo
17187,Mc Ruffian
17188,Mc Ruzika
17189,Mc Sai
17190,Mc Souza
17191,Mc THzinho original
17192,Mc Th
17193,Mc Tha
17194,Mc Tikão
17195,Mc Tocha
17196,Mc Topre
17197,Mc Tovir
17198,Mc Vitão Do Savoy
17199,Mc Vk
17200,Mc Vzs
17201,Mc Xang
17202,Mc lukinhas zkm
17203,Mc negrone
17204,McCall
17205,McCoy Tyner
17206,McGwire
17207,McLean
17208,Mc_team
17209,Mcfly & Carlito
17210,Mcklopedia
17211,Mcleod
17212,Me And That Man
17213,Me First and the Gimme Gimmes
17214,Meadows
17215,Mean Jeans
17216,Meat Beat Manifesto
17217,Meat Katie
17218,Meatbodies
17219,Mecano
17220,Meccano Twins
17221,Mecha Maiko
17222,Medellin
17223,Mediha Demirkıran
17224,Medina
17225,Medina Azahara
17226,Meditaciones Espirituales
17227,Meditación Guiada
17228,Meditación: Por Mateo
17229,Meditaciónessa
17230,Meditation
17231,Meditation Awareness
17232,Meditation Music Zone
17233,Meditation Rain Sounds
17234,Meditation Relaxation Club
17235,Meditation Spa
17236,Medooza
17237,Medulla
17238,Medwyn Goodall
17239,Medyk
17240,Medz Boss
17241,Mee Wee
17242,Meeka
17243,Meenakshi Elayaraja
17244,Meeresrauschen
17245,Mees Salomé
17246,Meet Bros Anjjan
17247,Meet Bros.
17248,Mefjus
17249,Meg & Dia
17250,Meg Birch
17251,Mega
17252,Mega Banton
17253,Mega Chorus
17254,Mega Ran
17255,MegaR
17256,Megadeth
17257,Megadriver
17258,Megafone
17259,Megahit
17260,Megaloh
17261,Megan Brands
17262,Megan Davies
17263,Megan Hilty
17264,Megan Kashat
17265,Megan Lawrence
17266,Megan McDuffee
17267,Megan McKenna
17268,Megan Moroney
17269,Megan Nicole
17270,Megan Thee Stallion
17271,Megane Mercury
17272,Megaraptor
17273,Megastylez
17274,Meggie York
17275,Megha Sriram Dalton
17276,Meghan Trainor
17277,Meghdhanush
17278,Megumi Hayashibara
17279,Megustar
17280,Mehar Vaani
17281,Mehdi Jalali
17282,Mehdi Khayami
17283,Meiko
17284,Meitei
17285,Meiton
17286,Mejk
17287,Mekon
17288,Mel & Kim
17289,Mel Com Terra
17290,Mel Gibson
17291,Mel Tormé
17292,Mel Waiters
17293,Mel Wayne
17294,Melanie C
17295,Melanie Fontana
17296,Melanie Martinez
17297,Melanie Müller
17298,Melba Montgomery
17299,Melcochita
17300,Melek Mosso
17301,Melendi
17302,Melicia
17303,Melih Aydogan
17304,Meliha
17305,Melihat Gülses
17306,Melike Şahin
17307,Melim
17308,Melingo
17309,Melis Danişmend
17310,Melissa Auf der Maur
17311,Melissa Barrera
17312,Melissa Helser
17313,Melissa Horn
17314,Melissa Srivastava
17315,Melissa Steel
17316,Melk Villar
17317,Mellissa
17318,Mellodees
17319,Mellow Fellow
17320,Mellow Fields
17321,Mellow Melodies
17322,Mellowdy
17323,MeloMance
17324,Melocos
17325,Melodie Malone
17326,Melody Club
17327,Melody Gardot
17328,Melody Martí
17329,Melody's Echo Chamber
17330,Melodycans
17331,Melora1n
17332,Melorman
17333,Melotron
17334,Melvin
17335,Melvin Taylor
17336,Melé
17337,Members Of The Wiener Philharmoniker
17338,Members of the Netherlands Wind Ensemble
17339,Memphis La Blusera
17340,Memphis May Fire
17341,Memtrix
17342,Men I Trust
17343,Men Without Hats
17344,Mena Massoud
17345,Menahan Street Band
17346,Mendum
17347,Menestrel
17348,Mengers
17349,Menke
17350,Meno Tody
17351,Menor MC
17352,Menor do Chapa
17353,Mental Theo
17354,Mentol
17355,Menumas
17356,Meo
17357,Mephorash
17358,Merachka
17359,Mercan Dede
17360,Merce
17361,Mercedes Simone
17362,Mercedes Sosa
17363,Mercer
17364,Merciful Nuns
17365,Mercurio
17366,Mercuzio Pianist
17367,Mercyful Fate
17368,Merda
17369,Merengues Dorados
17370,Meric Again
17371,Meridian Brothers
17372,Merina Manohar
17373,Merk & Kremont
17374,Merkaba
17375,Merle Haggard
17376,Merle Watson
17377,Meron Ryan
17378,Merryn Jeann
17379,Mert Demir
17380,Mert Hakan
17381,Mert Oksuz
17382,Mertigo
17383,Meryl
17384,Merzhin
17385,Mes Souliers Sont Rouges
17386,Meshuggah
17387,Mesin Tempur
17388,Message To Bears
17389,Messy Floor
17390,Mesto
17391,Mestre Camaleão
17392,Metallica
17393,Metamatics
17394,Meth Math
17395,Method Man
17396,Methrone
17397,Metin Kemal Kahraman
17398,Metrik
17399,Metro Boomin
17400,Metro Station
17401,Metronomy
17402,Metropolitan Opera Chorus
17403,Metropolitan Opera Orchestra
17404,Metth
17405,Metá Metá
17406,Meu Funeral
17407,Meucci
17408,Mexican Music Factory
17409,Meychan
17410,Meynberg
17411,Mezsiah
17412,Mezzo Piano
17413,Mgła
17414,Mha Iri
17415,Mi-kaisha Rose
17416,MiZeb
17417,Mia Carrera
17418,Mia Dora
17419,Mia Julia
17420,Mia Pandosa
17421,Mia Rollo
17422,Mia Smith
17423,Miami Horror
17424,Miami Symphonic Strings
17425,Miami Yacine
17426,Miasmatic Necrosis
17427,Mica Paris
17428,Micado
17429,Micaela Diamond
17430,Micaela Schäfer
17431,Micah Martin
17432,Micha von der Rampe
17433,Michael Allen Harrison
17434,Michael Angelo Batio
17435,Michael Ball
17436,Michael Barenboim
17437,Michael Bibi
17438,Michael Bolton
17439,Michael Brant DeMaria
17440,Michael Brook
17441,Michael Bublé
17442,Michael Calfan
17443,Michael Campayno
17444,Michael Carreon
17445,Michael Cera Palin
17446,Michael Cerveris
17447,Michael Cleveland
17448,Michael Colyar
17449,Michael Cooper
17450,Michael Crawford
17451,Michael Danny
17452,Michael Daves
17453,Michael Davis
17454,Michael Dulin
17455,Michael Fakesch
17456,Michael Finnissy
17457,Michael Fischer
17458,Michael Forster
17459,Michael Forzza
17460,Michael Fossenkemper
17461,Michael Gettel
17462,Michael Gray
17463,Michael Halasz
17464,Michael Hanley
17465,Michael Harrison
17466,Michael Henderson
17467,Michael Hoppé
17468,Michael Ian Black
17469,Michael Jackson
17470,Michael Jo
17471,Michael Kaneko
17472,Michael Kiwanuka
17473,Michael Kwan
17474,Michael Lange
17475,Michael Loftus
17476,Michael Logen
17477,Michael Marshall
17478,Michael Masser
17479,Michael Maxwell
17480,Michael Mayer
17481,Michael McGrath
17482,Michael McIntyre
17483,Michael Minto
17484,Michael Nyman
17485,Michael Nyman Band
17486,Michael O’Dwyer
17487,Michael Park
17488,Michael Penn
17489,Michael Price
17490,Michael Ray
17491,Michael Schulte
17492,Michael Seyer
17493,Michael Smith
17494,Michael Stern
17495,Michael Stuart
17496,Michael W. Smith
17497,Michael Wartella
17498,Michael Wendler
17499,Michael Wessel
17500,Michael Whalen
17501,Michael Wong
17502,Michael X. Martin
17503,Michael Zhonga
17504,Michaela Gentile
17505,Michal Rosinski
17506,Michał Piela
17507,Michel Berger
17508,Michel Béroff
17509,Michel Fannoun
17510,Michel Gasciarrino
17511,Michel Legrand
17512,Michel Martelly
17513,Michel Piquemal
17514,Michel Piquemal Vocal Ensemble
17515,Michel Plasson
17516,Michel Sardou
17517,Michel Schwalbé
17518,Michel Sénéchal
17519,Michel Teló
17520,Michel Zitron
17521,Michel el Buenón
17522,Michele Chiavarini
17523,Michele Leao
17524,Michele McLaughlin
17525,Michele Pertusi
17526,Michelle
17527,Michelle Ayers
17528,Michelle Duffy
17529,Michelle Featherstone
17530,Michelle Mayne-Graves
17531,Michelle Nascimento
17532,Michelle Simonal
17533,Michelle Williams
17534,Michi Ruzitschika
17535,Michico
17536,Michie One
17537,Michiru Aoyama
17538,Mick Gordon
17539,Mick Wendir
17540,Mickey Mouse
17541,Mickey Taveras
17542,Micki Sobral
17543,Mickie Krause
17544,Micky Blue
17545,Micky Flanagan
17546,Micky More & Andy Tee
17547,Micropoint
17548,Microwave
17549,Midge Ure
17550,Midi Culture
17551,Midian Lima
17552,Midival Punditz
17553,Midix
17554,Midland
17555,Midnight
17556,Midnight Smoothie
17557,Midnight Teds
17558,Midnight Tyrannosaurus
17559,Midnight.
17560,Midnite
17561,Midtown
17562,Midwife
17563,Miel De Montagne
17564,Mig
17565,Miggy Dela Rosa
17566,Mighty High Coup
17567,Mightyfools
17568,Migos
17569,Migue Flow
17570,Miguel Angel
17571,Miguel Bastida
17572,Miguel Bosé
17573,Miguel Calo
17574,Miguel Campbell
17575,Miguel Campello
17576,Miguel Cantilo
17577,Miguel Llobet Solés
17578,Miguel Migs
17579,Miguel Montero
17580,Miguel Poveda
17581,Miguel Rosa
17582,Miguel Ríos
17583,Miguel Ángel Jenner
17584,Mihalis Safras
17585,Miike Snow
17586,Miink
17587,Miirage
17588,Mija
17589,Mijango
17590,Mijares
17591,Mijo
17592,Mika Kobayashi
17593,Mika Nakashima
17594,Mika Singh
17595,Mikael Wiehe
17596,Mikal Cronin
17597,Mike & The Mechanics
17598,Mike Auldridge
17599,Mike Bahía
17600,Mike Barnett
17601,Mike Batt
17602,Mike Birbiglia
17603,Mike Brainchild
17604,Mike Brant
17605,Mike Candys
17606,Mike Dawes
17607,Mike DeStefano
17608,Mike Der Bademeister
17609,Mike Dimes
17610,Mike Dunn
17611,Mike Epps
17612,Mike Faist
17613,Mike Giacobassi
17614,Mike Laure
17615,Mike Lazarev
17616,Mike Mago
17617,Mike Marshall
17618,Mike Mohede
17619,Mike NRG
17620,Mike Ness
17621,Mike Nüchtern
17622,Mike Oldfield
17623,Mike Perry
17624,Mike Pickering
17625,Mike Posner
17626,Mike Redman
17627,Mike Romeo
17628,Mike Rowland
17629,Mike Sheer
17630,Mike Shinoda
17631,Mike Singer
17632,Mike Southside
17633,Mike Stil
17634,Mike Taylor
17635,Mike Teardrop Trio
17636,Mike Waters
17637,Mike Wead
17638,Mike Weaver
17639,Mike Williams
17640,Mike Yung
17641,Mike 曾比特
17642,MikeQ
17643,Mikel (Izal)
17644,Mikel Erentxun
17645,Mikel Izal
17646,Mikelino Rutz
17647,Mikey Erg
17648,Mikey Mayz
17649,Mikey McCleary
17650,Mikey Spice
17651,Mikezin
17652,Mikhail Krug
17653,Mikhail Pletnev
17654,Mikhail Shorin
17655,Mikhail Vavich
17656,Miki Howard
17657,Miki Imai
17658,Mikis
17659,Mikis Theodorakis
17660,Mikko Franck
17661,Miklos Malik
17662,Mila Harper
17663,Mila Josef
17664,Mila Moon
17665,Mila Sousa
17666,Milan La Scala Chorus
17667,Milano
17668,Milano The Don
17669,Milburn
17670,Mild High Club
17671,Mile Twelve
17672,Miles Away
17673,Miles Cooper Seaton
17674,Miles Davis
17675,Miles Peña
17676,Miles Wesley
17677,Miley Cyrus
17678,Milian Beatz
17679,Milica Jovanović
17680,Milieu
17681,Milion Plus
17682,Milionário & José Rico
17683,Military Wives
17684,Miliyah
17685,Milk & Sugar
17686,Milking the Goatmachine
17687,Milky Chance
17688,Milky Day
17689,Millad
17690,Millencolin
17691,Millenium Orchestra
17692,Milli Mourya
17693,Milliarden
17694,Millind Gaba
17695,Million Stylez
17696,Millonario
17697,Milly Explosão
17698,Milo Edale
17699,Milo Liana
17700,Milos Ilic
17701,Miloš Karadaglić
17702,Milsinho
17703,Milton Aguiar
17704,Milton Nascimento
17705,Miltos Pashalidis
17706,Milty Evans
17707,Mimi Maura
17708,Mimi Page
17709,Mimi Webb
17710,Mimikry
17711,Mind Against
17712,Mind Vortex
17713,Mind.in.a.box
17714,MindaRyn
17715,Mindi Dickstein
17716,Mindless Self Indulgence
17717,Mindless Sinner
17718,Mindr
17719,Mindy Gledhill
17720,Mindy Jostyn
17721,Mindy Smith
17722,Mingmei Hsueh
17723,Mini Pop Kids
17724,Mini Skirt
17725,Mini Thin
17726,Minijau
17727,Minik Knudsen
17728,Minimal Vanessa
17729,Ministerio Ipiranga
17730,Ministry
17731,Ministério Adoração e Vida
17732,Ministério Apascentar de Nova Iguaçu
17733,Ministério Koinonya de Louvor
17734,Ministério Nova Jerusalém
17735,Ministério Sarando a Terra Ferida
17736,Ministério Vineyard
17737,Mint Royale
17738,Mint Tape
17739,Minto
17740,Minupren
17741,Miper
17742,Mipso
17743,Mira Calix
17744,Mira Feder
17745,Mira Lu Kovacs
17746,Mira Sengupta
17747,"Mira, Royal Detective - Cast"
17748,Miraa May
17749,Miracle Legion
17750,Miracle Of Sound
17751,Mirage
17752,Mirage & Yoko
17753,Miranda Boumedin
17754,Miranda Lambert
17755,Miranda Richardson
17756,Miranda!
17757,Mirella Freni
17758,Mirella Roininen
17759,Miri Ben-Ari
17760,Miri Ros
17761,Miriam Bryant
17762,Miriam França
17763,Miriam K. Smith
17764,Miriam Keogh
17765,Miriam Peracchi
17766,Miriam Raye
17767,Miriam Romeyn
17768,Miriam Stockley
17769,Miriam Yeung
17770,Mirkelam
17771,Mirko Loko
17772,Miroslav Vrlik
17773,Mirta da Silva
17774,Mirtha Iturra
17775,Mirusia Louwerse
17776,Mirèle
17777,Miró
17778,Mis Ivy
17779,Mis-Teeq
17780,Misael Gauna
17781,Misaias Oliveira
17782,Misanthrop
17783,Misanthropix
17784,Mischa
17785,Mischa Maisky
17786,Mischief Brew
17787,Misdom
17788,Misery Index
17789,Misery Signals
17790,Misfits
17791,Misha Miller
17792,Mishaal
17793,Mishelle Master Boys
17794,Mismatched
17795,Miso
17796,Miso Colt
17797,Miss Caffeina
17798,Miss Chantal
17799,Miss Kittin
17800,Miss Lafamilia
17801,Miss Li
17802,Miss Mathilda
17803,Miss May I
17804,Miss Melodee
17805,Miss Monique
17806,Miss Pooja
17807,Miss Portia
17808,Miss Saigon Original Cast
17809,Miss Sangria
17810,Missing Persons
17811,Missionário Shalom
17812,Missy Elliott
17813,Missy Raines
17814,Mista Baaz
17815,Mista Silva
17816,MistaJam
17817,Mister Calm
17818,Mister Dex
17819,Mister Gang
17820,Mister Geng
17821,Mister Rhythm
17822,Mister V
17823,Mister You
17824,MisterWives
17825,Mistery
17826,Misty In Roots
17827,Mita Gami
17828,Mitch Crown
17829,Mitch Fatel
17830,Mitch Wong
17831,Mitchell Tenpenny
17832,Mitekiss
17833,Mithila Michael
17834,Mithoon
17835,MitiS
17836,Mitika
17837,Mitraz
17838,Mitski
17839,Mitsuko Uchida
17840,Mitsuru Miyamoto
17841,Miwata
17842,Mixed By: Dillinja
17843,Mixed By: Doc Scott
17844,Mixed By: Goldie & Rob Playford
17845,Mixer
17846,Mixie Moon
17847,Mixtape Madness
17848,Mixx Master Lee
17849,Miyakawa-kun
17850,Miyuki Tsurugi
17851,Mizmo
17852,Mizmor
17853,Mizok
17854,Miztah Killa
17855,Mizuho Aota
17856,Mizz Behave
17857,Mizzo
17858,MiłyPan
17859,Mjuk
17860,Mk Mukesh
17861,Mlelm
17862,Mnogoznaal
17863,Mntl
17864,Mo Falk
17865,Mo Mandel
17866,Mo' Horizons
17867,Mo-Torres
17868,MoZuluArt
17869,Moa Lisa
17870,Moa Pillar
17871,Mob Tactics
17872,Mobb Deep
17873,Mobiius
17874,Mobsta Muzik
17875,Moby
17876,Modal Colours
17877,Modd
17878,Mode XL
17879,Model 500
17880,Moderat
17881,Moderatto
17882,Modern Baseball
17883,Modern English
17884,Modern Folk Üçlüsü
17885,Modern Guns
17886,Modern Talking
17887,Modeselektor
17888,Modestep
17889,Modesty Beast
17890,Modjo
17891,Module Virus
17892,Moe Danger
17893,Moe Koffman
17894,Moeha
17895,Moelogo
17896,Mogul Music Inc.
17897,Mogwai
17898,Mohammed Aziz
17899,Mohammed Irfan
17900,Mohammed Rafi
17901,Mohan
17902,Mohan Kannan
17903,Mohana
17904,Mohanlal
17905,Mohd. Hussain
17906,Mohican Sun
17907,Mohit Chauhan
17908,Mohit Lal
17909,Mohka
17910,Mohna
17911,Mohombi
17912,Moi Je
17913,Moinho
17914,Mojo
17915,Mojo Nixon
17916,Moka
17917,Mokhov
17918,Mokita
17919,Moko
17920,Moksi
17921,Molchat Doma
17922,Moleca 100 Vergonha
17923,Molejo
17924,Moliy
17925,Mollie Collins
17926,Mollono.Bass
17927,Molly Ann
17928,Molly Skaggs
17929,Molly Tuttle
17930,Moloko
17931,Molotov
17932,Molotov Solution
17933,Momentum
17934,Momina Mustehsan
17935,Momoiro Clover Z
17936,Mon A Q
17937,Mon Laferte
17938,Mon RovÎa
17939,Mona
17940,Monali Thakur
17941,Monarch Baby Lullaby Institute
17942,Monarco
17943,Monastetiq
17944,Moncho
17945,Moncrieff
17946,Mone Kamishiraishi
17947,Monet192
17948,Monetochka
17949,Money Chicha
17950,Money Musik
17951,Moneybagg Yo
17952,Moneybrother
17953,Monia Sjöström
17954,Monica
17955,Monica Naranjo
17956,Monica Thörnell
17957,Monica Trini
17958,Monica Villacci
17959,Monie Love
17960,Monik
17961,Monika Krause
17962,Monika Kruse
17963,Monika Santucci
17964,Monique
17965,Monique Bingham
17966,Monique Ford
17967,Monjes Tibetanos
17968,Monk
17969,Monkaholics
17970,Monkey Boots
17971,Monkey Jhayam
17972,Monkey Majik
17973,Monkey Safari
17974,Mono Hurtado
17975,Monobloco
17976,Monolake
17977,Monolink
17978,Monomono
17979,Monophonics
17980,Monsenhor Jonas Abib
17981,Monsta X
17982,Monster Magnet
17983,Montaigne
17984,Montell Jordan
17985,Montell2099
17986,Montez
17987,Montreal
17988,Montserrat Caballé
17989,Monty
17990,Monty Datta
17991,Monty Python
17992,Monty Sharma
17993,Monxx
17994,Moodula
17995,Moodymann
17996,Moojo
17997,Mookigang
17998,Moomu
17999,Moon Guitar
18000,Moon Haunter
18001,Moon Ladder
18002,Moonbootica
18003,Moonchild Sanelly
18004,Moondance Diner Ensemble
18005,Mooney Tunes
18006,Moonica Mac
18007,Moonkids
18008,Moonshine
18009,Moonskull
18010,Moonsorrow
18011,Moonspell
18012,Moonwalk
18013,Moore Kismet
18014,Mooroo
18015,Moosa Saleem
18016,Moose Blood
18017,Mooza
18018,Moplen
18019,Moptop
18020,Mora
18021,Moraes Moreira
18022,Morat
18023,Morbid Angel
18024,Morbo y Mambo
18025,Morcheeba
18026,Mord'a'Stigmata
18027,Mordab
18028,Mordem
18029,Mordrez
18030,Morgan Evans
18031,Morgan Lander
18032,Morgan Page
18033,Morgan Phalen
18034,Morgan Reese
18035,Morgan Wallen
18036,Morgen Freimann
18037,Moriarty
18038,Moribund Oblivion
18039,Morillo
18040,Moris
18041,Moritz Von Oswald
18042,Mork
18043,Morodo
18044,Morrisson
18045,Mors Principium Est
18046,Mort Garson
18047,Mortalis
18048,Mortemia
18049,Morten Granau
18050,Morten Myklebust
18051,Mortician
18052,Morttagua
18053,Mortuary Drape
18054,Mos Def
18055,Mosaic MSC
18056,Mosalla
18057,Moscow Radio Symphony Orchestra
18058,Moses Bliss
18059,Moses C
18060,Moses Gunn Collective
18061,Moses Kahumoku
18062,Moses Sumney
18063,Moshe Kasher
18064,Mosimann
18065,Moska
18066,Moskwa
18067,Moss Kena
18068,Mother Goose Club
18069,Mother Love Bone
18070,Mother Maybelle Carter
18071,Mother Mother
18072,Mother's Daughter
18073,Mothership
18074,Mothz
18075,Motion City Soundtrack
18076,Motionless In White
18077,Motive
18078,Moto Perpetuo
18079,Motohiro Hata
18080,Motor City Drum Ensemble
18081,Motorama
18082,Motorpsycho
18083,Mott The Hoople
18084,Motta
18085,Motto
18086,Motörhead
18087,Mougleta
18088,Mouloudji
18089,Mounika.
18090,Mounima
18091,Mount Kimbie
18092,Mountain
18093,Mountain Crew
18094,Mountain Heart
18095,Mountain Sprout
18096,Mountains vs. Machines
18097,Mournful Congregation
18098,Mouse On Mars
18099,Mousik
18100,Mousse T.
18101,Moussu T E Lei Jovents
18102,Move D
18103,Moving Fusion
18104,Moxas
18105,Moya Mishel
18106,Moyann
18107,Moyseis Marques
18108,Mozarteum Orchestra Salzburg
18109,Mozby
18110,Moze
18111,Mozey
18112,Mozez
18113,Mozzy
18114,Moğollar
18115,Mpirgkel
18116,Mr Beatnick
18117,Mr Black El Presidente
18118,Mr Day
18119,Mr Eazi
18120,Mr Fox
18121,Mr Hudson
18122,Mr Phat
18123,Mr Raoul K
18124,Mr T Lexify
18125,Mr Traumatik
18126,Mr White
18127,Mr Yipadee
18128,Mr.
18129,Mr. 69
18130,Mr. Airplane Man
18131,Mr. Belt & Wezol
18132,Mr. Big
18133,Mr. Blaumann
18134,Mr. C
18135,Mr. Capone-E
18136,Mr. Catra
18137,Mr. Chase
18138,Mr. Collipark
18139,Mr. Da-Nos
18140,Mr. Dan
18141,Mr. David
18142,Mr. Fingers
18143,Mr. Käfer
18144,Mr. Lee
18145,Mr. Mister
18146,Mr. Polska
18147,Mr. President
18148,Mr. Primm
18149,Mr. Probz
18150,Mr. Projectile
18151,Mr. Ray
18152,Mr. Saik
18153,Mr. Scruff
18154,Mr. Vegas
18155,Mr. Williamz
18156,Mr.Children
18157,Mr.Gr.Ig.Al.
18158,Mr.Low-D
18159,Mree
18160,Mridul Anil
18161,Mridula Warrier
18162,Mrs Jynx
18163,Mrs Mills
18164,Mrs. Doubtfire Original Broadway Cast
18165,Mrs. Doubtfire Original Broadway Ensemble
18166,Mrs. GREEN APPLE
18167,Ms Banks
18168,Ms Krazie
18169,Ms. Dynamite
18170,Ms. Jody
18171,Ms. Lauryn Hill
18172,Ms. Thing
18173,MsE
18174,Mstislav Rostropovich
18175,Mu540
18176,Muazzam
18177,Muchy
18178,Muck Sticky
18179,Muddy Waters
18180,Mudvayne
18181,Mufasa & Hypeman
18182,Mufasa069
18183,Muffin Man
18184,Muffin Songs
18185,Muffler
18186,Mugas
18187,Mugeez
18188,Mugen Rao
18189,Muhammad Syaifullah
18190,Muheet Bharti
18191,Mujtaba Aziz Naza
18192,Mukeka di Rato
18193,Mukesh
18194,Mulatu Astatke
18195,Mulheres Perdidas
18196,Multani
18197,Mulú
18198,Mumakil
18199,Mumford & Sons
18200,Mumm-ra
18201,Mumuzinho
18202,Mumzy Stranger
18203,Mungo Jerry
18204,Mungo's Hi Fi
18205,Muni Long
18206,Munich Radio Orchestra
18207,Municipal Waste
18208,Muniesa
18209,Mura Masa
18210,Murali
18211,Murcof
18212,Murda
18213,Murda Beatz
18214,Murderdolls
18215,Murdock
18216,Murge
18217,Murgs
18218,Murica
18219,Murilo Huff
18220,Murotani
18221,Murray Elias
18222,Murray Perahia
18223,Murtuza Khan
18224,Mushroom People
18225,Mushroomhead
18226,Music Creation
18227,Music Feel
18228,Music For Little People Choir
18229,Music Kitchen
18230,Music Lab Collective
18231,Music Travel Love
18232,Musica Infantil
18233,Musica Sacra
18234,Musica para Acostarse
18235,Musica para Bebes
18236,Musical Tenors
18237,Musical Youth
18238,Musicality
18239,Musiko
18240,Musiq Soulchild
18241,Musso
18242,Mustafa Sandal
18243,Mustafa Zahid
18244,Mustard
18245,Mustard Plug
18246,Mutantbreakz
18247,Mute Button
18248,Mutenrohi
18249,Muthu Sirpi
18250,Mutiilation
18251,Mutilator
18252,Mvntana
18253,Mwuana
18254,MxPx
18255,My Buddy Mike
18256,My Chemical Romance
18257,My Darkest Days
18258,My Digital Enemy
18259,My Fair Lady Ensemble
18260,My Hair is Bad
18261,My Life With The Thrill Kill Kult
18262,My Little Lover
18263,My Marianne
18264,My Ol' Man
18265,MyChildren MyBride
18266,Mya Harrison
18267,Myd
18268,Mykal Kilgore
18269,Mykal Rose
18270,Myke Towers
18271,Myleene Klass
18272,Myles Kennedy
18273,Myles Kennedy And The Conspirators
18274,Mylo
18275,Mylène Farmer
18276,Myndless Grimes
18277,Myolie Wu
18278,Myon
18279,Myq Kaplan
18280,Myriam Hernandez
18281,Myrkgrav
18282,Myrkur
18283,Myro
18284,Myríad
18285,Myssa More
18286,Mysticum
18287,Mystifier
18288,Mystikal
18289,Mythos 'N DJ Cosmo
18290,Myuk
18291,Mz Jackson
18292,MÖWE
18293,MØ
18294,MØØNE
18295,Márcia Fellipe
18296,Márta Sebestyén
18297,Mãolee
18298,Mäbu
18299,Mägo de Oz
18300,Märtini Brös
18301,Märvel
18302,Månegarm
18303,Måneskin
18304,Månvarv
18305,Méav
18306,Móveis Coloniais de Acaju
18307,Mônica Salmaso
18308,Mörbyligan
18309,Mörk Gryning
18310,Mötley Crüe
18311,Møme
18312,Música Legionária
18313,Música de concentración profunda
18314,Münchener Bach-Chor
18315,Münchener Bach-Orchester
18316,Müslüm Arı
18317,Mütze Katze
18318,Müzeyyen Senar
18319,Mýa
18320,Mœnia
18321,N O W A V E
18322,N i G H T S
18323,N!NE
18324,N'Klabe
18325,N'Samble
18326,N-Sane
18327,N-Vitral
18328,N.F.I
18329,N.I.N.A
18330,N.O.B.A
18331,N.O.R.E.
18332,N.W.A.
18333,N/A
18334,N3WPORT
18335,NAALAYAK
18336,NAATIONS
18337,NACION
18338,NAFTA
18339,NASKA
18340,NASRI
18341,NATHY PELUSO
18342,NATTAN
18343,NAVACHA
18344,NAZAAR
18345,NBLM
18346,NC Carson
18347,NCT
18348,NCT 127
18349,NCT DREAM
18350,NCT U
18351,NECROTTED
18352,NEEDTOBREATHE
18353,NEFFEX
18354,NEIKED
18355,NEIL FRANCES
18356,NEIMY
18357,NEO HERO
18358,NEO JAPONISM
18359,NERO
18360,NERVO
18361,NEVRMIND
18362,NEZ
18363,NEZS Beats
18364,NF
18365,NFM Wrocław Philharmonic
18366,NG Rezonance
18367,NG2
18368,NGHTMRE
18369,NGT48
18370,NGUZUNGUZU
18371,NIC
18372,NICKTHEREAL
18373,NICO Touches the Walls
18374,NIIKO X SWAE
18375,NIKITO
18376,NIKØTIN
18377,NILFRUITS
18378,NINA
18379,NIRAJ
18380,NITTI
18381,NIVIRO
18382,NJ
18383,NK
18384,NKOHA
18385,NMB48
18386,NMIXX
18387,NOCTURNAL BLOODLUST
18388,NOEMIE
18389,NOES
18390,NOFX
18391,NOG
18392,NORA
18393,NORMANDY
18394,NORRA
18395,NOTD
18396,NOUMENN
18397,NPC
18398,NRBQ
18399,NRG
18400,NSD
18401,NSG
18402,NSH
18403,NSZX
18404,NTO
18405,NTRL
18406,NURKO
18407,NVRT
18408,NWYR
18409,NX Zero
18410,NXSTY
18411,NYXX
18412,Na Hora H
18413,NaTasha Yvette Williams
18414,Nabzy
18415,Nach
18416,Nacha Pop
18417,Nacho
18418,Nacho Acero
18419,Nacho Vegas
18420,Nachtmahr
18421,Nachtmystium
18422,Nada Surf
18423,Nadav Amir-Himmel
18424,Nadezhda Kazantseva
18425,Nadezhda Obukhova
18426,Nadezhda Panayotova
18427,Nadia
18428,Nadia Ali
18429,Nadia Bulic
18430,Nadia Gattas
18431,Nadia Rose
18432,Nadine Renee
18433,Nadine Sautereau
18434,Nadine Sierra
18435,Nadus
18436,Nae Finesse
18437,Nae.Nae
18438,Naeleck
18439,Naezy
18440,Naffymar
18441,Nagalli
18442,Naglfar
18443,Nahuel Pennisi
18444,Naika
18445,Nail Yurtsever
18446,Naila
18447,Nailbomb
18448,Naiquen Galizio
18449,Naits
18450,Naiwen Yang
18451,Najand
18452,Najim Arshad
18453,Najma Wallin
18454,Najoua Belyzel
18455,Najwa
18456,Nakash Aziz
18457,Nakatomi
18458,Naked Eyes
18459,Naked Raygun
18460,Nakul Abhyankar
18461,Nala
18462,Nalan
18463,Nalini Krishnan
18464,Nall
18465,Nam Woo-hyun
18466,Namasenda
18467,Namaste
18468,Name One
18469,Namewee
18470,Nami
18471,Namic
18472,Namie Amuro
18473,Namitha Babu
18474,Namito
18475,Nan Quan Mama
18476,Nana Mclean
18477,Nana Mizuki
18478,Nana Mouskouri
18479,Nana Ou-Yang
18480,Nana Pancha
18481,Nanawoakari
18482,Nancy Franck
18483,Nancy Lemenager
18484,Nancy Manchego
18485,Nancy Opel
18486,Nancy Rumbel
18487,Nancy Rumble
18488,Nancy Sinatra
18489,Nancy Wilson
18490,Nandha
18491,Nandini Srikar
18492,Nando Cordel
18493,Nando Fortunato
18494,Nando Moreno
18495,Nando Reis
18496,Nando de la Gente
18497,Nani Azevedo
18498,Nanne
18499,Nao
18500,Naod
18501,Naomi
18502,Naomi Raine
18503,Naomi Scott
18504,Naomi Wild
18505,Naotaro Moriyama
18506,Naoto Inti Raymi
18507,Napalm Death
18508,Napkey
18509,Naps
18510,Napua Greig
18511,Narayanan Ravishankar
18512,Narayani Gopan
18513,Narciso Yepes
18514,Narcosis
18515,Nardo Wick
18516,Naresh Iyer
18517,Naresh Kamath
18518,Nargaroth
18519,Narhen Ellalan
18520,Narinder Biba
18521,Narra
18522,Narsanna (Nalgonda Gaddar)
18523,Nas
18524,"Nas & Damian ""Jr. Gong"" Marley"
18525,Naseebo Lal
18526,Nashville Country Chorale
18527,Nasko
18528,Nason
18529,Nassi
18530,Nasty C
18531,Nasty Habits
18532,Nasum
18533,Nasıl Derler Bilirsin
18534,Nat King Cole
18535,Nat King Cole Trio
18536,Nata de Lima
18537,Natalia Bonner
18538,Natalia Isabella
18539,Natalia Jiménez
18540,Natalia Lacunza
18541,Natalia Lafourcade
18542,Natalia Piotrowska
18543,Natalie Cole
18544,Natalie Dessay
18545,Natalie Duncan
18546,Natalie Holt
18547,Natalie Llerena
18548,Natalie Major
18549,Natalie Paris
18550,Natalie Perez
18551,Natalie Ram
18552,Natalie Shay
18553,Natalie Taylor
18554,Natalie Toro
18555,Natalie Wamba Berry
18556,Natalie Williams
18557,Natalie Wood
18558,Natalie Zhu
18559,Natan & Shander
18560,Natania
18561,Natascha Polké
18562,Natasha Bedingfield
18563,Natasha Noorani
18564,Natasha Richardson
18565,Natasja
18566,Nate Dogg
18567,Nate Mitchell
18568,Nate Newton
18569,Nate Traveller
18570,Nathan Angelo
18571,Nathan Ball
18572,Nathan Dawe
18573,Nathan Kawanishi
18574,Nathan Lane
18575,Nathan Mack
18576,Nathan Nicholson
18577,Nathan Pacheco
18578,Nathan Red
18579,Nathanael
18580,Nathaniel Bassey
18581,Nathaniel Merriweather
18582,Nathaniel Rateliff & The Night Sweats
18583,Nathorg
18584,Nathália Blanke
18585,Nathália Braga
18586,Nation Of One
18587,National Philharmonic Orchestra
18588,National Symphony Orchestra of Ukraine
18589,Nationalteatern
18590,Natiruts
18591,Natos y Waor
18592,Natoxie
18593,Nattalia Sarria
18594,Natti Natasha
18595,Natty Bong
18596,Natty Campbell
18597,Natty Jean
18598,Natural Notes
18599,Natural Rain Sounds for Sleeping
18600,Natural Sounds
18601,Natural Vibrations
18602,Natural White Noise Relaxation
18603,Natural White Noise for Babies
18604,Nature & Sounds Backgrounds
18605,Nature Recordings
18606,Nature Sound Collection
18607,Nature Sound Series
18608,Nature Sounds
18609,Nature Sounds Nature Music
18610,Nature Sounds XLE Library
18611,Nature and Rain
18612,Naturgeräusche
18613,Naturgeräusche für Entspannung und Erholung
18614,Natália Matos
18615,Naughty By Nature
18616,Nautik
18617,Navaan Sandhu
18618,Navajita Platea
18619,Navas
18620,Navaz
18621,Nave
18622,Naveen
18623,Naveen Madhav
18624,Naven
18625,Navicula
18626,Navie D
18627,Navigator
18628,Navin Raaj Mathavan
18629,Navin Tripathi
18630,Navino
18631,Navos
18632,Navv Inder
18633,Nawab
18634,Nawazuddin Siddiqui
18635,Nay Nay
18636,Nayana Thaara
18637,Nayla Scalia
18638,Nayomi
18639,Naz Tokio
18640,Naza
18641,Nazan Öncel
18642,Nazareno Aversa
18643,Nazareth
18644,Nazireu Rupestre
18645,Nazz
18646,Nazzereene
18647,Nação Zumbi
18648,Nbdy
18649,Ncrypta
18650,Ndarboy Genk
18651,Ndee Naldinho
18652,Ne Jupiter
18653,Ne-Yo
18654,Nea
18655,Near The Parenthesis
18656,Neb
18657,Nebbia
18658,Nebu
18659,Necip Mahfuz
18660,Neck Deep
18661,Neco
18662,Necrophagist
18663,Necrophobic
18664,Nectax
18665,Nedarb
18666,Nederlandse Hardstyle
18667,Neelesh
18668,Neelix
18669,Neeme Järvi
18670,Neeraj Madhav
18671,Neeraj Rajawat
18672,Neeraj Shridhar
18673,Neetesh Jung Kunwar
18674,Neeti Mohan
18675,Nefera
18676,Nefesh Mountain
18677,Negator
18678,Negicco
18679,Negin Zomorrodi
18680,Nego Jam
18681,Nego do Borel
18682,Negra Li
18683,Negrito
18684,Negrito Senpai
18685,Negritude Junior
18686,Negro Falótico
18687,Negro Leo
18688,Negro Sambo
18689,Negro Util
18690,Neha Bhasin
18691,Neha Kakkar
18692,Neha Nair
18693,Neha Sharma
18694,Neha.S.Nair
18695,Neil Byrne
18696,Neil Diamond
18697,Neil Patrick Harris
18698,Neil Sedaka
18699,Neil Shicoff
18700,Neil Young
18701,Neilio
18702,Nej
18703,Nejat Yavaşoğulları
18704,Nek
18705,Nekromantix
18706,Nelia Kit
18707,Nelli Petro
18708,Nellie Ettison
18709,Nellie Tiger Travis
18710,Nelly
18711,Nelly Furtado
18712,Nelly Kokinos
18713,Nelly Omar
18714,Nelsinho Corrêa
18715,Nelson Arrieta
18716,Nelson Bomilcar
18717,Nelson D
18718,Nelson Freire
18719,Nelson Gomes
18720,Nelson Gonçalves
18721,Nelson Haynes
18722,Nelson Ned
18723,Nelson Pinedo
18724,Nelson Sargento
18725,Nelson Y Sus Estrellas
18726,Nemanja Radulović
18727,Nemir
18728,Nemzzz
18729,Nena
18730,Nena Daconte
18731,Nene
18732,Nenei
18733,Neneto
18734,Nenhum De Nós
18735,Neo Beats
18736,Neo Fresco
18737,Neo Pistea
18738,Neo Tokyo
18739,NeoQor
18740,Neolux
18741,Neon Indian
18742,Neon Steve
18743,Neon Trees
18744,Neoni
18745,Neonlight
18746,Neophyte
18747,Neoslave
18748,Neotnas
18749,Nep
18750,Neptune
18751,Neptunica
18752,NerdOut
18753,Nerf Herder
18754,Nerio
18755,Nero X
18756,Neroz
18757,Nervosa
18758,Nervz
18759,Nesa
18760,Nesco
18761,Nesi
18762,Nesrin Sipahi
18763,Nessa Barrett
18764,Nessly
18765,Nestor Rodi
18766,Netherfriends
18767,Netherlands Wind Ensemble
18768,Netinho De Paula
18769,Neto LX
18770,Netral
18771,Netsky
18772,Netto
18773,Netto & Henrique
18774,Neulore
18775,Neuman
18776,Neuman Pinto
18777,Neutrin05
18778,Nev
18779,Never Dull
18780,Never Ending Game
18781,Never Surrender
18782,Nevermore
18783,Neville Staple
18784,Nevlin
18785,Nevve
18786,New Beat Order
18787,New Bomb Turks
18788,New Boyz
18789,New Edition
18790,New Found Glory
18791,New G.
18792,New Grass Revival
18793,New Hope Club
18794,New Japan Philharmonic World Dream Orchestra
18795,New Kids
18796,New Kidz
18797,New Life Worship
18798,New Model Army
18799,New Order
18800,New Philharmonia Orchestra
18801,New Times
18802,New West
18803,New York City Opera Orchestra
18804,New York Philharmonic
18805,NewTown
18806,Newen Afrobeat
18807,Newfound Road
18808,Newkid
18809,Newsboys
18810,Newtone
18811,Next Generation
18812,Next to Neon
18813,Nexy
18814,Ney Matogrosso
18815,Neyhal
18816,Nezhdan
18817,Neşet Ertaş
18818,Ngatapa Black
18819,Nhan Solo
18820,Nhox
18821,NiCe7
18822,Niaks
18823,Niall Byrne
18824,Niall Horan
18825,Niara Scarlett
18826,Nibana
18827,Nibu
18828,Nic D
18829,Nic Medeiros
18830,Nic Romm
18831,Nicco
18832,Niccolò Paganini
18833,Nicholas Collon
18834,Nicholas Dodd
18835,Nicholas Gunn
18836,Nicholas Hammond
18837,Nicholas Hooper
18838,Nicholas Teo
18839,Nicholson
18840,Nicinovah
18841,Nick Bonin
18842,Nick Cave & The Bad Seeds
18843,Nick Curran and the Lowlifes
18844,Nick Drake
18845,Nick Glennie-Smith
18846,Nick Hakim
18847,Nick Ingman
18848,Nick Jonas
18849,Nick Kamen
18850,Nick Ledesma
18851,Nick León
18852,Nick Littlemore
18853,Nick Lopez
18854,Nick Lowe
18855,Nick Miller
18856,Nick Mulvey
18857,Nick Murphy
18858,Nick Novity
18859,Nick Risk
18860,Nick Rockwell
18861,Nick Russoniello
18862,Nick Swardson
18863,Nick Talos
18864,Nick Thayer
18865,Nick The Lot
18866,Nick Thune
18867,Nick Wayne
18868,Nick White (The Prototypes)
18869,Nick Yume
18870,NickBee
18871,Nickboy
18872,Nickel Creek
18873,Nickelback
18874,Nicki Minaj
18875,Nicki Nicole
18876,Nicki Wells
18877,Nickoog Clk
18878,Nicky Jam
18879,Nicky Lee
18880,Nicky Notes
18881,Nicky Romero
18882,Nico
18883,Nico & Vinz
18884,Nico Casal
18885,Nico D
18886,Nico Gemba
18887,Nico Moreno
18888,Nico Rengifo
18889,Nico Rezende
18890,Nico Santos
18891,Nico de Andrea
18892,NicoClear
18893,Nicodemus
18894,Nicola Benedetti
18895,Nicola Conte
18896,Nicola Martinucci
18897,Nicola Porpora
18898,Nicola Rescigno
18899,Nicolaas Douwma
18900,Nicolai Gedda
18901,Nicolai Ghiaurov
18902,Nicolas Candido
18903,Nicolas Cavallier
18904,Nicolas Colicos
18905,Nicolas Economou
18906,Nicolas Hodges
18907,Nicolas Horvath
18908,Nicolas Jaar
18909,Nicolas Peyrac
18910,Nicolas Rivenq
18911,Nicole Miglis
18912,Nicole Moudaber
18913,Nicole Scherzinger
18914,Nicole Serrano
18915,Nicole Visco
18916,Niconé
18917,Nictofilia
18918,Nidhi Hegde
18919,Nidia Gongora
18920,Nidingr
18921,Niek & Danny
18922,Nieko
18923,Niello
18924,Niels Geusebroek
18925,Niels Wang
18926,Niels-Henning Ørsted Pedersen
18927,Nieman
18928,Niereich
18929,Niet Altijd Rozengeur
18930,Nifelheim
18931,Nigel Akkara
18932,Nigel Sean
18933,Nigel Sparks
18934,Nigga
18935,Night Birds
18936,Night Club
18937,Night Moves
18938,Night Tempo
18939,Night to Remember
18940,Nightcall
18941,Nightcraft
18942,Nightcrawler
18943,Nightcrawlers
18944,Nightmare
18945,Nightmares On Wax
18946,Nightnoise
18947,Nightwish
18948,Nihal Sadiq
18949,Nihira Joshi Deshpande
18950,Niisan
18951,Nik Davies
18952,Nik Kershaw
18953,Nik P.
18954,Nik Tendo
18955,Nikell
18956,Nikhil Chandran
18957,Nikhil D'Souza
18958,Nikhil Paul George
18959,Nikhil Swaroop
18960,Nikhil Vasudevan
18961,Nikhil mathew
18962,Nikhita Gandhi
18963,Nikhita Thapa
18964,Niki Istrefi
18965,Nikita Uday
18966,Nikk
18967,Nikka
18968,Nikki Ambers
18969,Nikki Blonsky
18970,Nikki Cislyn
18971,Nikki M. James
18972,Nikki Richars
18973,Nikki Yanofsky
18974,Nikki and the Corvettes
18975,Nikkita
18976,Nikko Culture
18977,Niklas Paschburg
18978,Niklas Strömstedt
18979,Niko Moon
18980,Niko Schwind
18981,Niko The Kid
18982,Nikol Apatini
18983,Nikolai Erdenko
18984,Nikolai Erdenko Gypsy Band
18985,Nikolay Erdenko
18986,Nikolay Kopylov
18987,Nikolay Nikitskiy
18988,Nikolett
18989,Nikos Dimitratos
18990,Nikxz
18991,Niky Nine
18992,Nil Moliner
18993,Nil Sagar
18994,Niladri Kumar
18995,Nildes Bomfim
18996,Nile Kaufman
18997,Nile Rodgers
18998,Nilesh Ahuja
18999,Nilka
19000,Nilotpal Sinha
19001,Nils August Valentin
19002,Nils Frahm
19003,Nils Hoffmann
19004,Nils Jørgen Kaalstad
19005,Nilüfer
19006,Nima A.M.
19007,Nima Alizade
19008,Nima Pourkarimi
19009,Nimda
19010,Nimo
19011,Nimrat Khaira
19012,Nina (Morgan)
19013,Nina Carr
19014,Nina Flyer
19015,Nina Hoss
19016,Nina Kraviz
19017,Nina Miranda
19018,Nina Nesbitt
19019,Nina Persson
19020,Nina Simone
19021,Nina Sky
19022,Nina Sung
19023,Nina Walker
19024,Nine Inch Nails
19025,Ninet Tayeb
19026,Ninetails
19027,Nineteen95
19028,Ninetoes
19029,Ninho
19030,Ninine Garcia and Friends
19031,Ninja
19032,Ninjasister
19033,Ninkharsag
19034,Nino Bravo
19035,Nino Laisné
19036,Nino Lucarelli
19037,Nino Moschella
19038,Ninoy Varghese
19039,Ninth
19040,Nio Garcia
19041,Niran Ünsal
19042,Niranj Suresh
19043,Niranjana Ramanan
19044,Nirina Zubir
19045,Nirmalya Humtoo Dey
19046,Nirujan
19047,Nirvana
19048,Nish
19049,Nish Asher
19050,Nishitha Menon
19051,Nishu
19052,Niska
19053,Nita (Fuel Fandango)
19054,Nite Jewel
19055,Nithinraj
19056,Nithya Balaji
19057,Nithyashree Venkataramanan
19058,Nithyasree
19059,Nithyasree Mahadevan
19060,Nitin Sawhney
19061,Nitin Shukla
19062,Nitro MC
19063,Nitrogenetics
19064,Nitrouz
19065,Nitzer Ebb
19066,Nivahshini
19067,Nivaldo Marques
19068,Nixen
19069,Niza
19070,Nizi19
19071,Nizzy Nath
19072,Niña Dioz
19073,Niña Pastori
19074,Niño Josele
19075,Nkumba System
19076,Nneka
19077,No Buses
19078,No Comment
19079,No Doubt
19080,No Future
19081,No Hopes
19082,No Party For Cao Dong
19083,No Recomendable
19084,No Saints
19085,No Spirit
19086,No Te Va Gustar
19087,No Tiene La Vaca
19088,No Use For A Name
19089,No Vacation
19090,No Way Back
19091,No.1
19092,No/Más
19093,Noa Kirel
19094,Noa Sandberg
19095,Noah Cyrus
19096,Noah Kahan
19097,Noah Powa
19098,Noah Reid
19099,Noah Wilding
19100,Noan
19101,Nobodys
19102,NobruDJ
19103,Nobukazu Takemura
19104,Nobuko Imai
19105,Nobunny
19106,Nocivo Shomon
19107,Nockis
19108,Noctilucent
19109,Nocturnal Depression
19110,Noda de Caju
19111,Noel GC
19112,Noel Gallagher
19113,Noel Holler
19114,Noel James
19115,Noel Kharman
19116,Noel Schajris
19117,Noel Toms
19118,Nogizaka46
19119,Nohidea
19120,Noice
19121,Noir
19122,Noise Cartel
19123,Noisecontrollers
19124,Noisecream
19125,Noisekick
19126,Noisestorm
19127,Noisettes
19128,Noisia
19129,Noisy
19130,Noite Ilustrada
19131,Noize Suppressor
19132,Noizer
19133,Noizu
19134,Nokawa
19135,Nokyo
19136,Nolasco
19137,Nollex
19138,Nolly
19139,Nolz
19140,Nomad
19141,Nomade Orquestra
19142,Nomadic Voice
19143,Nomadico
19144,Nomcebo Zikode
19145,Nomi Bontegard
19146,Nomo
19147,None Like Joshua
19148,Noni (Lori Meyers)
19149,Nonpalidece
19150,Nonpoint
19151,Nonô
19152,Noodle & Pals
19153,NoooN
19154,Noor Chahal
19155,Noor Mohammad
19156,Noora Louhimo
19157,Nooran Sisters
19158,Noorin Shereef
19159,Noortje Herlaar
19160,Noosa Heads
19161,Nora Andersson
19162,Nora En Pure
19163,Nora Fatehi
19164,Nora Fischer
19165,Nora Lee García
19166,Nora Van Elken
19167,Norah Jones
19168,Norbert Leo Butz
19169,Norberto Bertassi
19170,Nordjevel
19171,Noriega
19172,Noriel
19173,Noriyasu Takeuchi
19174,Noriyuki Makihara
19175,Norlie & KKV
19176,Norm Ender
19177,Norma Jean
19178,Norma Jean Bell
19179,Norma Jean Martine
19180,Norma Tanega
19181,Norman Blake
19182,Norman Connors
19183,Norman Dück
19184,Norman Langen
19185,Normani
19186,Norrhem
19187,Norris Man
19188,Norris Melcher
19189,Norrona
19190,North Polo
19191,North Texas Wind Symphony
19192,Northern Lite
19193,Northlane
19194,Nosa
19195,Nosaj Thing
19196,Nosfell
19197,Nosferatu
19198,Nossa Toca
19199,Nosso Sentimento
19200,Nosstress
19201,Nostalgia 77
19202,Nostalgic
19203,Nostalgique
19204,Nostra Morte
19205,Not Famous
19206,Not Half Bad
19207,Not The Father
19208,NotEvenTanner
19209,Notch
19210,Note U
19211,NothingNothingNothing
19212,Notnice
19213,Notorious Nasty
19214,Nouha Matlouni
19215,Nounours
19216,Nourey
19217,Nouvelle Vague
19218,Nova Issue
19219,Nova Jae
19220,Nova Norda
19221,Nova Twins
19222,Novel Core
19223,Novelbright
19224,Novelists FR
19225,Novia Bachmid
19226,Novo Amor
19227,Novo Som
19228,Novos Baianos
19229,Nowator
19230,Nox Novacula
19231,Nox Vahn
19232,Noxa
19233,Noxious D
19234,Noyade
19235,Ntosh Gazi
19236,Nu
19237,Nu Shooz
19238,Nu:Logic
19239,Nu:Tone
19240,Nucleya
19241,Nujabes
19242,Nuket
19243,Nulbarich
19244,Nullzweizwei
19245,Numa
19246,Numb
19247,Nupur Pant
19248,Nupur Sanon
19249,Nura
19250,Nurettin Rençber
19251,Nurjannah Qurratul’ Farhaien
19252,Nursery Rhymes
19253,Nursery Rhymes and Kids Songs
19254,Nushrratt Bharuccha
19255,Nusky
19256,Nusrat Fateh Ali Khan
19257,Nuxe
19258,Nvr/Mnd
19259,NvshoFlight
19260,Nxtwave
19261,Nyako
19262,Nyctalllz
19263,Nyema
19264,Nyla
19265,Nylonwings
19266,Nymfo
19267,Nyno Vargas
19268,NyoMii
19269,Nyptane
19270,Nysha Fathima
19271,Nysix Music
19272,Nytrix
19273,Nyumo
19274,NÉONHÈART
19275,NÜ
19276,Näääk
19277,Néstor Ló y Los Caminantes
19278,Nêgo Jhá
19279,Nívea Soares
19280,Nükhet Duru
19281,Nükleer Başlıklı Kız
19282,NŪR
19283,O Muro de Pedra
19284,O Rappa
19285,O Surto
19286,O Teatro Mágico
19287,O Tortuga
19288,O Tubarão
19289,O k O
19290,O'Death
19291,O'Flynn
19292,O-Hund
19293,O. B. Buchana
19294,O.B.F
19295,O.G.L.B.
19296,O.L.I.V.I.A
19297,O.S. Arun
19298,OAFF
19299,OBK
19300,OBOY
19301,OCULA
19302,OConnor
19303,ODESZA
19304,ODZ
19305,OEKIIN
19306,OFFAIAH
19307,OG Das
19308,OG Keemo
19309,OH MY GIRL
19310,OHAYO
19311,OHMYMEITING
19312,OJKB
19313,OKAMOTO'S
19314,OKAY! KENJI
19315,OLAN
19316,OLIVIA VENNER
19317,OMAS
19318,OMNIA
19319,ONE OK ROCK
19320,ONE PROMISE
19321,ONE Service
19322,ONEIL
19323,ONEUS
19324,ONI
19325,ONMYO-ZA
19326,ONNiKA
19327,ONR
19328,ONYVAA
19329,OOMPH!
19330,OQuadro
19331,ORANGE RANGE
19332,ORM
19333,OSAMU SATO
19334,OSHUN
19335,OST
19336,OTRAFITTA
19337,OUTROEU
19338,OXLEE
19339,OZZIE
19340,Oasis
19341,Oatmello
19342,Oaty.
19343,Ob Ignitt
19344,Oba Reengy
19345,Obfusc
19346,Obi
19347,Obie Hans
19348,Obie Trice
19349,Obituary
19350,Oblivians
19351,Obscurity
19352,Obskür
19353,Occams Laser
19354,Ocean Currents
19355,Ocean Grove
19356,Ocean Sleep Sounds
19357,Ocean Sounds
19358,Ocean Sounds Collection
19359,Ocean Sounds Plus
19360,Ocean Sounds XLE Library
19361,Ocean Waves For Sleep
19362,Ocean Waves Sleep Aid
19363,Oceans
19364,Oceans Ate Alaska
19365,Oceanvs Orientalis
19366,Ochre
19367,Ocie Elliott
19368,Ocoeur
19369,Ocote Soul Sounds
19370,Ocoyaje
19371,Octave One
19372,Octavian
19373,Odd Mob
19374,Odd Nordstoga
19375,Odd Shapes
19376,Odd Vibez
19377,Oden & Fatzo
19378,Odepth
19379,Odia Coates
19380,Odina
19381,Odio a Botero
19382,Odissi
19383,Odium
19384,Odraza
19385,Of Mice & Men
19386,Of Monsters and Men
19387,Of Virtue
19388,Ofenbach
19389,Off With Their Heads
19390,Official HIGE DANdism
19391,Offmind
19392,Offset
19393,Oficina G3
19394,Oficina G3 e Roberto Diamanso
19395,Oga Beats
19396,Oguz Aksaç
19397,Oh Gosh
19398,Oh Honey
19399,Oh No
19400,Oh The Larceny
19401,Oh Wonder
19402,"Oh, Sleeper"
19403,Ohana Bam
19404,Ohash
19405,Ohota
19406,Ohwin
19407,Oingo Boingo
19408,Ok Goos
19409,Okay Kaya
19410,Okey Dokey
19411,Okieriete Onaodowan
19412,Oklou
19413,Oktav
19414,Okwei V. Odili
19415,Ol Kainry
19416,Ol' Dirty Bastard
19417,Ola & The Janglers
19418,Olaf Bär
19419,Olaf Henning
19420,Olamide
19421,Olavi Virta
19422,Old & In The Way
19423,Old 97's
19424,Old Crow Medicine Show
19425,Old G
19426,Old Man's Child
19427,Old Mervs
19428,Old Norse
19429,Old Salt Union
19430,Old Sea Brigade
19431,OldPurp
19432,Oldilla
19433,Ole Ole
19434,Ole ohne Kohle
19435,Ole-Bjørn Talstad
19436,Oleg Anofriyev
19437,Oleg Pogudin
19438,Olele
19439,Oleska
19440,Oleta Adams
19441,Olga Del Grossi
19442,Olga Merediz
19443,Olga Voronets
19444,Olga Watts
19445,Oli Bloom
19446,Oli Sykes
19447,Oli Votti
19448,Oli XL
19449,Oli. P
19450,Olive
19451,Oliver Cheatham
19452,Oliver Cricket
19453,Oliver DeVille
19454,Oliver Dollar
19455,Oliver Frank
19456,Oliver Heldens
19457,Oliver Huntemann
19458,Oliver Koletzki
19459,Oliver Nelson
19460,Oliver Petkovski
19461,Oliver Schories
19462,Oliver Shanti & Friends
19463,Oliver Smith
19464,Oliver Tree
19465,Oliver Wallace
19466,Oliver Young
19467,Oliverse
19468,Olivia Addams
19469,Olivia Belli
19470,Olivia Dean
19471,Olivia Doray
19472,Olivia Foa'i
19473,Olivia Holt
19474,Olivia Lobato
19475,Olivia Lunny
19476,Olivia Newton-John
19477,Olivia O'Brien
19478,Olivia Ong
19479,Olivia Penalva
19480,Olivia Rodrigo
19481,Olivia Sebastianelli
19482,Olivier Abeille
19483,Oliviero de Fabritiis
19484,Olivver the Kid
19485,Olle Ljungström
19486,Ollie
19487,Ollie MN
19488,Ollie Wride
19489,Olly James
19490,Olmos
19491,Olodum
19492,Olu Dara
19493,Olívia
19494,Olívia Ferreira
19495,Omah Lay
19496,Omar Akram
19497,Omar Apollo
19498,Omar Cunningham
19499,Omar LinX
19500,Omar Mollo
19501,Omar Montes
19502,Omar Mukhtar
19503,Omar Noir
19504,Omar S
19505,Omar Santana
19506,Omar Varela
19507,Omar101
19508,Omega Squad
19509,Omegatypez
19510,OmenXIII
19511,Omiki
19512,Omix Music
19513,Omnia
19514,Omoinotake
19515,Omri Grummet
19516,On-U Sound
19517,OnDaMiKe
19518,Onasander
19519,Once Ensemble
19520,Once Mekel
19521,Once On This Island Storytellers
19522,Ondamike
19523,Ondas Alfa
19524,Ondas Delta
19525,Ondatrópica
19526,Ondi Vil
19527,Ondrej Lenard
19528,Ondubground
19529,One Direction
19530,One Hope
19531,One Man Army And The Undead Quartet
19532,One Service Project
19533,One True God
19534,One Voice Children's Choir
19535,One Way
19536,OneRepublic
19537,Oneness Of Juju
19538,Onk Lou
19539,Only U
19540,Onni
19541,Ontspanning Sound
19542,Ontspanning en meditatie voor mij
19543,Onur Akın
19544,Onur Atli
19545,Onur Can Özcan
19546,Onur Ormen
19547,Onyx
19548,Onyx Kids
19549,Onze:20
19550,Onã
19551,Ookay
19552,Oompa-Loompas
19553,Oonagh
19554,Ooyy
19555,Open Farra
19556,Opera IX
19557,Operation Ivy
19558,Opetaia Foa'i
19559,Opeth
19560,Ophidian
19561,Opi the Hit Machine
19562,Opposite Ways
19563,Opposite the Other
19564,Optical
19565,Opção 3
19566,Or3o
19567,Orange Villa
19568,Orbit Culture
19569,Orbit1
19570,Orbital
19571,Orchester Viva Musica!
19572,Orchester der Deutschen Oper Berlin
19573,Orchester der Vereinigten Bühnen Wien
19574,Orchestra
19575,Orchestra Baobab
19576,Orchestra Del Teatro Alla Scala Di Milan
19577,"Orchestra Del Teatro Alla Scala, Milano"
19578,Orchestra Del Teatro Dell'Opera Di Roma
19579,Orchestra La Scintilla
19580,Orchestra Sinfonica Nazionale della RAI di Torino
19581,Orchestra Sinfonica Nazionale della Rai
19582,Orchestra Sinfonica di Milano Giuseppe Verdi
19583,Orchestra del Maggio Musicale Fiorentino
19584,Orchestra del Teatro Arena di Verona
19585,Orchestra del Teatro Comunale di Bologna
19586,Orchestra dell'Accademia Nazionale di Santa Cecilia
19587,Orchestra of the Bolshoi Theatre
19588,"Orchestra of the Royal Opera House, Covent Garden"
19589,Orchestral Manoeuvres In The Dark
19590,Orchestre De La Cite
19591,Orchestre De La Société Des Concerts Du Conservatoire
19592,Orchestre Du Capitole De Toulouse
19593,Orchestre Du Domaine Musical
19594,Orchestre National Du Capitole De Toulouse
19595,Orchestre Philharmonique De Strasbourg
19596,Orchestre Philharmonique de Radio France
19597,Orchestre Symphonique de Montréal
19598,Orchestre de Chambre de Lausanne
19599,Orchestre de Paris
19600,Orchestre de l'Opéra National de Paris
19601,Orchestre de l'Opéra de Lyon
19602,Orchestre du Theatre National de IOpera-Comique
19603,Orchestre du Théâtre National de l'Opéra Paris
19604,Oreia
19605,Orestes Cufaro
19606,Orfeo Orchestra
19607,Organ Tapes
19608,Organic Sound
19609,Orgone
19610,Orgy
19611,Orhan Gencebay
19612,Oriente
19613,Origami
19614,Origin Unknown
19615,"Original (German) Cast of ""Tanz Der Vampire"""
19616,Original Broadway Cast Of Evita
19617,Original Broadway Cast of Dear Evan Hansen
19618,Original Broadway Cast of Frozen
19619,Original Broadway Cast of Hamilton
19620,Original Broadway Cast of Pretty Woman
19621,Original Broadway Company Of Elf The Musical
19622,Original Cast of Amélie
19623,Original Evita Cast
19624,Original Jahsman
19625,Original London Cast of Bombay Dreams
19626,Original Sin
19627,Original Television Cast of the Wiz LIVE!
19628,Original West End Cast of Heathers
19629,Orion Sun
19630,Orion Weiss
19631,Orjan Nilsen
19632,Orkan
19633,Orkes Panawijen
19634,Orking
19635,Orkundk
19636,Orla Gartland
19637,Orla and the Stars
19638,Orlando Julius
19639,Orlando Marin
19640,Orlando Medina
19641,Orlando Quartet
19642,Orlando Voorn
19643,Orloge Simard
19644,Ornette
19645,Orny Adams
19646,Orochi
19647,Orquesta Aragón
19648,Orquesta Color Tango De Roberto Alvarez
19649,Orquesta El Arranque
19650,Orquesta Francini-Pontier
19651,Orquesta Harlow
19652,Orquesta Inmensidad
19653,Orquesta Internacional Los Niches
19654,Orquesta Juan D' Arienzo
19655,Orquesta La Solucion
19656,Orquesta Mondragon
19657,Orquesta Mulenze
19658,Orquesta Nacional De España
19659,Orquesta Osvaldo Pugliese
19660,Orquesta Silbando
19661,Orquesta Tipica
19662,Orquesta Tipica Buenos Aires
19663,Orquesta Tipica Fernandez Fierro
19664,Orquesta Tipica Porteña
19665,Orquesta Tipica Victor
19666,Orquesta Típica Porteña
19667,Orquesta de Alfredo De Angelis
19668,Orquesta de Horacio Salgán
19669,Orquesta de Héctor Varela
19670,Orquesta de Leopoldo Federico
19671,Orquesta de Miguel Caló
19672,Orquestra Afrosinfônica
19673,Orquestra Brasileira de Música Jamaicana
19674,Orquestra Fantasma
19675,Orquestra Filarmônica de São Caetano do Sul
19676,Orquestra Ouro Preto
19677,Orquestra Simfònica de Barcelona i Nacional de Catalunya
19678,Orquestra Voadora
19679,Orsa Spelmän
19680,Orup
19681,Oryane
19682,Os Arrais
19683,Os Barões Da Pisadinha
19684,Os Gargantas De Ouro
19685,Os Levitas
19686,Os Monarcas
19687,Os Mulekes
19688,Os Mutantes
19689,Os Originais Do Samba
19690,Os Paralamas Do Sucesso
19691,Os Parazim
19692,Os Replicantes
19693,Os Serranos
19694,Os Travessos
19695,Os Virgulóides
19696,Osaka
19697,Oscar Anton
19698,Oscar Castro-Neves
19699,Oscar D'León
19700,Oscar Herrero
19701,Oscar Hollis
19702,Oscar Larroca
19703,Oscar Larrocca
19704,Oscar López Ruiz
19705,Oscar Mas
19706,Oscar Mbo
19707,Oscar Mulero
19708,Oscar N
19709,Oscar Peterson
19710,Oscar Roland
19711,Oscar Soares
19712,Oscar Velasquez
19713,Oscar Welsh
19714,Oscar and the Wolf
19715,Oscillian
19716,Oscu
19717,Osho Jain
19718,Osibisa
19719,Osipov State Russian Folk Orchestra
19720,Oskar Fjeldstad-Bergheim
19721,Oskar Linnros
19722,Oskar Schuster
19723,Oski
19724,Oslo Ess
19725,OsloEinz
19726,Osman Altun
19727,Osman Mir
19728,Osmar Maderna
19729,Osquel
19730,Ost
19731,Ostravská banda
19732,Osvaldo Berlingieri y su Orquesta
19733,Osvaldo Fresedo
19734,Osvaldo Fresedo y su Orquesta Típica
19735,Osvaldo Pugliese
19736,Osvaldo Pugliese y su Orquesta
19737,Oswaldo Montenegro
19738,Otaku
19739,Otar Saralidze
19740,Otep
19741,Otherwise
19742,Otis Redding
19743,Otnicka
19744,Oto Roth
19745,Otros Aires
19746,Ottavio Lourenço
19747,Ottawan
19748,Otter Berry
19749,Ottmar Liebert
19750,Otto
19751,Otto Klemperer
19752,Otto Knows
19753,Otto Wunderbar
19754,Ottomar Borwitzky
19755,Ottorino Respighi
19756,"Our Hollow, Our Home"
19757,Our Lady Peace
19758,Our Last Night
19759,OurVinyl
19760,Ouse
19761,Ouseppachan
19762,Out Of Control Army
19763,Out of Nowhere
19764,Outblast
19765,Outbreak
19766,Outfly
19767,Outlawz
19768,Outside Broadcast Recordings
19769,Outsiders
19770,Outta Pocket
19771,Outwild
19772,Oval
19773,Over Distortion
19774,Overkill
19775,Overklig
19776,Overseer
19777,Owe Thörnqvist
19778,Owem-G
19779,Owen Westlake
19780,Owl City
19781,Owl Vision
19782,Ownglow
19783,Oxford Camerata
19784,Oxford Schola Cantorum
19785,Oxia
19786,Oxide & Neutrino
19787,Oxlade
19788,Oxya
19789,Oyh!
19790,Ozan Çolakoğlu
19791,Ozbi
19792,Ozelot
19793,Ozoro
19794,Ozuna
19795,OzzaWorld
19796,Ozzie Kotani
19797,Ozzy
19798,Ozzy Osbourne
19799,Ozéias de Paula
19800,P Money
19801,P!nk
19802,P-Square
19803,P. Susheela
19804,P.A.V
19805,P.L.F.
19806,P.O.D.
19807,P.O.S
19808,P.Priime
19809,PA Sports
19810,PA69
19811,PALOSUEÑO
19812,PANE
19813,PANGEA
19814,PAPA TANK
19815,PARTYNEXTDOOR
19816,PASSEPIED
19817,PAV4N
19818,PAVLO
19819,PAWLIE POIZN
19820,PBR Streetgang
19821,PE$O PETE
19822,PEACE MAKER!
19823,PEARS
19824,PEDRO SAMPAIO
19825,PEEKABOO
19826,PELICAN FANCLUB
19827,PENTAGON
19828,PEPO
19829,PERMEATE
19830,PERSONZ
19831,PG
19832,PH e Michel
19833,PHARAOH
19834,PHD
19835,PIG
19836,PIÑA PINK
19837,PJ Harding
19838,PJ Harvey
19839,PJ Masks
19840,PK Delas
19841,PKF – Prague Philharmonia
19842,PL ATL
19843,PL Quest
19844,PLANT
19845,PLAZA
19846,PLK
19847,PLYA
19848,PLÜM
19849,PMCE Parco Della Musica Contempornea Ensemble
19850,PNAU
19851,PNL
19852,POORSTACY
19853,POPR3B3L
19854,PRAYER
19855,PRDX
19856,PRETTY YOUNG
19857,PRETTYMUCH
19858,PRIME
19859,PRINSH
19860,PROFF
19861,PRXZM
19862,PS1
19863,PSO THUG
19864,PSY
19865,PUBLIC
19866,PUNPEE
19867,PVRIS
19868,PXNDX
19869,PYLOT
19870,Pa Salieu
19871,Paavo Järvi
19872,Pablo
19873,Pablo Alborán
19874,Pablo Arellano
19875,Pablo Briceño
19876,Pablo C Fuentes
19877,Pablo Chill-E
19878,Pablo Fierro
19879,Pablo Francisco
19880,Pablo González
19881,Pablo López
19882,Pablo Martin
19883,Pablo Mas
19884,Pablo Montero
19885,Pablo Moses
19886,Pablo Motta
19887,Pablo Pesadilla
19888,Pablo Valle Sexteto
19889,Pablo YG
19890,Pablo Ziegler
19891,Pacific Avenue
19892,Pacific Express
19893,Pacificadores
19894,Paco Amoroso
19895,Paco Cañedo
19896,Paco Osuna
19897,Paco Ruiz
19898,Paco de Lucía
19899,Padmaja Sreenivasan
19900,Padmalatha
19901,Padra
19902,Padre Adriano Zandoná
19903,Padre Agnaldo José
19904,Padre Fábio De Melo
19905,Padre Gleuson Gomes
19906,Padre Juarez de Castro
19907,Padre Marcelo Rossi
19908,Padre Marcos
19909,Padre Omar
19910,Padre Reginaldo Manzotti
19911,Padre Zeca
19912,Padre Zezinho
19913,Padre Zezinho scj
19914,Paffendorf
19915,Page Hamilton
19916,Pagode da Tia Doca
19917,Paige O'Hara
19918,Pailhead
19919,Pailita
19920,Pain
19921,Painel de Controle
19922,Painkiller
19923,Paintamelody
19924,Paipy
19925,Paiva Prod
19926,Pakho Chau
19927,Pal Joey
19928,Palademix
19929,Palak Muchhal
19930,Palakad Sreeram
19931,Palamuru Jangireddy
19932,Palash Sen
19933,Palavra Cantada
19934,Palavrantiga
19935,Palaye Royale
19936,Paleontologist Paloma
19937,Palito Ortega
19938,Pallavi Nayak
19939,Palle Mikkelborg
19940,Paloma Faith
19941,Paloma Possi
19942,Paloma San Basilio
19943,Palov
19944,Pamela
19945,Pamputtae
19946,Pamungkas
19947,Pan Mei Chen
19948,Pan Xiu Qiong
19949,Pan-Pot
19950,Panache Desai
19951,Panagiotis Margaris
19952,Panam y Circo
19953,Panama
19954,Pancake Manor
19955,Pancho Barraza
19956,Pancho Uresti
19957,Panda Bear
19958,Panda Da Panda
19959,Panda Dub
19960,Pandamic
19961,Pandit Jasraj
19962,Pandrezz
19963,Panic! At The Disco
19964,Panico
19965,Panjabi Hit Squad
19966,Panjabi MC
19967,Pankaj Sakha
19968,Pankaj Udhas
19969,Panopticon
19970,Panta Ray
19971,Panta Rhei
19972,Panta Son
19973,Pantelis Thalassinos
19974,Panteon Rococo
19975,Pantera
19976,Pantha Du Prince
19977,Panther Chan
19978,Panthy
19979,Pantomiman
19980,Paola Carla
19981,Paolo Arrivabeni
19982,Paolo De Santis
19983,Paolo Grazzi
19984,Paolo Nutini
19985,Paolo Pellegrino
19986,Paolo Plaza
19987,Paolo Ronaldo
19988,Papa Dance
19989,Papa Khan
19990,Papa Roach
19991,Papa San
19992,Papa Topo
19993,Papa Winnie
19994,Papa Ya
19995,Papas Da Língua
19996,Papazoni
19997,Papi Pier
19998,Papik
19999,Papithbk
20000,Papo Lucca
20001,Papon
20002,Pappenheimer
20003,Pappo
20004,Pappo Y Hoy No Es Hoy
20005,Pappo's Blues
20006,Paprodziad
20007,Papucho Manana Club
20008,Paquito Guzman
20009,Parabellum
20010,Parachute
20011,Parade Ensemble
20012,Paradigm
20013,Paradis
20014,Paradise Lost
20015,Paradoks
20016,Paradox
20017,Parah Dice
20018,Paralisis Permanente
20019,Param Singh
20020,Paramore
20021,Parampara Tandon
20022,Parangolé
20023,Paranoizer
20024,Paraná
20025,Paraone
20026,Paras Nath
20027,Paravi
20028,Parcels
20029,Pardeep Singh Sran
20030,Pardyalone
20031,Paresh Kamath
20032,Parham
20033,Pari Eskandari
20034,Parijat
20035,Parimal Shais
20036,Parineeti Chopra
20037,Paris Blohm
20038,Paris Brightledge
20039,Paris Conservatoire Orchestra
20040,Paris Hilton
20041,Paris Opera Orchestra
20042,Paris Shadows
20043,Paris Symphony Orchestra
20044,Park Avenue
20045,Parker Jack
20046,Parker Jenkins
20047,Parker McCollum
20048,Parkinson NL
20049,Parkway Drive
20050,Parliavox
20051,Parmalee
20052,Parquet Courts
20053,Parra for Cuva
20054,Parsa Hadavi
20055,Parsa Shomali
20056,Parson James
20057,Part Time
20058,Parthiv Gohil
20059,Partillo
20060,Partners-N-Crime
20061,Party Animals
20062,Party Favor
20063,PartyZany
20064,PartyfrieX
20065,Partynator
20066,Partyraiser
20067,Parveen Sultana
20068,Pascal Junior
20069,Pascal Letoublon
20070,Pascal Rogé
20071,Pascale Faye
20072,Paschim Films
20073,Pascow
20074,Pasi Ruohonen
20075,PassCode
20076,Passenger
20077,Passion
20078,Passion Pit
20079,Pat Appleton
20080,Pat Barrett
20081,Pat Boone
20082,Pat Capocci
20083,Pat Carroll
20084,Pat Fulgoni
20085,Pat Kalla
20086,Pat Kujala
20087,Pat Laine
20088,Pat Lawson
20089,Pat Martino
20090,Pat Metheny
20091,Pat Powell
20092,Pat Thomas
20093,Pata de Urso
20094,Patan
20095,Patchworks
20096,Pater Moeskroen
20097,Pathology
20098,Patient Zero
20099,Patina Miller
20100,Patio 4
20101,Pato Fu
20102,Pato Machete
20103,Patoranking
20104,Patrice
20105,Patrice Bäumel
20106,Patrice Roberts
20107,Patrice Rushen
20108,Patricia Janečková
20109,Patricia Petibon
20110,Patricio Rey y sus Redonditos de Ricota
20111,Patricio Sid
20112,Patrick Bach
20113,Patrick Brasca
20114,Patrick Doyle
20115,Patrick Droney
20116,Patrick Fiori
20117,Patrick Guevara
20118,Patrick Hagenaar
20119,Patrick Hernandez
20120,Patrick Hofmann
20121,Patrick Kelly
20122,Patrick Lindner
20123,Patrick Lite
20124,Patrick O'Hearn
20125,Patrick Page
20126,Patrick Saussois
20127,Patrick Stanke
20128,Patrick Topping
20129,Patrick Wilson
20130,Patrickananda
20131,Patrik Arve (Swedish Tiger)
20132,Patrik Berg Almkvisth
20133,Patrik Isaksson
20134,Patrizio
20135,Patrizio Buanne
20136,Patron
20137,Patti Austin
20138,Patti LaBelle
20139,Patti LuPone
20140,Patti Murin
20141,Patti Rothberg
20142,Patti Smith
20143,Patton Oswalt
20144,Patty Shukla
20145,Paty Cantú
20146,Paté de Fuá
20147,Paul & Paula
20148,Paul Anka
20149,Paul Baloche
20150,Paul Bateman
20151,Paul Bender
20152,Paul Byrom
20153,Paul Cardall
20154,Paul Carrack
20155,Paul Castree
20156,Paul Chambers
20157,Paul Collins
20158,Paul Cook
20159,Paul Daley
20160,Paul Denton
20161,Paul Dowling
20162,Paul Elstak
20163,Paul Emmerich
20164,Paul Gemignani
20165,Paul Gerlinger
20166,Paul Gilbert
20167,Paul Gmeinder
20168,Paul Hartnoll
20169,Paul J. Smith
20170,Paul Johnson
20171,Paul Julien
20172,Paul Kalkbrenner
20173,Paul Kandel
20174,Paul Leonard-Morgan
20175,Paul Lewis
20176,Paul Livingstone
20177,Paul Lock
20178,Paul Marmota
20179,Paul McCartney
20180,Paul McClure
20181,Paul McCreesh
20182,Paul Oakenfold
20183,Paul Randolph
20184,Paul Ritch
20185,Paul Simon
20186,Paul Speer
20187,Paul St. Hilaire
20188,Paul Thomas
20189,Paul Togioka
20190,Paul Westerberg
20191,Paul Weston And His Orchestra
20192,Paul Williams
20193,Paul Woolford
20194,Paul Young
20195,Paul van Dyk
20196,Paula Hartmann
20197,Paula Koops
20198,Paula Mattos
20199,Paula Pera y el fin de los Tiempos
20200,Paula Pomeraniek
20201,Paula Santos
20202,Paula Seifert
20203,Paula Toller
20204,Paula Tsui
20205,Paula Vesala
20206,Paulina Rubio
20207,Pauline Herr
20208,Paulinho Da Viola
20209,Paulinho Mocelin
20210,Paulinho Moska
20211,Paulo Cesar Baruk
20212,Paulo Diniz
20213,Paulo Londra
20214,Paulo Morello
20215,Paulo Nazareth
20216,Paulo Neto
20217,Paulo Novaes
20218,Paulo Pires
20219,Paulo Ramos
20220,Paulo Ricardo
20221,Paulo Rogerio
20222,Paulo Rogério
20223,Paulo Sérgio
20224,Paulo Zuckini
20225,Pav Dharia
20226,Pavan
20227,Paveier
20228,Pavel Gililov
20229,Pavel Nersessian
20230,Pavilhão 9
20231,Pavithra Chari
20232,Pavithra Mohandas
20233,Pavitra Krishnan
20234,Pavo
20235,Pavol Maurery
20236,Pawan Ch
20237,Pawan Nair
20238,Pawandeep Rajan
20239,Paweł Ciołkosz
20240,Paweł Szymański
20241,Pawl
20242,Payal Dev
20243,Paycheck
20244,Payung Teduh
20245,Paz Interior
20246,Pazoo
20247,Pe & Pa
20248,Pe. Fábio de Melo
20249,Peace Orchestra
20250,Peaceful Dreams
20251,PeachTree
20252,Peaches & Herb
20253,Peachy!
20254,Pearl Andersson
20255,Pearl Jam
20256,Pearl Melendez
20257,Pearl Sun
20258,Pearle Maaney
20259,Pearly Pride
20260,Peces Raros
20261,Peck
20262,Pede B
20263,Pedestrian
20264,Pedra Leticia
20265,Pedrinho Pegação
20266,Pedrinho Pisadinha
20267,Pedro Altério
20268,Pedro Arroyo
20269,Pedro Aznar
20270,Pedro Caceres
20271,Pedro Capó
20272,Pedro Conga
20273,Pedro Fernández
20274,Pedro Gonçalves
20275,Pedro Haldemann
20276,Pedro Henrique
20277,Pedro Laurenz
20278,Pedro Lopes
20279,Pedro Lotto
20280,Pedro Luís
20281,Pedro Paulo & Alex
20282,Pedro Sanchez e Thiago
20283,Pedro Schin
20284,Pedro Senna
20285,Pedro Vargas
20286,Pedro Vuks
20287,Pedro Y Pablo
20288,Pedropiedra
20289,Pee Wee Gaskins
20290,PeelingFlesh
20291,Peer Augustinski
20292,Peer Kusiv
20293,Pegato
20294,Pegboy
20295,Peggy Lee
20296,Peia
20297,Peigi Barker
20298,Peixelétrico
20299,Pele MilFlows
20300,Peligrosos Gorriones
20301,Pelle Ankarberg
20302,Pelle Emil Hebsgaard
20303,Pendulum
20304,Penelope Scott
20305,Penny Jayne Black
20306,Penny Layn
20307,Penny Pincher
20308,Penny Tai
20309,Penny and Sparrow
20310,Pennywise
20311,Pense
20312,Pensen Paletti
20313,Pentagram
20314,Pentatones
20315,Penumbra
20316,People In The Box
20317,Peor es Nada
20318,Pep Starling
20319,Pepe Aguirre
20320,Pepe De Pura
20321,Pepe Jara
20322,Pepe Palme
20323,Pepelota
20324,Pepeu Gomes
20325,Pepinilla
20326,Pepita
20327,Pepita Slappers
20328,Peppa Pig
20329,Peppa Pig Stories
20330,Pepper Gomez
20331,Pepper and Po
20332,Per Gessle
20333,Per Myrberg
20334,Pera
20335,Perc
20336,Perception
20337,Percubaba
20338,Percy Sledge
20339,Perdenin Ardındakiler
20340,Perera DJ
20341,Pereza
20342,Perfect Meditation
20343,Perfume
20344,Perfume Genius
20345,Pericles
20346,Perikles
20347,Periphery
20348,Perk Pietrek
20349,Perl
20350,Perlla
20351,Perlo
20352,Pernilla Andersson
20353,Pernille Bruun
20354,Pernille Højgaard
20355,Pernille Sommerfeldt
20356,Perplexer
20357,Perrin Moss
20358,Perry Como
20359,Perry Farrell
20360,Perrysburg High School Select Strings
20361,Persia
20362,Persis John
20363,Personal and The Pizzas
20364,Pert Near Sandstone
20365,Perturbator
20366,Peruzzi
20367,Pescado Rabioso
20368,Peshay
20369,Pessto
20370,Pestilence
20371,Pet Shop Boys
20372,"Pete ""El Conde"" Rodriguez"
20373,Pete Bellis
20374,Pete Bellis & Tommy
20375,Pete Bernhard
20376,Pete Brown
20377,Pete Crane
20378,Pete Haycock
20379,Pete Rock
20380,Pete Simpson
20381,Pete Tong
20382,Pete Townshend
20383,Pete the Cat
20384,Peteco Carabajal
20385,Peter Alexander
20386,Peter And Gordon
20387,Peter Bartlett
20388,Peter Berry
20389,Peter Bibby
20390,Peter Bjorn and John
20391,Peter Boström
20392,Peter Bradley Adams
20393,Peter Broderick
20394,Peter Cat Recording Co.
20395,Peter Cincotti
20396,Peter CottonTale
20397,Peter Davison
20398,Peter Edelmann
20399,Peter Fenn
20400,Peter Frampton
20401,Peter Friedman
20402,Peter Gregson
20403,Peter Harryson
20404,Peter Hofmann
20405,Peter Jacobson
20406,Peter Jöback
20407,Peter Kater
20408,Peter Lika
20409,Peter Lundblad
20410,Peter Maag
20411,Peter Marinos
20412,Peter Mattei
20413,Peter Matthew Bauer
20414,Peter Mikulas
20415,Peter Murphy
20416,Peter Oswald
20417,Peter Pan Speedrock
20418,Peter Piffen
20419,Peter Power
20420,Peter Rowan
20421,Peter Salem
20422,Peter Sandberg
20423,Peter Sarstedt
20424,Peter Schilling
20425,Peter Schmalfuss
20426,Peter Seiffert
20427,Peter Sprague
20428,Peter Sterling
20429,Peter Subert
20430,Peter Tetteroo
20431,Peter Tosh
20432,Peter Van De Veire
20433,Peter Van Hoesen
20434,Peter Wackel
20435,"Peter, Paul and Mary"
20436,Petra Berger
20437,Petra Espiritu
20438,Petra Scheeser
20439,Petros Idris
20440,Petros Pandis
20441,Petrus
20442,Petrus Kähkönen
20443,Petrúcio Amorim
20444,Pets Tseng
20445,Petter
20446,Petter Jølstad
20447,Pettra
20448,Petula Clark
20449,Peunubeat
20450,Peven Everett
20451,Pevê Brito
20452,Peyk
20453,Peyton Parrish
20454,Phaction
20455,Phaeleh
20456,Phanatic
20457,Phantogram
20458,Phantom Of The Opera Original London Cast
20459,Pharmacist
20460,Pharoahe Monch
20461,Pharozen
20462,Pharrell Williams
20463,Phase
20464,Phase II
20465,PhaseOne
20466,Phats & Small
20467,Phaxe
20468,Phenom
20469,Phenotas
20470,Pher
20471,Phibes
20472,Phil Coulter
20473,Phil Gonzo
20474,Phil Heaven
20475,Phil Kieran
20476,Phil Lam
20477,Phil Lynott
20478,Phil Manzanera
20479,Phil Mison
20480,Phil Tangent
20481,Phil Wickham
20482,Philadelphia Orchestra
20483,Philanthrope
20484,Philharmonia Cassovia
20485,Philharmonia Orchestra
20486,Philip
20487,Philip Ellis
20488,Philip George
20489,Philip Glass
20490,Philip Kok
20491,Philip Mayers
20492,Philip Moll
20493,Philip Sheppard
20494,Philip Strand
20495,Philip Wesley
20496,Philipp Büttner
20497,Philippe Entremont
20498,Philippe Jaroussky
20499,Philippe Katerine
20500,Philippe Lafontaine
20501,Phill Veras
20502,Phillip LaRue
20503,Phillip Phillips
20504,Phillip Spaeth
20505,Phillipa Soo
20506,"Phillips, Craig & Dean"
20507,Philly K.
20508,PhiloSofie
20509,Philosophy no Dance
20510,Phive O
20511,Phlocalyst
20512,Phobia
20513,Phoebe Bridgers
20514,Phoebe Hunt
20515,Phoebe Killdeer
20516,Phoebe One
20517,Phoebe Ryan
20518,Phoenix Orion
20519,Phoenyx
20520,Phonatics
20521,Phonk
20522,Phoria
20523,Phosphorescent
20524,Photek
20525,Photographer
20526,Phrantic
20527,Phumzile Sojola
20528,Phunard
20529,Phuture
20530,Phuture Noize
20531,Phyllis Hyman
20532,Phyno
20533,Phyric
20534,Physika
20535,Phạm Nguyên Ngọc
20536,Pia Allgaier
20537,Pia Douwes
20538,Pia Mia
20539,Piano Genie
20540,Piano Peace
20541,Piano Project
20542,Piano Radiance
20543,Piano Sunday
20544,PianoDeuss
20545,Pic Schmitz
20546,Pickin' On Series
20547,Pickpocket
20548,Pidżama Porno
20549,Pier Francesco Poli
20550,Pierce Fulton
20551,Piero Cappuccilli
20552,Piero Gamba
20553,Piero Pirupa
20554,Piero de Palma
20555,Pierre Bachelet
20556,Pierre Bokma
20557,Pierre Boulez
20558,Pierre Dervaux
20559,Pierre Gallon
20560,Pierre Kwenders
20561,Pierre Leck
20562,Pierre Perret
20563,Pierre Pierlot
20564,Pierre Törnkvist
20565,Pierre's Pfantasy Club
20566,Pietkun
20567,Pietri
20568,Pietro De Maria
20569,Pietro Lombardi
20570,Pietro Mascagni
20571,Pig Destroyer
20572,Pig&Dan
20573,Pigeon Pit
20574,Pigeonhed
20575,Pigface
20576,Pilar Moxó
20577,Pile
20578,Pilli Bebek
20579,Pillow Queens
20580,Pilo
20581,Pilz
20582,Pimp! Code
20583,Pimpernal Jones
20584,Pina Carmirelli
20585,Pina Colada Blues
20586,Pinch
20587,Pineapple StormTv
20588,Pinhani
20589,Pinhead Gunpowder
20590,Pink Boss
20591,Pink Floyd
20592,Pink Guy
20593,Pink Katana
20594,Pink Noise
20595,Pink Panda
20596,Pink Sweat$
20597,Pink Turns Blue
20598,Pinkfong
20599,Pino Daniele
20600,Pintglass
20601,Pional
20602,Piotr Beczala
20603,Piotr Gasowski
20604,Piotr Polk
20605,Piotr Wiese
20606,Pip Millett
20607,Pipe Bueno
20608,Pipe Calderón
20609,Piqo
20610,Pique
20611,Pique Novo
20612,Pirulo y la Tribu
20613,Pisadinha De Luxo
20614,Pisadinha do Vaqueiro
20615,Piso 21
20616,Pist Idiots
20617,Pit10
20618,Pitbull
20619,Pitch Black City
20620,Piter-G
20621,Pithukuli Murugadas
20622,Piti Fernández
20623,Pitizion
20624,Pittsburgh Symphony Orchestra
20625,Pitty
20626,Pity Party (Girls Club)
20627,Pixel
20628,Pixel Terror
20629,Pixies
20630,Pixote
20631,Piya Malik
20632,Piyush Bhisekar
20633,Piyush Kapoor
20634,Piyush Mehroliyaa
20635,Piyush Mishra
20636,Pizzol
20637,Piękni I Młodzi
20638,Pj Panda
20639,Pj Sin Suela
20640,Pk
20641,Plaid
20642,Plain White T's
20643,Plamina
20644,Plan 4
20645,Plan B
20646,Planet 6
20647,Planet Asia
20648,Planet Hemp
20649,Planetopia
20650,Planetshakers
20651,Planningtorock
20652,Plant
20653,Plastikman
20654,Plastilina Mosh
20655,Platero Y Tu
20656,Play School
20657,Playa Limbo
20658,Playboi Carti
20659,Playboyz
20660,Pleasure
20661,Pleasurekraft
20662,Plebe Rude
20663,Plectric
20664,Pleq
20665,Plini
20666,Plone
20667,Ploxxio
20668,Plumb
20669,Plumbo
20670,Plump DJs
20671,Plumpy Boss
20672,Plums
20673,Plus System
20674,Plácido Domingo
20675,Plínio Fernandes
20676,PmBata
20677,PnB Rock
20678,Pnc
20679,Podeserdesligado
20680,Poemme
20681,Poets of the Fall
20682,Pogo Car Crash Control
20683,Pointed Mutation
20684,Pointed Sticks
20685,Poison
20686,Poison Idea
20687,Poison Kid
20688,Poison The Well
20689,Poisonblack
20690,Poke
20691,Pokey
20692,Pokey Bear
20693,Pokáč
20694,Pol 3.14
20695,Pol Granch
20696,Pola & Bryson
20697,Pola Pilat
20698,Polar
20699,Polaris
20700,Pole.
20701,Poli
20702,Polimá Westcoast
20703,Polish Club
20704,PollyAnna
20705,Polo & Pan
20706,Polo G
20707,Polo Y Los Apson
20708,Polock
20709,Polyphonic Grain
20710,Polysomni
20711,Pomella
20712,Pomme
20713,Pompi
20714,Pomplamoose
20715,Pond
20716,Pondora
20717,Pong Nan
20718,Pongo
20719,Pontiver Bogross
20720,Ponto De Equilíbrio
20721,Ponto Nulo no Céu
20722,Pontus De Bjorn
20723,Pooh Shiesty
20724,Pooja AV
20725,Pooja Gaitonde
20726,Poolside
20727,Poop Emoji
20728,Poorva Thakur
20729,Poorvesh Dave
20730,Pop Evil
20731,Pop Shalini
20732,Pop Smoke
20733,Pop Will Eat Itself
20734,Popcaan
20735,Popeda
20736,Popek
20737,Poplane
20738,Popof
20739,Poppet Stars
20740,Poppie Swag
20741,Poppy Baskcomb
20742,Population One
20743,Porcelain Black
20744,Porcupine Tree
20745,Porfi Baloa
20746,Porky Paul
20747,PornoGraffitti
20748,Pornofilmy
20749,Porsche Love
20750,Porta
20751,Porter Robinson
20752,Portishead
20753,Portrayal of Guilt
20754,Portugal No Beat
20755,Porty
20756,Porya Hatami
20757,Posaunenquintett Berlin
20758,Poshlaya Molly
20759,Possessed by Paul James
20760,Post Animal
20761,Post Malone
20762,Postcards & Polaroids
20763,Posthuman
20764,Potential Badboy
20765,Potyguara Bardo
20766,Pouca Vogal
20767,Poupie
20768,Pouya Pour-Amin
20769,Power From Hell
20770,Power Glove
20771,Power Play
20772,Power Station
20773,Powerman 5000
20774,Powernerd
20775,Powfu
20776,Powlatzki
20777,Pr. Júlio Ribeiro
20778,Pr. Lucas
20779,Pr. Rodrigo Soeiro
20780,Prabh Deep
20781,Prabh Gill
20782,Prabha
20783,Pradeep
20784,Pradeep Kumar
20785,Pradyot De
20786,Pragathi Band
20787,Pragathi Guruprasad
20788,Pragati Joshi
20789,Prakash Alex
20790,Prakash Kumbhar
20791,Prakriti Kakar
20792,Pranav Das
20793,Pranay.M. Rijia
20794,Pranish VP
20795,Prasad
20796,Prasad Gaitonde
20797,Prasad Sawkar
20798,Prasanna
20799,Prashan Sean
20800,Prashant Katheriya
20801,Prashant Soni
20802,Prashanth R Vihari
20803,Prashanthini
20804,Prasoon Joshi
20805,Prateek Kuhad
20806,Pratibha Singh Baghel
20807,Pratik Studio
20808,Pratsofficial
20809,Praveen
20810,Preben Kristensen
20811,Precision Productions
20812,Predator
20813,Predella
20814,Preet Hundal
20815,Pregador Luo
20816,Prem
20817,Prem & Hardeep
20818,Prem Dhillon
20819,Prem Jogi
20820,Preme
20821,Premgi Amaren
20822,Preschool Popstars
20823,Prescient Liquids
20824,Presence
20825,Pressure
20826,Presto?
20827,Preston
20828,Preston Sadleir
20829,Presuntos Implicados
20830,Preta Gil
20831,Pretenders
20832,Preto no Branco
20833,Prezioso
20834,Prick
20835,Prides
20836,Priest
20837,Prigida
20838,Prim4l
20839,Primer 55
20840,Primero
20841,Primeshock
20842,Primi Cruz
20843,Primordial
20844,Prince
20845,Prince Daddy & the Hyena
20846,Prince Fatty
20847,Prince Fox
20848,Prince George
20849,Prince Paul
20850,Prince Royce
20851,Prince Swanny
20852,Prince of Falls
20853,Princess Chelsea
20854,Princess Javel
20855,Princess Nokia
20856,Principal
20857,Prins Thomas
20858,Prinx Emmanuel
20859,Prinz
20860,Prinz Pi
20861,Priscila Lopes
20862,Priscila Senna
20863,Priscila Tossan
20864,Priscilla Abby
20865,Priscilla Ahn
20866,Priscilla Alcantara
20867,Priscilla Chan
20868,Prison Affair
20869,Pritam
20870,Prithivee
20871,Private Function
20872,Prix 06
20873,Priya Andrews
20874,Priya Hemesh
20875,Priya Saraiya
20876,Priya Sisters
20877,Priyadharshini
20878,Priyashankari
20879,Prizm
20880,ProbCause
20881,Processor
20882,Procol Harum
20883,Prodigy
20884,Produto Nacional
20885,Proem
20886,Prof. Brian Cox
20887,Professor Elemental
20888,Professor Green
20889,Program2
20890,Project 1
20891,Project 5
20892,Project AER
20893,Project Grand Slam
20894,Project Malabaricus
20895,Project Omeaga
20896,Project One
20897,Project Pitchfork
20898,Project46
20899,Projeto Norte
20900,Projeto Vida Nova de Irajá
20901,Projexx
20902,Projota
20903,Prolix
20904,"Promises, Promises Ensemble (2010)"
20905,Promo
20906,Promoe
20907,Promoting Sounds
20908,Prompto
20909,Prong
20910,Pronobozo
20911,Propaganda
20912,Propagandhi
20913,Propellerheads
20914,Prosper
20915,Protassov
20916,Protest The Hero
20917,Protex
20918,Protiva
20919,Protohype
20920,Protoje
20921,Protomartyr
20922,Protostar
20923,Proxy
20924,Proyecto A
20925,Proyecto Gomez Casa
20926,Prudence
20927,Prudence Liew
20928,Prudhvi Chandra
20929,Pryce Wayne
20930,PsiloCybian
20931,Psirico
20932,PsoGnar
20933,Pst/Q
20934,Psyche/BFC
20935,Psychedelic Porn Crumpets
20936,Psycho Rhyme
20937,Psychograss
20938,Psychomantra
20939,Psychonaut 4
20940,Psychostick
20941,Psyclon Nine
20942,Psyko Punkz
20943,Pt. Jitender Abhisheki
20944,Ptazeta
20945,Public Enemy
20946,Public Library Commute
20947,Public Service Broadcasting
20948,Puchi Colon
20949,Puddle Of Mudd
20950,Puff Daddy
20951,Puja Purad
20952,Pulp
20953,Puls
20954,Pulse Mandala
20955,Pulsedriver
20956,Pumpkin
20957,Punch
20958,Punch Brothers
20959,Punctual
20960,Puneet Sikka
20961,Puneeth Rudranag
20962,Punit Singh
20963,Punitha Raja
20964,Pupy Santiago
20965,Pur
20966,Purbayan Chatterjee
20967,Purcell Choir
20968,Pure Negga
20969,Purge
20970,Puro Suco
20971,Purple Bike
20972,Purple Disco Machine
20973,PurpleTheBlue
20974,Purples
20975,Purrple Cat
20976,Puscifer
20977,Push
20978,Push Button Objects
20979,Pusha T
20980,Pushpa Sriram
20981,Pushpavanam Kuppusamy
20982,Putri
20983,Puzzle
20984,Pyko Fatal
20985,Pyotr Ilyich Tchaikovsky
20986,Pyotr Leshchenko
20987,Pyramid
20988,Pyrokine
20989,Pysh
20990,Pyt Ny
20991,Pé
20992,Péricles
20993,Pêpa Beatmaker
20994,Q*Ball
20995,Q-Tip
20996,QARAN
20997,QFX
20998,QUEEN BEE
20999,QUIN
21000,QUITAPENAS
21001,QUIX
21002,QUIZZO
21003,Qadir Khan
21004,Qaos
21005,Qasim Naqvi
21006,Qawwali
21007,Qnc
21008,Qoiet
21009,Qqbbg
21010,Qriminal
21011,Quada
21012,Quadro Nuevo
21013,Quantic
21014,Quantic and His Combo Barbaro
21015,Quantum
21016,Quarterhead
21017,Quarteto Em Cy
21018,Quartetto Italiano
21019,Quatro por Um
21020,Quatuor Zaïde
21021,Quavo
21022,Que Fieri
21023,Queen
21024,Queen D
21025,Queen Ifrica
21026,Queen Latifah
21027,Queen Millz
21028,Queen Naija
21029,Queen Omega
21030,Queen Pen
21031,Queen Wei
21032,Queens
21033,Queens of the Stone Age
21034,Queensrÿche
21035,Queensway
21036,Quench
21037,Quentin Earl Darrington
21038,Querox
21039,Ques
21040,Quest
21041,Quest!on? Mark
21042,Queta Garay
21043,Quetschn Academy
21044,Quevedo
21045,Quicksand
21046,Quicksilver Messenger Service
21047,Quiet Gaze
21048,Quiet Riot
21049,Quiet Village
21050,Quilapayún
21051,Quincas
21052,Quincas Moreira
21053,Quincy Jones
21054,Quinn Golden
21055,Quinn Joshua
21056,Quinn XCII
21057,Quinteto Negro La Boca
21058,Quinteto Pirincho
21059,Quinteto Real
21060,Quinteto S.A.
21061,Quintette du Hot Club de France
21062,Quintino
21063,Quinto Mayor
21064,Quinze
21065,Quique Neira
21066,Quique Rangel
21067,Qujila Yoluno Machi
21068,Quratulain Balouch
21069,Québec Redneck Bluegrass Project
21070,Qvckslvr
21071,Qveen Herby
21072,Qyubi
21073,R-Ash
21074,R. Carlos Nakai
21075,R. City
21076,R. D. Burman
21077,R. Kelly
21078,R. Zee
21079,R.B James
21080,R.E.M.
21081,R.I.O.
21082,R.J. Wielstra
21083,R.K.M & Ken-Y
21084,R.M.F.C.
21085,R.Sigma
21086,R.Williams
21087,R2Bees
21088,R3HAB
21089,R3SPAWN
21090,R5
21091,RAC
21092,RADWIMPS
21093,RAF Camora
21094,RAINBOW.
21095,RAM
21096,RANDALL
21097,RANI
21098,RAY
21099,RAYE
21100,RBBTS
21101,RBD
21102,RCA
21103,RCA Victor Orchestra
21104,RD
21105,RDB
21106,RDN
21107,RDX
21108,RE:UNION
21109,REAPER
21110,RED DIAMOND DOGS
21111,REI AMI
21112,RELEJI
21113,RENT STRIKE
21114,RENÉE
21115,REO Speedwagon
21116,REVIVE
21117,REZ
21118,RFB
21119,RHODES
21120,RIAS Kammerchor
21121,RIAS Symphony Orchestra Berlin
21122,RICEWINE
21123,RIDSA
21124,RIELL
21125,RILEY
21126,RIMA
21127,RINI
21128,RIOPY
21129,RIOT
21130,RJLA
21131,RK
21132,RL Grime
21133,RLLBTS
21134,RM
21135,RMK & Toppen
21136,RMaster
21137,RNSOM
21138,RNZ
21139,ROBI
21140,ROBPM
21141,ROLEON
21142,ROMÉO
21143,RORO
21144,ROSALÍA
21145,ROSÉ
21146,ROT
21147,ROTTENGRAFFTY
21148,ROY KNOX
21149,ROZES
21150,RPM
21151,RROBIN
21152,RSCL
21153,RTE Chamber Choir
21154,RTÉ National Symphony Orchestra
21155,RTÉ Philharmonic Choir
21156,RUANN
21157,RUFUZ
21158,RUMORS
21159,RUNAGROUND
21160,RUNN
21161,RUSSELL!
21162,RVIVR
21163,RVMZES
21164,RWND
21165,RY X
21166,RYLO
21167,RYUTist
21168,RYVM
21169,RYYZN
21170,RZA
21171,RZO
21172,RZRKT
21173,Ra
21174,Ra'is
21175,Raaban
21176,Raaj Aashoo
21177,Rabbi Shergil
21178,Rabbit In The Moon
21179,Rabbit Junk
21180,Rabbit Mac
21181,Rabit
21182,Rachael Yamagata
21183,Rachel Bay Jones
21184,Rachel Coloff
21185,Rachel De Benedet
21186,Rachel Feinstein
21187,Rachel Grae
21188,Rachel Halbach
21189,Rachel House
21190,Rachel Liang
21191,Rachel Lorin
21192,Rachel Masters
21193,Rachel Mcalpine
21194,Rachel Novaes
21195,Rachel Platten
21196,Rachel Portman
21197,Rachel Reis
21198,Racionais MC's
21199,Radha
21200,Radha Jayalakshmi
21201,Radha Viswanathan
21202,Radhika Madan
21203,Radiate Worship
21204,Radical
21205,Radical Face
21206,Radical Redemption
21207,Radio Catoche
21208,Radio Citizen
21209,Radio Slave
21210,Radio-Symphonie-Orchester Berlin
21211,Radio3000
21212,Radioactivity
21213,Radiohead
21214,Radiola Santa Rosa
21215,Radiorama
21216,Radom Chamber Orchestra
21217,Radoslaw Szulc
21218,Radu Lupu
21219,Rae & Christian
21220,Rae Ann
21221,Rae Morris
21222,RaeLynn
21223,Raekwon
21224,Rael
21225,Raf MC
21226,Rafa Figueroa
21227,Rafa Pinta
21228,Rafa Val (Viva Suecia)
21229,"Rafael ""Pollo"" Brito"
21230,Rafael Cerato
21231,Rafael Foxx
21232,Rafael Frare
21233,Rafael Leafar
21234,Rafael Lechowski
21235,Rafael Vázquez
21236,Raffa Torres
21237,Raffertie
21238,Raffi
21239,Raffé
21240,Rafinha o Big Love
21241,Raft
21242,Raftaar
21243,Rag'n'Bone Man
21244,Raga
21245,Rage
21246,Rage Against The Machine
21247,Ragga Twins
21248,Raggarbritta
21249,Raghav
21250,Raghav Chaitanya
21251,Raghav Meattle
21252,Raghav Sachar
21253,Raghu Dixit
21254,Raghu Vine Store
21255,Ragtime Ensemble
21256,Rah Swish
21257,Rahat Fateh Ali Khan
21258,Raheem DeVaughn
21259,Rahi
21260,Rahimah Rahim
21261,Rahmanee
21262,Rahmania Astrini
21263,Rahul Deshpande
21264,Rahul Nambiar
21265,Rahul Raj Adoor
21266,Rahul Rajeev
21267,Rahul Saxena
21268,Rahul Sipligunj
21269,Rahul Subrahmanian
21270,Rahul Sukirana
21271,Rahzel
21272,Raiatea Helm
21273,Raiden
21274,Rail Yard Ghosts
21275,Railbenders
21276,Raillow
21277,Railroad Earth
21278,Raimu
21279,Raimund Theater Ensemble
21280,Raimundo Fagner
21281,Raimundos
21282,Rain
21283,Rain Hard
21284,Rain Noise Xxl
21285,Rain Shower
21286,Rain Sleep Sounds
21287,Rain Sound Studio
21288,Rain Sounds
21289,Rain Sounds & Nature Sounds
21290,Rain Sounds & White Noise
21291,Rain Sounds Collection
21292,Rain Sounds Factory STHLM
21293,Rain Sounds Lab
21294,Rain Sounds Nature Collection
21295,Rain Sounds Sleep
21296,Rain Sounds XLE Library
21297,Rain Spa
21298,Rain Storm Sample Library
21299,Rain for Deep Sleep
21300,Rain for Sleep
21301,Rainbow
21302,Rainer Basedow
21303,Rainer Kussmaul
21304,Rainfall
21305,Rainfall For Sleep
21306,Rainhas da Farra
21307,Rainie Yang
21308,Rainlord.
21309,Rainy Lullaby
21310,Raitila Rajasthan
21311,Raj Barman
21312,Raj Meena
21313,Raj Montana Band
21314,Raj Pirate
21315,Raj Ranjodh
21316,Raj Shekhar
21317,Raja Hasan
21318,Raja Kumari
21319,Raja Ram
21320,Rajalakshmi
21321,Rajani Shridhar
21322,Rajasinga
21323,Rajat Nagpal
21324,Rajesh Roshan
21325,Rajhesh Vaidhya
21326,Rajlakshmi Devi
21327,Rajnish Saikia
21328,Rakesh Chaurasia
21329,Rakesh Kesavan
21330,Rakhooo
21331,Rakim
21332,Rakshita Suresh
21333,Rakz Radiant
21334,Ralf
21335,Ralf Hildenbeutel
21336,Ralf Scheepers
21337,Ralph Castelli
21338,Ralph McTell
21339,Ralph Stanley
21340,Ralphi Rosario
21341,Ralphie B
21342,Ralphie Dee
21343,Ralphie May
21344,Ralphy Santi
21345,Raly Barrionuevo
21346,Ram Jam
21347,Ram Miriyala
21348,Ram Narayan
21349,Ram Nath RNB
21350,Ram Sampath
21351,Ram Trilogy
21352,Rama Priya Yegasivanathan
21353,Rama Traore
21354,Ramakrishnan Murthy
21355,Raman Negi
21356,Ramanan Nathan
21357,Rameses B
21358,Ramesh Mishra
21359,Ramil Ganjoo
21360,Ramin Djawadi
21361,Ramli Sarip
21362,Rammstein
21363,Ramon Dona-Dio
21364,Ramon Marquez
21365,Ramon Roselly
21366,Ramona
21367,Ramones
21368,Ramonstar
21369,Rampa
21370,Rampage
21371,Ramshackle Glory
21372,Ramya
21373,Ramya Behra
21374,Ramya NSK
21375,Ramya Nambessan
21376,Ran-D
21377,Rana Alagöz
21378,Rana Mazumder
21379,Ranbir Kapoor
21380,Rancid
21381,Rancore
21382,Randal L Meek
21383,Randall Goosby
21384,Randall King
21385,Random Forest
21386,Random Movement
21387,Random Noise Generation
21388,Randomized Coffee
21389,Randy
21390,Randy Crawford
21391,Randy Kohrs
21392,Randy Lorenzo
21393,Randy Newman
21394,Randy Rektor
21395,Randy Travis
21396,Rangga Jones
21397,Rangle Sardar
21398,Rani Chatterjee
21399,Rani Varma
21400,Ranina Reddy
21401,Ranji
21402,Ranjin Raj
21403,Ranjit Bawa
21404,Ranjith
21405,Ranjith Govind
21406,Rank 1
21407,Rankarna
21408,Ranking Joe
21409,Rankz
21410,Rannveig Braga
21411,Ransom
21412,Rantanplan
21413,Ranveer Allahbadia
21414,Ranveer Singh
21415,Rap Box
21416,Rap Tale
21417,Rapadura
21418,Rapder
21419,Rapha Gonçalves
21420,Raphael Alpermann
21421,Raphael Dias
21422,Raphael Lake
21423,Raphael Pichon
21424,Raphael Rossatto
21425,Raphaela Gromes
21426,Raphaela Santos
21427,Raphaella
21428,Raphaël
21429,Raphy Leavitt y Su Orquesta La Selecta
21430,Rapido
21431,Rapozof
21432,Rappin' 4-Tay
21433,Rappin' Hood
21434,Rapsusklei
21435,Raptist & Marko
21436,Raquel Ferreira
21437,Raquel Mello
21438,Raquel dos Teclados
21439,Rare Debut Recording
21440,Rare Earth
21441,Rare Two Inc.
21442,RareTwo Inc.
21443,Rarin
21444,Ras & Calle
21445,Ras Kuko
21446,Rascal Flatts
21447,Rasco
21448,Rase
21449,Rashid Ali
21450,Rashid Beibutov
21451,Rashid Khan
21452,Rashit
21453,Rashmeet Kaur
21454,Rashmi Virag
21455,Raskality
21456,Raske Penge
21457,Rasmus H Thomsen
21458,Rasmus Hagen
21459,Rasmus Rova
21460,Raspberries
21461,Raspigaous
21462,Raspo
21463,Rasta Bigoud
21464,Rasta Chinela
21465,Rastachai
21466,Rastapé
21467,Rat-Zinger
21468,Rata Blanca
21469,Ratata
21470,Ratatat
21471,Ratones Paranoicos
21472,Ratos De Porão
21473,Rattan Mohan Sharma
21474,Ratty Adhiththan
21475,Ratu$
21476,Raubtier
21477,Raul Abramzon
21478,Raul Beron
21479,Raul Gimenez
21480,Raul Iriarte
21481,Raul Paz
21482,Raul Seixas
21483,Raul Vale
21484,Raulin Rosendo
21485,Raumakustik
21486,Raunchy
21487,Rauw Alejandro
21488,Rav Aulakh
21489,Ravam
21490,Ravator
21491,Rave Channel
21492,Rave Republic
21493,Rave The Reqviem
21494,Raveena
21495,Ravend
21496,"Ravi ""Rags"" Khote"
21497,Ravi G
21498,Ravi Singhal
21499,Ravid
21500,Ravikiran
21501,Raving George
21502,Ravyn Lenae
21503,Rawal
21504,Rawframez
21505,"Ray ""Killer"" Allison"
21506,Ray Barretto
21507,Ray Campi
21508,Ray Charles
21509,Ray Dalton
21510,Ray De La Paz
21511,Ray Gun Hero
21512,Ray Keith
21513,Ray LaMontagne
21514,Ray Lorraine
21515,Ray Parker Jr.
21516,Ray Peterson
21517,Ray Price
21518,Ray Remesch
21519,Ray Sepulveda
21520,Ray Shell
21521,Ray Volpe
21522,Ray X Ben
21523,RayRay
21524,Raydar
21525,Rayden
21526,Raymond & Maria
21527,Raymond Agoult
21528,Raymond J. Lee
21529,Raymond Jaramillo McLeod
21530,Raymond Lam
21531,Raynard Rahardja
21532,Rayo & Toby
21533,Rayssa e Ravel
21534,Rayvon
21535,Raz
21536,Raz Dwa Trzy
21537,Razed In Black
21538,Razor-N-Guido
21539,Raztlan
21540,Razumovsky Symphony Orchestra
21541,Razzle
21542,Raça Negra
21543,Raí Saia Rodada
21544,Raúl Berón
21545,Raúl García Zárate
21546,Raúl Garello y su Orquesta
21547,Raúl Lavié
21548,Re-Con
21549,Re-Fuzz
21550,Re-Style
21551,ReOrder
21552,ReStarT
21553,ReVamp
21554,Rea Garvey
21555,Ready Kirken
21556,Reaktive
21557,Real Elements
21558,Real Friends
21559,Real G
21560,Real Life
21561,Real McCoy
21562,Real White Noise
21563,Realidade Cruel
21564,Reality Test
21565,Reatards
21566,Reba McEntire
21567,Rebeca
21568,Rebeca Carvalho
21569,Rebecca
21570,Rebecca Helena
21571,Rebecca Luker
21572,Rebecca Lynn Howard
21573,Rebecca Naomi Jones
21574,Rebecca St. James
21575,Rebecca Woods
21576,Rebecka Aether
21577,Rebel Boy
21578,Rebel Cats
21579,Rebel MC
21580,Rebel Scum
21581,Rebel'd Punk
21582,Rebelion
21583,Rebellion Rose
21584,Reblah
21585,Rebossa
21586,Rebourne
21587,Rebūke
21588,Recall from the FUTURE
21589,Recaps
21590,Recham
21591,Reckless Kelly
21592,Reckless Love
21593,Recondite
21594,Recue
21595,Recycled J
21596,Red
21597,Red City Radio
21598,Red Comet
21599,Red Foley
21600,Red Garland
21601,Red Hot Chili Peppers
21602,Red Lion
21603,Red Queen
21604,Red Star Lion
21605,Red Studio
21606,Red Velvet
21607,Red Velvet - IRENE & SEULGI
21608,RedMoon
21609,RedOne
21610,Redboom
21611,Redd
21612,Redd Foxx
21613,Redd Kross
21614,Redeyes
21615,Redhead
21616,Redixx
21617,Redlight King
21618,Redman
21619,Redondo
21620,Redshark
21621,Redward Martin
21622,ReeLLove
21623,Reea
21624,Reed Jones
21625,Reefer Madness Original Ensemble
21626,Reekado Banks
21627,Reel Big Fish
21628,Reelsoul
21629,Reena Naik
21630,Reese LAFLARE
21631,Reeta
21632,Reeva & Black
21633,Reeve Carney
21634,Refeci
21635,Refeeld
21636,Refew
21637,Refract
21638,Refuzion
21639,Regain
21640,Regard
21641,Regarde Les Hommes Tomber
21642,Regen zum Schlafen
21643,Regents
21644,Reggie P
21645,Reggie Stepper
21646,Regi
21647,Regina Alcover
21648,Regina Costa
21649,Regina Spektor
21650,Reginaldo Rossi
21651,Regine Velasquez
21652,Regnør
21653,Regurgitate
21654,Rehmahz
21655,Rei Harakami
21656,Rei Yasuda
21657,Reignwolf
21658,Reijo Taipale
21659,Reik
21660,Reiki Armonía
21661,Reiki Ruawai
21662,Reikko
21663,Reinaldo
21664,Reineiro Martínez
21665,Reinhard Mey
21666,Reinhold Helbich
21667,Reinier Zonneveld
21668,Reinoud Ford
21669,Reinoud Van Mechelen
21670,Reivaj Ebol
21671,Rejecta
21672,Rejjie Snow
21673,Rekha Bhardwaj
21674,Rekishi
21675,Rekko
21676,Relajacion Conjunto
21677,Relajacion Del Mar
21678,Relajación
21679,Relajación Piano
21680,Relajación océano y olas
21681,Relajante Marrón Ruido
21682,Relax
21683,Relax & Relax
21684,Relax Meditate Sleep
21685,Relaxation
21686,Relaxation And Meditation
21687,Relaxation Meditation Songs Divine
21688,"Relaxation, Meditation, Yoga Music"
21689,Relaxing Music Therapy
21690,Relaxing Rain Sounds
21691,Relaxing Vacuum Cleaners
21692,Relaxing Water Sounds
21693,Relaxing Zen Spa
21694,Rell Rock
21695,Rella
21696,Rels B
21697,Rema
21698,Rema Webb
21699,Remember of Today
21700,Remi Martin
21701,Remix Maniacs
21702,Remixer: MJ Cole
21703,Remmi Demmi Boys
21704,Remo
21705,Remo Girone
21706,Remy Boyz
21707,Remy Ma
21708,Remzcore
21709,Ren Avel
21710,Renacer
21711,Renaldy Prasetya
21712,Renanzin Pressão
21713,Renascer Praise
21714,Renata Tebaldi
21715,Renatinho Bokaloka
21716,Renato Borghetti
21717,Renato Cellini
21718,Renato Fasano
21719,Renato Milagres
21720,Renato Ratier
21721,Renato Russo
21722,Renato Teixeira
21723,Renato da Rocinha
21724,Renato e Seus Blue Caps
21725,Renaud
21726,Renaud Bilombo
21727,Renaud Capuçon
21728,Rend Collective
21729,Rendezvous At Two
21730,Rene & Angela
21731,Rene Izquierdo
21732,Rene Liu
21733,Renee
21734,Renee 6:30
21735,Renee Foy
21736,Renegade
21737,Reneé Dominique
21738,Renjini Renjith
21739,Rennie Pilgrem
21740,Renno
21741,Reno & Smiley
21742,Reno Ka
21743,Renuka
21744,René Aubry
21745,René LaVice
21746,René Miller
21747,René Sobral
21748,René van Kooten
21749,Renée Elise Goldsberry
21750,Renée Fleming
21751,Renée Lamb
21752,ReoNa
21753,Reol
21754,Repix
21755,Replikas
21756,Reprazent
21757,Repugnant
21758,Repulsion
21759,Requiem
21760,Reset Preset
21761,Reset Robot
21762,Resgate
21763,Reshma
21764,Resi Reiner
21765,Resident
21766,Resistencia Suburbana
21767,Resit Kemal
21768,Ressurectz
21769,Rest & Relax
21770,Rest & Relax Nature Sounds Artists
21771,Restless Road
21772,Restrained
21773,Restricted
21774,RetroVision
21775,Retroj
21776,Retrospect
21777,Reuben Morgan
21778,Rev Theory
21779,Revart
21780,Revelators
21781,Revelries
21782,Revenge The Fate
21783,Reverb Man
21784,Reverend Glasseye
21785,Reverse
21786,Revilo Marley
21787,Revizia
21788,Revol
21789,Revolting Cocks
21790,Rewildz
21791,Rewind
21792,Rewindbeats
21793,Rex Richardson
21794,Rex Vijayan
21795,Rex Williams
21796,Rexanthony
21797,Rey Ruiz
21798,Rey-Infinite
21799,Reyan
21800,Reyhan Karaca
21801,Reykjavík Recording Orchestra
21802,Reyli Barba
21803,Reynaldo Armas
21804,"Reynaldo Santiago "" Chino """
21805,Reynmen
21806,Rez
21807,Reza Satiri
21808,Reza Solatipour
21809,Reznik
21810,Reznikov
21811,Reznyck
21812,Rezz
21813,Rhi'N'B
21814,Rhod Gilbert
21815,Rhoda Dakar
21816,Rhode
21817,Rhonchus
21818,Rhonda Mackert
21819,Rhumba
21820,Rhydian
21821,Rhye
21822,Rhymastic
21823,Rhys Fulber
21824,Rhythim Is Rhythim
21825,Rhythm & Sound
21826,Rhythm On The Loose
21827,Rhythm Sophie
21828,Rhythmics
21829,Ria
21830,Ria Currie
21831,Riad
21832,Riaz Qadri
21833,Ribele
21834,Riber Ore
21835,Riber Oré
21836,Ribin Richard
21837,Rica Amabis
21838,Ricarda Kinnen
21839,Ricardinho
21840,"Ricardo ""Richie"" Ray"
21841,Ricardo A. Zayas
21842,Ricardo Ceratto
21843,Ricardo Cobo
21844,Ricardo Ducent
21845,Ricardo Gowe
21846,Ricardo Iorio
21847,Ricardo Lemvo
21848,Ricardo Malerba
21849,Ricardo Mollo
21850,Ricardo Montaner
21851,Ricardo Monteiro
21852,Ricardo Moreno
21853,Ricardo Ray
21854,Ricardo Silva
21855,Ricardo Tanturi
21856,Ricardo Tanturi Y Su Orquesta
21857,Riccardo Cassinelli
21858,Riccardo Chailly
21859,Riccardo Ferrari
21860,Riccardo Frizza
21861,Riccardo Muti
21862,Ricchi E Poveri
21863,Ricco Saccani
21864,Rich Brian
21865,Rich Costey
21866,Rich Homie Quan
21867,Rich Melody
21868,Rich The Kid
21869,Rich Travali
21870,Richa Sharma
21871,Richard Ashcroft
21872,Richard Bedford
21873,Richard Benson and His Orchestra
21874,Richard Berry
21875,Richard Bonynge
21876,Richard Cepeda
21877,Richard Cocciante
21878,Richard Devine
21879,Richard Durand
21880,Richard Flack
21881,Richard Fuller
21882,Richard Galliano
21883,Richard Harvey
21884,Richard Harwood
21885,Richard Hawley
21886,Richard Kaplan
21887,Richard Kapp
21888,Richard M. Sherman
21889,Richard Page
21890,Richard Pryor
21891,Richard Smitt
21892,Richard Thompson
21893,Richard Tognetti
21894,Richard Vission
21895,Richard Wagner
21896,Richard Walters
21897,Richard Warren Pugh
21898,Richard White
21899,Riche
21900,Richi Ray
21901,Richie Culture
21902,Richie Hawtin
21903,Richie Loop
21904,Richie Ray
21905,Richie Stephens
21906,Richwhite
21907,Rick & Nogueira
21908,Rick & Renner
21909,Rick Arena
21910,Rick Astley
21911,Rick Crom
21912,Rick Gallagher Project
21913,Rick James
21914,Rick Ross
21915,Ricki Lake
21916,Rickie Nolls
21917,Ricky
21918,Ricky Dillard
21919,Ricky Ducati
21920,Ricky Hsiao
21921,Ricky KK
21922,Ricky Martin
21923,Ricky Montgomery
21924,Ricky Nelson
21925,Ricky Ribeiro
21926,Ricky Rich
21927,Ricky Skaggs
21928,Ricky Ubeda
21929,Rico
21930,Rico Act
21931,Rico Bass
21932,Rico Dalasam
21933,Rico Einenkel
21934,Rico Fung and David at Studio A
21935,Rico Nasty
21936,Ricochets
21937,Rid3r
21938,Riddim
21939,Riddim Punks
21940,Riddla
21941,Rider Shafique
21942,Ridney
21943,Ridwello
21944,Rie fu
21945,Riff
21946,Rigby
21947,Riggi & Piros
21948,Rigoberta Bandini
21949,Rihanna
21950,Riho Yamaji
21951,Rijisha Balakrishnan
21952,Rik Beatz
21953,Rik Gaynor
21954,Rik Rok
21955,Rikki
21956,Riko
21957,Riko Dan
21958,Riko Hanamura
21959,Riley Clemmons
21960,Riley Green
21961,Rill
21962,Rilès
21963,Rim'K
21964,Rimi Tomy
21965,Rina Sawayama
21966,Rincon Sapiência
21967,Rings of Saturn
21968,Rinosh George
21969,Rin音
21970,Rio Santana
21971,Rionegro & Solimões
21972,Riot Shift
21973,Riot Ten
21974,Riria.
21975,Rise Against
21976,Rise At Night
21977,Rise To Remain
21978,Rishab Rikhiram Sharma
21979,Rishabh
21980,Rishi Rich
21981,Rising Altitude
21982,Rising Dust
21983,Risse
21984,Rita
21985,Rita Coolidge
21986,Rita Gardner
21987,Rita Lee
21988,Rita Moreno
21989,Rita Ora
21990,Ritchie Valens
21991,Ritesh G Rao
21992,Ritesh Pandey
21993,Ritmo
21994,Riton
21995,Rits Badiani
21996,Ritt Momney
21997,Ritu Pathak
21998,Ritviz
21999,Ritwik Ashok
22000,Riva Starr
22001,Rival
22002,Rival Consoles
22003,Riverdales
22004,Rivers Cuomo
22005,Riverside Park
22006,Riverson Vianna
22007,Rivo
22008,Rixton
22009,Riya
22010,Riya Das
22011,Riya Duggal
22012,Riya Sebastian
22013,Riya Tickoo
22014,Rizer
22015,Rizwan
22016,Rizwan Ali Khan
22017,Rizzi
22018,Rmb
22019,Rnla
22020,Rnwy Lites
22021,Roach Killa
22022,Roan Shenoyy
22023,Roar
22024,Rob
22025,Rob & Chris
22026,Rob Cantor
22027,Rob De Nijs
22028,Rob Fisher
22029,Rob Fowler
22030,Rob Gasser
22031,Rob Gee
22032,Rob Houchen
22033,Rob IYF
22034,Rob Ickes
22035,Rob Landes
22036,Rob Le Pitch
22037,Rob Mayth
22038,Rob McClure
22039,Rob Morrison
22040,Rob Orton
22041,Rob Paulsen
22042,Rob Playford
22043,Rob Rokicki
22044,Rob Scallon
22045,Rob Swire
22046,Rob Thomas
22047,Rob Tissera
22048,Rob Zombie
22049,Robbie McIntosh
22050,Robbie Mendez
22051,Robbie Rivera
22052,Robbie Rosen
22053,Robbie Rule
22054,Robbie Seed
22055,Robbin Blanco
22056,Robbins Island Music Group
22057,Robby Benson
22058,Robert Armani
22059,Robert B. Sherman
22060,Robert Babicz
22061,Robert Bond
22062,Robert Broberg
22063,Robert Earl Keen
22064,Robert Fairchild
22065,Robert Falcon
22066,Robert Farnon And His Orchestra
22067,Robert Griesbach
22068,Robert Guillaume
22069,Robert Haig Coxon
22070,Robert Hanford
22071,Robert Hood
22072,Robert John Ardiff
22073,Robert Lenzi
22074,Robert Lopez
22075,Robert Lowe
22076,Robert Merrill
22077,Robert Miles
22078,Robert Munsch
22079,Robert Nickson
22080,Robert Owens
22081,Robert Palmer
22082,Robert Preston
22083,Robert Rozmus
22084,Robert Schimmel
22085,Robert Schumann
22086,Robert Selaiden
22087,Robert Smith
22088,Robert Stolz
22089,Robert Westenberg
22090,Robert Wyatt
22091,Robert Ziegler
22092,Roberta Campos
22093,Roberta Flack
22094,Roberta Miranda
22095,Roberta Sweed
22096,Roberta Sá
22097,Roberto Aguilar
22098,Roberto Alagna
22099,Roberto Attanasio
22100,Roberto Blades
22101,Roberto Cacciapaglia
22102,Roberto Capuano
22103,Roberto Carlos
22104,Roberto Chanel
22105,Roberto De Carvalho
22106,Roberto Diana
22107,Roberto Fiorentino
22108,Roberto Firpo
22109,Roberto Florio
22110,Roberto Garcia
22111,Roberto Goyeneche
22112,Roberto Grela
22113,Roberto Jordan
22114,Roberto Lugo
22115,Roberto Maida
22116,Roberto Mendes
22117,Roberto Ribeiro
22118,Roberto Roena
22119,Roberto Roena Y Su Apollo Sound
22120,Roberto Romero Malfatti
22121,Roberto Servile
22122,Roberto Silva
22123,Roberto Torres
22124,Robi Kahakalau
22125,Robin Hancock
22126,Robin Hustin
22127,Robin S
22128,Robin Schulz
22129,Robin Sebastian
22130,Robin Spielberg
22131,Robin Stapleton
22132,Robin Thicke
22133,Robin de Jesus
22134,Robinho
22135,Roboflex
22136,Robot Koch
22137,Robson Nascimento
22138,Robyn
22139,Robyn Hitchcock & The Egyptians
22140,Robyn Sherwell
22141,Robyn The Bank
22142,Robério e Seus Teclados
22143,Rocco
22144,Rocco Hunt
22145,Rochak Kohli
22146,Rochelle
22147,Rock 'n' Rainbow
22148,Rock Danger
22149,Rock Mafia
22150,Rock Of Ages Cast
22151,RockWilder
22152,Rocket Rockers
22153,Rockfolket
22154,Rockin' Ryan & The Real Goners
22155,Rockit Music
22156,Rocky - Shiv
22157,Rocky Handsome
22158,Roctonic SA
22159,Rocío Garcel
22160,Rod 3030
22161,Rod Campbell
22162,Rod Stewart
22163,Roddy Ricch
22164,Roddy Woomble
22165,Roderick Porter
22166,Rodg
22167,Rodgers + Hammerstein's Cinderella Original Broadway Ensemble
22168,Rodi Néstor
22169,Rodney Carrington
22170,Rodney P
22171,Rodolfo Abrantes
22172,Rodolfo Biagi
22173,Rodolfo Biagi Y Su Orquesta Tipica
22174,Rodolfo Lesica
22175,Rodolfo Lezica
22176,Rodolfo Mederos
22177,Rodox
22178,Rodrigo Amarante
22179,Rodrigo Azevedo
22180,Rodrigo Campos
22181,Rodrigo Deem
22182,Rodrigo Mendoza
22183,Rodrigo Miallaret
22184,Rodrigo Mozart
22185,Rodrigo Pires
22186,Rodrigo Zin
22187,Rodrigo y Gabriela
22188,Rodriguez Jr.
22189,Rodriguinho
22190,Roedelius
22191,RoelBeat
22192,Roffe Ruff
22193,Roger
22194,Roger & Gustavo
22195,Roger Bart
22196,Roger Eno
22197,Roger Miller
22198,Roger Sanchez
22199,Roger Shah
22200,Rogerio Flausino
22201,Rogers
22202,Rogue
22203,Rogue Zero
22204,Rogér Fakhr
22205,Rogério Samora
22206,Rogê
22207,Rogê Jose Cury
22208,Rohan Kamath
22209,Rohan Prakash
22210,Rohanpreet Singh
22211,Rohiiieet
22212,Rohit Gopalakrishnan
22213,Rohit Gupta
22214,Rohit John Chettri
22215,Rohit Matt
22216,Rohit Paritala
22217,Rohit Shakya
22218,Rohit Shashtri
22219,Roi Anthony
22220,Roiael
22221,Roj
22222,Rojin Sharafi
22223,Rokazer
22224,Rokesh
22225,Roland Clark
22226,Roland Klein
22227,Roland Pöntinen
22228,Rolando Carrasco Segovia
22229,Rolando Laserie
22230,Rolando Panerai
22231,Rolando Villazón
22232,Rolandz
22233,Role-Models
22234,Rolex Rasathy
22235,Rolf Hind
22236,Rolf Wikström
22237,Rolf Zuckowski
22238,Rollergirl
22239,Rollin Hand
22240,Rollo Armstrong
22241,Romain Garcia
22242,Romain Leleu
22243,Romaine Smith
22244,Romaine Willis
22245,Roman
22246,Roman Messer
22247,Roman Müller
22248,Roman Tam
22249,Romanthony
22250,Romare
22251,Rome & Urba
22252,Romee Khan
22253,Romeo
22254,Romeo Baskey
22255,Romeo Santos
22256,Romeo Void
22257,Romer T.
22258,Rompasso
22259,Romperayo
22260,Romy
22261,Romy Dya
22262,Romy Wave
22263,Romysa
22264,Romántica Milonguera
22265,Roméo Elvis
22266,Ron Bass
22267,Ron Carroll
22268,Ron Flatter
22269,Ron Gallo
22270,Ron Grams
22271,Ron Pope
22272,Ron Taylor
22273,Ron Trent
22274,Ron White
22275,Ron Wilson
22276,Ron with Leeds
22277,Rona Ray
22278,Ronald Borjas
22279,Ronald Brautigam
22280,Ronald Cheng
22281,Ronald El Killa
22282,Ronaldo Bezerra
22283,Ronaldo E Os Barcellos
22284,Ronaldo Viola e João Carvalho
22285,Ronan
22286,Ronan Hardiman
22287,Ronda Rescate
22288,Rondalla Mexicana Del Chato Franco
22289,Rondas Infantiles
22290,Rone
22291,Ronghao Li
22292,Roni Size
22293,Roniit
22294,Ronnie Bowman
22295,Ronnie Flex
22296,Ronnie Hawkins
22297,Ronnie Lovejoy
22298,Ronnie Self
22299,Ronnie Von
22300,Ronnie Wood
22301,Ronny & Ragge
22302,Ronny J
22303,Rono
22304,Ronzo
22305,Roo Panes
22306,Rookie Production
22307,Rookwood
22308,Room 5
22309,Roompa
22310,Rooney
22311,Roop Bhullar
22312,Roop Kumar Rathod
22313,Roosevelt
22314,Rootkit
22315,Roots Manuva
22316,Roots Radics
22317,Rory Block
22318,Rory Gallagher
22319,Rosa Anschütz
22320,Rosa Neon
22321,Rosa Tattooada
22322,Rosa de Saron
22323,Rosalia De Souza
22324,Rosalie.
22325,Rosana
22326,Rosario
22327,Rosario Dawson
22328,Rosario Flores
22329,Rosario Ortega
22330,Rose Funeral
22331,Rose Hemingway
22332,Rose Laurens
22333,Rose Liu
22334,Rose Nascimento
22335,Rose Royce
22336,Rose's Pawn Shop
22337,Rosemary Standley
22338,Rosendale
22339,Roses & Frey
22340,Rosetta Arroyo
22341,Roshan
22342,Roshan Jamrock
22343,Roshan Sebastian
22344,Roshini
22345,Roshini JKV
22346,Rosi Golan
22347,Rosi Rosetta
22348,Rosie Darling
22349,Rosie Oddie
22350,Rosie Thomas
22351,Ross Copperman
22352,Ross Lynch
22353,Ross Parsley
22354,Ross from Friends
22355,Rossa
22356,Rota
22357,Rotersand
22358,Rothwell
22359,Rotimi
22360,Rotlaus
22361,Rotten Mind
22362,Rotten Sound
22363,Rotterdam Termination Source
22364,Rotterdam Terror Corps
22365,Rotting Christ
22366,Rouge Carmin
22367,Roundrobin
22368,Roupa Nova
22369,Route 94
22370,Rovalio
22371,Rowald Steyn
22372,Rowek
22373,Roxanne Emery
22374,Roxanne Shante
22375,Roxette
22376,Roxie Ray
22377,Roy Davis Jr.
22378,Roy Khan
22379,Roy Orbison
22380,Roy Scott
22381,Roy Woods
22382,Royal & the Serpent
22383,Royal Baggs
22384,Royal Blood
22385,Royal Club
22386,Royal Concertgebouw Orchestra
22387,Royal Deluxe
22388,Royal Headache
22389,Royal Liverpool Philharmonic Orchestra
22390,Royal Philharmonic Orchestra
22391,Royal Republic
22392,Royal Stockholm Philharmonic Orchestra
22393,Royalston
22394,"Royce Da 5'9"""
22395,Roz Ryan
22396,Rozalén
22397,Roze Don
22398,Rozei
22399,Rozz Kalliope
22400,Rozzi
22401,Rrodney
22402,Rromarin
22403,RuN RiOT
22404,Rub!k
22405,Rubba Bend
22406,Rubba Bend.Psycho Unit
22407,Rubby Perez
22408,Rubel
22409,Ruben
22410,Ruben Haze
22411,Ruben Rada
22412,Ruben de Ronde
22413,Rubenson
22414,Rubi Dan
22415,Rubina Nath
22416,Rubinho
22417,Ruby Amanfu
22418,Ruby Chase
22419,Ruby Fields
22420,Ruby Goe
22421,Ruby Philogene
22422,Ruby Turner
22423,Rubén Albarrán
22424,Rubén Blades
22425,Rubén Juárez
22426,Ruco Chan
22427,Rude Convict
22428,Rude-α
22429,Rudeboy
22430,Rudeejay
22431,Rudimental
22432,Rudolf Mauersberger
22433,Rudolf Schock
22434,Rudra
22435,Rudy Mukta
22436,Rudy Nugraha Putra
22437,Rudy Vallee and His Connecticut Yankees
22438,Ruel
22439,Ruelle
22440,Ruff Loaderz
22441,Ruff N'Stuff
22442,Ruffian
22443,Ruffneck
22444,Rufi-O
22445,Rufus Wainwright
22446,Ruger
22447,Ruggero Leoncavallo
22448,Ruggero Raimondi
22449,Ruido Blanco Hart
22450,Ruiz Floreal
22451,Ruku Suna
22452,Rumatera
22453,Rumbavana
22454,Rumer
22455,Run The Jewels
22456,Run Wallace
22457,Runa Laila
22458,Runaway Boys
22459,Rundfunkchor Berlin
22460,Rune Andersson
22461,Rune RK
22462,Runtown
22463,Run–D.M.C.
22464,Rupali Moghe
22465,Rupam Islam
22466,Rupankar Bagchi
22467,Rupee
22468,Rupert Gregson-Williams
22469,Rusanda Panfili
22470,Rush
22471,Rusha & Blizza
22472,Rushaki
22473,Rusko
22474,Russ Conway
22475,Russell Dickerson
22476,Russell Howard
22477,Russell Peters
22478,Russell Watson
22479,Russell Zuma
22480,Russian Red
22481,Russian State Symphony Orchestra
22482,Russo
22483,Russo Passapusso
22484,Russoul
22485,Rustage
22486,Rusted Root
22487,Rustin Man
22488,Rusty
22489,Rusty Evans
22490,Ruth B.
22491,Ruth Royall
22492,Ruth Sahanaya
22493,Ruthless
22494,Ruvin
22495,Ruvlo
22496,Rvfv
22497,Rvssian
22498,Rxseboy
22499,Ryan Arnold
22500,Ryan Belleville
22501,Ryan Caraveo
22502,Ryan Castro
22503,Ryan Celsius Sounds
22504,Ryan Charles
22505,Ryan Crosson
22506,Ryan Dalton
22507,Ryan Dias
22508,Ryan Elliott
22509,Ryan Exley
22510,Ryan Kelly
22511,Ryan McCartan
22512,Ryan Montbleau
22513,Ryan Oakes
22514,Ryan Pardey
22515,Ryan Paris
22516,Ryan Riback
22517,Ryan Sickler
22518,Ryan Stewart
22519,Ryan Stout
22520,Ryan Tedder
22521,RyanDan
22522,Rybičky 48
22523,Rye Rye
22524,Rygin King
22525,Ryllz
22526,Ryn Weaver
22527,Ryno
22528,Ryo
22529,Ryo Kinoshita
22530,Ryoichi Fukuzawa
22531,Ryoko Hirosue
22532,Ryoko Morooka
22533,Ryokuoushoku Shakai
22534,Ryoma Maeda
22535,Ryos
22536,Ryszard Sygitowicz
22537,Rytikal
22538,Ryuichi Sakamoto
22539,Ryuji Imaichi
22540,Ryusei Nakao
22541,Rzee
22542,RÆVE
22543,RØNIN
22544,RØRY
22545,RÜFÜS DU SOL
22546,Rät N FrikK
22547,Régis Danese
22548,Róisín Murphy
22549,Rökkurró
22550,Röyksopp
22551,Rødhåd
22552,RŮDE
22553,S N U G
22554,S. D. Burman
22555,S. Janaki
22556,S. P. Balasubrahmanyam
22557,S. P. Sailaja
22558,S. Schaafsma
22559,S. Sowmya
22560,S.A. Finest
22561,S.H.E
22562,S.H.I.T.
22563,S.O
22564,S.P. Abhishek
22565,S.P. Charan
22566,S.P.Y
22567,S.Pri Noir
22568,S.Rajalakshmi
22569,S.U.N. Project
22570,S3RL
22571,S3da
22572,S4vage
22573,S5
22574,SA
22575,SABAI
22576,SACHA
22577,SADBOii
22578,SAF
22579,SAINT PHNX
22580,SAINt JHN
22581,SALU
22582,SALİ
22583,SAMBATA
22584,SAMI
22585,SANITO
22586,SANNA NORTH
22587,SASUKE
22588,SATCF
22589,SATTHIA
22590,SATV Music
22591,SBF
22592,SCANDAL
22593,SCH
22594,SCHALA
22595,SCREEN mode
22596,SDP
22597,SE
22598,SEA
22599,SEAMO
22600,SECRET NUMBER
22601,SEKAI NO OWARI
22602,SENSE
22603,SEULGI
22604,SEUNGRI
22605,SEVENTEEN
22606,SEX MACHINEGUNS
22607,SEZA
22608,SG Lewis
22609,SHAED
22610,SHANGUY
22611,SHARPS
22612,SHAUN
22613,SHE KORO
22614,SHE'S
22615,SHELLS
22616,SHIKI THEATRE COMPANY
22617,SHINJIRO ATAE (from AAA)
22618,SHISHAMO
22619,SHRK
22620,SHURY
22621,SHY FX
22622,SIAM SHADE
22623,SID
22624,SIDEPIECE
22625,SIERRA
22626,SIKEM
22627,SILENT SIREN
22628,SILVERJAM
22629,SITAL SAHU
22630,SIX
22631,SIX LOUNGE
22632,SJ Green
22633,SJ3
22634,SJUR
22635,SKE48
22636,SKL
22637,SKY WU
22638,SKY-HI
22639,SKYLR
22640,SKYND
22641,SKiNNY BARBER
22642,SKÁLD
22643,SLANDER
22644,SLKBTS
22645,SMASH Cast
22646,SMD
22647,SNAP!
22648,SNFU
22649,SNJ
22650,SOEL
22651,SOMOH
22652,SONJA
22653,SONNY NITEZ
22654,SOPHIE
22655,SOUNDR
22656,SOYOU
22657,SPEECHLESS
22658,SPICY CHOCOLATE
22659,SPINALL
22660,SPITZ
22661,SPL
22662,SPLT SCND
22663,SPYAIR
22664,SQU4RE
22665,SRB
22666,SSMG Productionz
22667,ST-Saint
22668,STANOVSKY
22669,STARSET
22670,STAYC
22671,STEELHEART
22672,STEREO DIVE FOUNDATION
22673,STNDRD
22674,STRANGE REITARO
22675,STRIX
22676,STRNGR
22677,STU48
22678,STUCA
22679,STUK
22680,SUGA
22681,SUNMI
22682,SUPER BEAVER
22683,SUPERIOTS
22684,SUPER☆GiRLS
22685,SURAN
22686,SUVI
22687,SVDDEN DEATH
22688,SVMP
22689,SWACQ
22690,SWANKY DANK
22691,SWARM
22692,SWAY
22693,SWTCH
22694,SYN
22695,SYRE
22696,SZA
22697,Saaj Bhatt
22698,Saara Aalto
22699,Saba Alizadeh
22700,Sabaton
22701,Sabbat
22702,Sabbotage
22703,Sabelle
22704,SaberZ
22705,Sabesh Manmathan
22706,Sabhankra
22707,Sabi
22708,Sabin Markov
22709,Sabina Sciuba
22710,Sabine Devieilhe
22711,Sabino
22712,Sabke Morde
22713,Sabo Tan
22714,Sabotage
22715,Sabri Brothers
22716,Sabrina Carpenter
22717,Sabrina Gomes
22718,Sabrina Lopes
22719,Sabrina Weckerlin
22720,Saccao
22721,Sachet Tandon
22722,Sachet-Parampara
22723,Sachin
22724,Sachin Basrur
22725,Sachin Kumar
22726,Sachin Sanghvi
22727,Sachin Warrier
22728,Sachin-Jigar
22729,Sachsenberg
22730,Saco
22731,Sacred Spirit
22732,Sad Boy
22733,Sad Park
22734,Sad Saturno
22735,SadBois
22736,SadBoyCrush
22737,SadBoyProlific
22738,SadGirl
22739,Sadar Nedumangad
22740,Sade
22741,Sadhana Sargam
22742,Sadhu Kochu Kunju Upadesi
22743,Sadie Walker
22744,Sadness
22745,Sady K
22746,Saeed Dehghan
22747,Saez
22748,SafetySuit
22749,Saffron Grace
22750,Saffron Stone
22751,Safir
22752,Safir Farsi
22753,Sagar Desai
22754,Sagat
22755,Sagaz
22756,Sage The Gemini
22757,Sagopa Kajmer
22758,Sahalé
22759,Sahara Hotnights
22760,Sahi Siva
22761,Sahil Arun
22762,Sahil Kulkarni
22763,Sahir Ali Bagga
22764,Sahithi Chaganti
22765,Sai Vignesh
22766,Saian
22767,Saib
22768,Saicharan
22769,Said The Sky
22770,Saigon
22771,Saigon Kick
22772,Saijanani
22773,Sail & Weep
22774,Sailors Of The 7 Seas
22775,Saim Bhat
22776,Sain
22777,Saindhavi
22778,Saint
22779,Saint Abdullah
22780,Saint Chaos
22781,Saint Etienne
22782,Saint Motel
22783,Saint Punk
22784,Saint Sinner
22785,Saint's Búho
22786,Saint(TFC)
22787,Sainte
22788,Sainte Vie
22789,Saison
22790,Saiwariya
22791,Sajanka
22792,Sajeer Koppam
22793,Sajid-Wajid
22794,Sajjan Raj Vaidya
22795,Sak Luke
22796,Sak Noel
22797,Saka
22798,Sako Isoyan
22799,Sakura
22800,Sakura Fujiwara
22801,Sakurako Ohara
22802,Sakurakou K-ON Bu
22803,Sal Houdini
22804,Salaam Remi
22805,Salar Mahoor
22806,Salazar
22807,Salebarbes
22808,Saleem
22809,Salgadinho
22810,Saliboy
22811,Salif Keita
22812,Salil Chowdhury
22813,Salim Kumar
22814,Salim Merchant
22815,Salim–Sulaiman
22816,Sally Dworsky
22817,Sally Herbert
22818,Sally Yeh
22819,Salman Elahi
22820,Salman Khan
22821,Salo'
22822,Salomão
22823,Salon Victoria
22824,Salotto Ottocento Ensemble
22825,Salsa Kids
22826,Salsangroove
22827,Salserin
22828,Salt City Orchestra
22829,Salty Snacks
22830,Salva Ortega
22831,Salvador Andrades
22832,Salvador Da Rima
22833,Salvatore Accardo
22834,Salvatore Cordella
22835,Salvatore Ganacci
22836,Salvatore Scire
22837,Salvi
22838,Salzband
22839,Sam & Dave
22840,Sam Bagira
22841,Sam Brown
22842,Sam Bruno
22843,Sam Bush
22844,Sam Butera & The Witnesses
22845,Sam C.S.
22846,Sam Carter
22847,Sam DeRosa
22848,Sam Feldt
22849,Sam Fender
22850,Sam Gray
22851,Sam Hui
22852,Sam Hunt
22853,Sam Kim
22854,Sam Knight
22855,Sam Lamar
22856,Sam Laxton
22857,Sam Lee
22858,Sam MacPherson
22859,Sam Martin
22860,Sam Paganini
22861,Sam Palladio
22862,Sam Smith
22863,Sam Sweeney
22864,Sam Tinnesz
22865,Sam Vincent
22866,Sam Vishal
22867,Sam WOLFE
22868,Sam Wills
22869,Sam-E
22870,Samael
22871,Samahita Narang
22872,Samantha
22873,Samantha Barks
22874,Samantha Barrón
22875,Samantha J
22876,Samantha Lam
22877,Samantha Machado
22878,Samar Mehdi
22879,Samarinen
22880,Samba De Dom
22881,Samba De Raiz
22882,Samba Pra Gente
22883,Samba da Vela
22884,Samba de Lata de Tijuaçú
22885,Sambabook
22886,Sambomaster
22887,Sambô
22888,Sameer
22889,Sameer Anjaan
22890,Sameera Bharadwaj
22891,Samet Yıldırım
22892,Sami Aarva
22893,Sami Arva
22894,Sami Dee
22895,Sami Muni
22896,Sami Vänskä
22897,Samiam
22898,Samir
22899,Samm Henshaw
22900,Sammi Cheng
22901,Sammie Bella
22902,Sammy Davis Jr.
22903,Sammy Marrero
22904,Samo104
22905,Sampa Crew
22906,Sample Rain Library
22907,SampliFire
22908,Samprazer
22909,Sampson Butch Moore
22910,Samra Khan
22911,Samuca e a Selva
22912,Samuel Anderson-Cripps
22913,Samuel E. Wright
22914,Samuel Friedmann
22915,Samuel Félix
22916,Samuel Kim
22917,Samuel Mariano
22918,Samuel Messias
22919,Samuel Miller
22920,Samuel Mizrahy
22921,Samuel Organ
22922,Samuel Ramey
22923,Samuel Rosa
22924,Samuel Shipway
22925,Samuel T. Herring
22926,Samuraï
22927,San Holo
22928,San Jaimt
22929,SanGan
22930,SanSan
22931,Sanah Moidutty
22932,Sanam
22933,Sanam Marvi
22934,Sanam Puri
22935,Sanchez
22936,Sanchezz DJ
22937,Sanchi
22938,Sanctus Real
22939,Sandee Chan
22940,Sandeep Shrivastava
22941,Sander W.
22942,Sander van Doorn
22943,Sandesh Shandilya
22944,Sandie Shaw
22945,Sandor Pasztor
22946,Sandra
22947,Sandra Carrasco
22948,Sandra Carvajal
22949,Sandra De Sá
22950,Sandra Luna
22951,Sandra N.
22952,Sandra Wright Shen
22953,Sandrine
22954,Sandrinha
22955,Sandro Cavazza
22956,Sandro Silva
22957,Sandy
22958,Sandy Lam
22959,Sandy Marton
22960,Sandy Posey
22961,Sandy Sandellow
22962,Saneesh Paul
22963,Sangeeth
22964,Sangeeth Vijayan
22965,Sangeetha
22966,Sangeetha Kalanidhi
22967,Sangeetha Katti
22968,Sangeetha Rajeev
22969,Sangeetha Rajeshwaran
22970,Sangeetha Sreekanth
22971,Sangita Santhosham
22972,Sangue de Bode
22973,Sanish Nair
22974,Sanja Göransson
22975,Sanjana Kalmanje
22976,Sanjay Leela Bhansali
22977,Sanjay S Yadav
22978,Sanjay Subrahmanyan
22979,Sanjeeta Bhattacharya
22980,Sanjeev Abhyankar
22981,Sanjeev Chaturvedi
22982,Sanjeev Darshan
22983,Sanjeev T
22984,Sanjin
22985,Sanjith Hegde
22986,Sanjoy
22987,Sanna Aalto
22988,Sanna Nielsen
22989,Sannex
22990,Sannidhya Bhuyan
22991,Sansa
22992,Sansar Salvo
22993,Sant
22994,Santa Esmeralda
22995,Santa Fe Klan
22996,Santa RM
22997,Santabarbara
22998,Santana
22999,"Santanna ""O Cantador"""
23000,Santanu Sahu
23001,Santesh
23002,Santhosh Dhayanidhi
23003,Santhosh Narayanan
23004,Santhosh Venky
23005,Santi
23006,Santi Aguirre
23007,Santi Balmes
23008,Santiago Ceron
23009,Santigold
23010,Santino Fontana
23011,Santo
23012,Saor
23013,Saosin
23014,Sapele
23015,Sapna Awasthi
23016,Sapna Mukherjee
23017,Saptaparna Chakraborthy
23018,Saptaparna Chakraborty
23019,Sara
23020,Sara Bareilles
23021,Sara Costa
23022,Sara Farell
23023,Sara Kays
23024,Sara Mann
23025,Sara Noxx
23026,Sara Phillips
23027,Sara Ramirez
23028,Sara Sangfelt
23029,Sara Skinner
23030,Sara Watkins
23031,Sara Zacharias
23032,Sarah Alex
23033,Sarah Appel
23034,Sarah Beatriz
23035,Sarah Brightman
23036,Sarah Charles Lewis
23037,Sarah Connor
23038,Sarah Cothran
23039,Sarah Cracknel
23040,Sarah Dawn Finer
23041,Sarah Farias
23042,Sarah Fernandes
23043,Sarah Gad
23044,Sarah Gayle Meech
23045,Sarah Geronimo
23046,Sarah Hyland
23047,Sarah Jane Morris
23048,Sarah Jarosz
23049,Sarah Kang
23050,Sarah Klang
23051,Sarah Lahn
23052,Sarah Meow
23053,Sarah Norman
23054,Sarah Oliveira
23055,Sarah Rebecca
23056,Sarah Reeves
23057,Sarah Spring
23058,Sarah Téibo
23059,Sarah Vaughan
23060,Sarah Watson
23061,Sarah de Warren
23062,"Sarah, the Illstrumentalist"
23063,Saramba Kouyate
23064,Sarantis
23065,Sarastus
23066,Sarath Santosh
23067,Saratoga
23068,Saray
23069,Sarband
23070,Sarcastic Sounds
23071,Sarcófago
23072,Sardool Sikander
23073,Sargeist
23074,Sargi Maan
23075,Sariga
23076,Saritha Raffi
23077,Sarkodie
23078,Sarosh Sami
23079,SarrSew
23080,Sartaz Khan Barna
23081,Sarthak Kalyani
23082,Sarwar Khan
23083,Sarz
23084,Sasari
23085,Sascha Braemer
23086,Sascha Funke
23087,Sash!
23088,Sasha
23089,Sasha Alex Sloan
23090,Sasha Carassi
23091,Sasha Hutchings
23092,"Sasha, Benny y Erik"
23093,Sasi The Don
23094,Sasso
23095,Satanicpornocultshop
23096,Satheeshan
23097,Sathya Lakshmi
23098,Sathyan
23099,Sathyaprakash
23100,Sathyaprakash D.
23101,Satin Jackets
23102,Satinder Sartaaj
23103,Sativanderground
23104,Satori
23105,Satoshi Fujihara
23106,Satoshi Imano
23107,Satoshi Takebe
23108,Sattas
23109,Saturnus
23110,Satwant Kaur
23111,Satya Yamini
23112,Satyricon
23113,Satélite Kingston
23114,Sauce Walka
23115,SauceOnly
23116,Saucy Dog
23117,Saul El Jaguar Alarcón
23118,Saul Williams
23119,Saulo
23120,Saulo Duarte
23121,Saulo Duarte e a Unidade
23122,Saundra Williams
23123,Saurom
23124,Savage
23125,Savage Bops
23126,Savage Ga$p
23127,Savage Hands
23128,Savannah De Lucia
23129,Savasana
23130,Save The Rave
23131,Savera
23132,Saves The Day
23133,Saving Abel
23134,Savoy
23135,Savoy Brown
23136,Savvy Hyuga
23137,SawanoHiroyuki[nZk]
23138,Saweetie
23139,Sawyer Brown
23140,Sawyer Nunes
23141,Saxity
23142,Say Lou Lou
23143,Say Ocean
23144,Say Yes Dog
23145,SayWeCanFly
23146,Sayaka Yamamoto
23147,Sayama
23148,Sayanora
23149,Sayanora Philip
23150,Sayanth S
23151,Saybor
23152,Saye Pratt
23153,Sayedar
23154,Sayeed Quadri
23155,Sayian Jimmy
23156,Saylee Talwalkar
23157,Sayonara
23158,Sayulita
23159,Sayuri
23160,Sazin
23161,Saåad
23162,Sbrv
23163,ScHoolboy Q
23164,Scabtik
23165,Scan 7
23166,Scandroid
23167,Scapegoat
23168,Scar
23169,Scar Symmetry
23170,Scarface
23171,Scarlet Flair
23172,Scarlett Quinn
23173,Scarlxrd
23174,Scarra
23175,Scary Bitches
23176,Scary Kids Scaring Kids
23177,Scasca
23178,Scatolove
23179,Scatter
23180,Scattyone
23181,Schalldicht
23182,Schatten
23183,Schella
23184,Schiller
23185,Schillist
23186,Schizophrenix
23187,Schmiddlfinga
23188,Schmutzki
23189,Schoeneberger Saengerknaben
23190,Schokkverliebt
23191,Schorre Chef
23192,Schubert Akademie
23193,Schubert-Akademie
23194,Schumann Quartett
23195,Schwalmrebellen
23196,Schwesta Ewa
23197,Schytts
23198,Schyzo
23199,Schäfer Heinrich
23200,Schöneberger Sängerknaben
23201,Schürze
23202,Sci-Clone
23203,ScimmiaSka
23204,Scintillante
23205,Scooter
23206,Scooter Ward
23207,Scope DJ
23208,Scorey
23209,Scoring Berlin
23210,Scorpio
23211,Scorpions
23212,Scorz
23213,Scot & Millfield
23214,Scotch
23215,Scott Abbot
23216,Scott Bradlee's Postmodern Jukebox
23217,Scott Brown
23218,Scott Cameron
23219,Scott Cossu
23220,Scott H. Biram
23221,Scott Hamilton
23222,Scott Herman
23223,Scott Hoying
23224,Scott Huckabay
23225,Scott LePage
23226,Scott Moore
23227,Scott Nygaard
23228,Scott Rill
23229,Scott Shields
23230,Scott Stapp
23231,Scottish Chamber Orchestra
23232,Scotty
23233,Scotty McCreery
23234,Scowl
23235,Scracho
23236,Screamer
23237,Screaming Trees
23238,Screeching Weasel
23239,Screen Jazzmaster
23240,Scrufizzer
23241,Scum of the Earth
23242,Sd Style
23243,Sea Nature Players
23244,Sea Smile
23245,Sea Waves Sounds
23246,Sea of Lettuce
23247,Sea of Waves
23248,Seaforth
23249,Seafret
23250,Seal
23251,Sean
23252,Sean Altman
23253,Sean Banan
23254,Sean Beavan
23255,Sean Brennan
23256,Sean Caskey
23257,Sean Darin
23258,Sean David
23259,Sean Deason
23260,Sean Finn
23261,Sean Harkness
23262,Sean Hayes
23263,Sean Kingston
23264,Sean Lock
23265,Sean Na'auao
23266,Sean Paul
23267,Sean Ray
23268,Sean Roldan
23269,Sean Tizzle
23270,Sean Watkins
23271,Seanie T
23272,Seanie Tee
23273,Seann Bowe
23274,Seashore Waves
23275,Seasick Steve
23276,Seasunz
23277,Seaweed
23278,Sebastian Arcelus
23279,Sebastian Bach
23280,Sebastian Comberti
23281,Sebastian Davidson
23282,Sebastian Ingrosso
23283,Sebastian Kamae
23284,Sebastian Komor of Icon Of Coil
23285,Sebastian Maniscalco
23286,Sebastian Mullaert
23287,Sebastian Plano
23288,Sebastian Ramstedt
23289,Sebastian Sathish
23290,Sebastian Serra
23291,Sebastian Stakset
23292,Sebastian Yatra
23293,Sebastien
23294,Sebastián Escofet
23295,Sebastián Prada
23296,Sebastiën
23297,Sebb Junior
23298,Sebjak
23299,Sebo K
23300,Sebua Tawa Dan Cerita
23301,Secadora
23302,Secede
23303,Sech
23304,Second Identity
23305,Second Light
23306,Secondcity
23307,Secondgate
23308,Secondhand Serenade
23309,Seconds From Space
23310,Secos & Molhados
23311,Secret Agent 23 Skidoo
23312,Secret Frequency Crew
23313,Secret Garden
23314,Section 1
23315,Seda Erciyes
23316,Seddy Hendrinx
23317,Seduction
23318,Sedutchion
23319,See Siang Wong
23320,See You Next Tuesday
23321,Seeb
23322,Seedhe Maut
23323,Seefeel
23324,Seekae
23325,Seepi Jha
23326,Seether
23327,Seething Fuck Patties
23328,Sefa
23329,Sega Bodega
23330,Seguridad Social
23331,Sehabe
23332,Seiji Ozawa
23333,Seikima-II
23334,Seiko Matsuda
23335,Seiko Oomori
23336,Seinabo Sey
23337,Seizo
23338,Sekret
23339,Seksendört
23340,Sekta Core
23341,Sektor Gaza
23342,Selah
23343,Selda Bağcan
23344,Selecta
23345,Selena
23346,Selena Gomez
23347,Selena Gomez & The Scene
23348,Selena Marie
23349,Selin
23350,Selina Baron
23351,Sella Vie
23352,Selma India
23353,Selmon
23354,Selojan
23355,Selva
23356,Selvaraghavan
23357,Selçuk Alagöz
23358,Sem Compromisso
23359,Sem Reznha
23360,Sem dó
23361,Semblant
23362,Semidubs
23363,Semisonic
23364,Sempre Livre
23365,Semyon Bychkov
23366,Sena Dagadu
23367,Sena Şener
23368,Senri Oe
23369,Sensação
23370,Sense Live
23371,Senses Of Mind
23372,Sensey
23373,Sensimilla Dub
23374,Sentenced
23375,Senthil Dass
23376,Sentidos Opuestos
23377,Sentinel
23378,Seon
23379,Seong-Jin Cho
23380,Seori
23381,Sephora
23382,Sephyx
23383,September
23384,Septeto Acarey
23385,Septicflesh
23386,Sepultura
23387,Sequenza
23388,Sera Savaş
23389,Sera Uehara
23390,Serani
23391,Serap Mutlu Akbulut
23392,Seraphim
23393,Seraphine
23394,Serena Assumpção
23395,Serena Autieri
23396,Serena Mendes
23397,Serena Rossi
23398,Serenad Bağcan
23399,Serenata De Los Andes
23400,Serene & Pax
23401,Serge Legran
23402,Serge Reggiani
23403,Sergei Barracuda
23404,Sergei Lemeshev
23405,Sergei Prokofiev
23406,Sergei Rachmaninoff
23407,Sergent Garcia
23408,Sergey Nikitin
23409,Sergi Ales
23410,Sergio & Odair Assad
23411,Sergio Acosta
23412,Sergio Dalma
23413,Sergio Dawi
23414,Sergio Esquivel
23415,Sergio Fouad
23416,Sergio Galleguillo
23417,Sergio Galleguillo Y Los Amigos
23418,"Sergio Vega ""El Shaka"""
23419,Sergio Zamora
23420,Serhat Durmus
23421,Serial Diva
23422,Serial Killaz
23423,"Serial Killaz, Sub Zero & Warhead"
23424,Seringai
23425,Serj Tankian
23426,Serkan Kaya
23427,Sero
23428,Serocee
23429,Serpentor
23430,Serph
23431,Serra Arıtürk
23432,Serrini
23433,Sertab Erener
23434,Serum
23435,Servando & Florentino
23436,Serzo
23437,Serú Girán
23438,Sesto Sento
23439,Set It Off
23440,Seth
23441,Seth Lakeman
23442,Seth Rogen
23443,Seth Troxler
23444,Seth XVI
23445,Seu Jorge
23446,Seu Pereira
23447,Seu Pereira e Coletivo 401
23448,Sevek
23449,Seven Davis Jr.
23450,Seven Kayne
23451,Seven Lions
23452,SevenDoors
23453,Sevendust
23454,Sevenn
23455,Severo
23456,Sevi Rin
23457,Sevyn Streeter
23458,Sex Pistols
23459,Sex Prisoner
23460,Sexion d'Assaut
23461,Sexteto Cristal
23462,Sexteto Juventud
23463,Sexteto Mayor
23464,Sexteto Milonguero
23465,Sexteto Tango
23466,Seyi Shay
23467,Seyyal Taner
23468,Sez on the Beat
23469,Sezairi
23470,Sezen Aksu
23471,Sezgin Alkan
23472,Sezja
23473,Señor Kino
23474,Señor Trepador
23475,Sfera Ebbasta
23476,Sgt. Papers
23477,Sha Bro
23478,ShaSings
23479,Shaan
23480,Shaan Rahman
23481,Shaarib Toshi
23482,Shabab Sabri
23483,Shabaka
23484,Shabareesh Varma
23485,Shabba Ranks
23486,Shabdon Records
23487,Shabir
23488,Shaboozey
23489,Shachina Heggar
23490,Shacke One
23491,Shackled
23492,Shadab
23493,Shadab Faridi
23494,Shaddy Danny
23495,Shade Empire
23496,Shade Jenifer
23497,Shade k
23498,Shadow Child
23499,Shadowfax
23500,Shadrach Adeboye
23501,Shady Moon
23502,Shadya Lan
23503,Shadym
23504,Shae Gill
23505,Shae OT
23506,Shafeek Rahman
23507,Shafi Eppikkad
23508,Shafqat Amanat Ali
23509,Shafquat Amanatali Khan
23510,Shaggy
23511,Shah Rule
23512,Shaheer Sheikh
23513,Shahid Mallya
23514,Shahram Mohamadi
23515,Shail Hada
23516,Shaila Dúrcal
23517,Shaka
23518,Shaka CG
23519,Shaka Ponk
23520,Shake Pepper
23521,Shaker
23522,Shakin' Stevens
23523,Shakira
23524,Shakthisree Gopalan
23525,Shakti Sivamani
23526,Shall Ocin
23527,Shallou
23528,Shallows
23529,Shalmali Kholgade
23530,Shaman's Harvest
23531,Shamanes Crew
23532,Shamoon Ismail
23533,Shamrain
23534,Shamur
23535,Shana Halligan
23536,Shane & Shane
23537,Shane 54
23538,Shane Mauss
23539,Shane O
23540,Shaneil Muir
23541,Shania Twain
23542,Shanice Williams
23543,Shankar
23544,Shankar Mahadevan
23545,Shankar Sharma
23546,Shankar-Ehsaan-Loy
23547,Shankuraj Konwar
23548,Shanna Michelle
23549,Shannon & Keast
23550,Shannon & The Clams
23551,Shannon Chambers
23552,Shano George Francis
23553,Shantanu Avinashi
23554,Shantanu Moitra
23555,Shanti People
23556,Shantra
23557,Shao Dow
23558,Shaolin
23559,Shaolin G
23560,Shapeless
23561,Shapes
23562,Shapeshifter
23563,Shapov
23564,ShaqStar
23565,Shaquille O'Neal
23566,Sharaktah
23567,Sharam Jey
23568,Sharam Q
23569,Sharanya Srinivas
23570,Sharapov
23571,Sharath
23572,Sharaya J
23573,Shardul Rathod
23574,Sharen Claire
23575,Sharif
23576,Sharkbite
23577,Sharla Nafziger
23578,Sharlene
23579,Sharlene Taule
23580,Sharmila
23581,Sharmila Sivaguru
23582,Sharon Den Adel
23583,Sharon Kwan
23584,Sharon Pass
23585,Sharon Van Etten
23586,Sharon Wilkins
23587,Sharry Mann
23588,Sharyn
23589,Shashaa Tirupati
23590,Shashk Tiwari
23591,Shashwat Sachdev
23592,Shashwat Singh
23593,Shastro
23594,Shatta Wale
23595,Shaun Escoffery
23596,Shaun Farrugia
23597,Shaun Reeves
23598,Shaun Ross
23599,Shaver
23600,Shavi
23601,Shawn Mendes
23602,Shawn Storm
23603,Shawn Yue
23604,Shawni
23605,Shayla
23606,Shazneen Arethna
23607,Shazza
23608,She Is Jules
23609,She Keeps Bees
23610,She Past Away
23611,She/Her/hers
23612,Sheba
23613,Sheba Potts-Wright
23614,Sheck Wes
23615,Sheena Easton
23616,Sheezay
23617,Shefali Alvares
23618,Sheff G
23619,Sheikh Haikel
23620,Sheila E.
23621,Sheila Hancock
23622,Sheila Kay Davis
23623,Shekhar Ravjiani
23624,Sheku Kanneh-Mason
23625,Shelo
23626,Shemdon
23627,Shemhamforash
23628,Shen Darren
23629,Shenlong
23630,Shenseea
23631,Shep Pettibone
23632,Shepard
23633,Sheppard
23634,Shereen Pimentel
23635,Sheridan Smith
23636,Sherie Rene Scott
23637,Sheriff Callie
23638,Shermanology
23639,Sherrill Milnes
23640,Sheryl Crow
23641,Sheykhar Ravjiani
23642,Shi Shi
23643,ShiGGa Shay
23644,Shiah Maisel
23645,Shiba San
23646,Shibb
23647,Shierro
23648,Shift K3Y
23649,Shiga Lin
23650,Shigeo Matsuzawa
23651,Shigeto
23652,Shikao Suga
23653,Shiki-TMNS
23654,Shiloh
23655,Shiloh Beat
23656,Shiloh Dynasty
23657,Shilpa Rao
23658,Shilpa Surroch
23659,Shimon
23660,Shin Fujishima
23661,ShinE
23662,Shinda Kahlon
23663,Shine
23664,Shinedown
23665,Shing02
23666,Shinichiro Hara
23667,Shinoflow
23668,Shinsei Kamattechan
23669,Shinya Miura
23670,Ship Wrek
23671,Shipra Goyal
23672,Shiraz Uppal
23673,Shiritsu Ebisu Chugaku
23674,Shirley Bassey
23675,Shirley Carvalhaes
23676,Shirley Casa Verde
23677,Shirley Clamp
23678,Shirley Kwan
23679,Shirley Murdock
23680,Shirley Setia
23681,Shiro Sagisu
23682,Shit Present
23683,ShitKid
23684,Shiv-R
23685,Shivadelic
23686,Shivaleeka Oberoi
23687,Shivam
23688,Shivam Mahadevan
23689,Shivansh Jindal
23690,Shivered
23691,Shivkumar Sharma
23692,Shizuka Kudo
23693,Shlump
23694,Shlømo
23695,Shniece McMenamin
23696,Shoaib Ali
23697,Shoba Chandrasekar
23698,Shobha Gurtu
23699,ShockOne
23700,Shocking Blue
23701,Shockk Wayve
23702,Shockline
23703,Shockwave
23704,Shockz
23705,Shoffy
23706,Shofu
23707,Shogo Hamada
23708,Shogun
23709,Shoko Nakagawa
23710,Shola Ama
23711,Shomu Seal
23712,Shonan No Kaze
23713,Shooter Kahlon
23714,Shopliftas
23715,Shortie
23716,Shorty Da Kid
23717,Shoshana Bean
23718,Shota Shimizu
23719,Shotgun Willy
23720,Shouse
23721,Shout Praises Kids
23722,Show Dem Camp
23723,Show Of Hands
23724,Showkidd
23725,Showtek
23726,Shoy
23727,Shozzy
23728,Shpongle
23729,Shraddha Kapoor
23730,Shraddha Pandit
23731,Shravan Sridhar
23732,Shredder 1984
23733,Shreekumar Vakkiyil
23734,Shrey Singhal
23735,Shreya
23736,Shreya Ghoshal
23737,Shreya Jain
23738,Shreya Jayadeep
23739,Shreya Raghav
23740,Shrimp
23741,Shruti Haasan
23742,Shruti Pathak
23743,Shruti Rane
23744,Shuarma (Elefantes)
23745,Shuba Music
23746,Shubh
23747,Shubha Mudgal
23748,Shubham Kabra
23749,Shubham Shirule
23750,Shuga Wuga
23751,Shuma Suzuki
23752,Shuta Sueyoshi
23753,ShuuKaRen
23754,Shwabadi
23755,Shweta Mohan
23756,Shweta Pandit
23757,Shyam CS
23758,Shyam Dharman
23759,Shyam Nepali
23760,Shygirl
23761,Shystie
23762,Shé
23763,Si Cranstoun
23764,SiM
23765,Sia
23766,Siadou
23767,Sian
23768,Sian Evans
23769,Siavash Amini
23770,Sibel Can
23771,Sibi Mathew Alex
23772,Sibu Sukumaran
23773,Sicarios
23774,Sick Individuals
23775,Sick Jacken
23776,Sick Of It All
23777,Sick Puppies
23778,Sick Thoughts
23779,Sickbrain
23780,Sickddellz
23781,Sickflip
23782,Sickick
23783,Sickmode
23784,Sid
23785,Sid Sriram
23786,Sidanth Sundar
23787,Siddarth Basrur
23788,Siddhant Bhosle
23789,Siddharth Amit Bhavsar
23790,Siddharth Mahadevan
23791,Siddharth Menon
23792,Siddharth Slathia
23793,Siddhartha Belmannu
23794,Siddhi Ture
23795,Siddhu Kumar
23796,Siddiq Ansari
23797,Side
23798,Sidecars
23799,Sideline
23800,Sidezz
23801,Sidharth Malhotra
23802,Sidharth Sankar
23803,Sidhu Moose Wala
23804,Sidiki Diabaté
23805,Sidney Almeida
23806,Sidney Charles
23807,Sidney Scaccio
23808,Sidnie Tipton
23809,Sido
23810,Sidonie
23811,Siebenbürgen
23812,Siedah Garrett
23813,Sielunvihollinen
23814,Siempre Asi
23815,Siempre Me Dejas
23816,Sierra Ferrell
23817,Sierra Hull
23818,Sierra Kidd
23819,Siesta Beats
23820,Sifax
23821,Sigag Lauren
23822,Sigala
23823,Sigh
23824,Sight of Emptiness
23825,Sighter
23826,Sigiswald Kuijken
23827,Sigma
23828,Sigmar Solbach
23829,Sigmun
23830,Signature By SB
23831,Signs of the Swarm
23832,Sik World
23833,Sik-Wit-It
23834,Sikander Kahlon
23835,Sikdope
23836,Sikka Rymes
23837,Sikkil Gurucharan
23838,Sikkil Vadivel
23839,Silambarasan TR
23840,Silbermond
23841,Silence Wang
23842,Silent Child
23843,Silent Circle
23844,Silent Knights
23845,Silent Ocean
23846,Silent Path
23847,Silent Poets
23848,Silentjay
23849,Silience
23850,Silk Boss
23851,Silk City
23852,Silk Mhake
23853,Silk Route
23854,Silk Sonic
23855,Silla
23856,Silly Kidz
23857,Siloé
23858,Silva & Guerra
23859,Silva Sax
23860,Silvana Estrada
23861,Silvana Imam
23862,Silvanno Salles
23863,Silver Roses
23864,Silverberg
23865,Silverchair
23866,Silverstein
23867,Silvia Colloca
23868,Silvia Infantas Y Los Condores
23869,Silvia Kaufmann
23870,Silvio Ecomo
23871,Silvio Rodríguez
23872,Silvio Varviso
23873,Sima Jones
23874,Simanta Shekhar
23875,Simeon
23876,Simeon Oliver
23877,Simhakutty
23878,Simi
23879,Simina Grigoriu
23880,Simon & Garfunkel
23881,Simon Black
23882,Simon Callow
23883,Simon Casey
23884,Simon Chalk
23885,Simon Doty
23886,Simon Dunne
23887,Simon Gibson
23888,Simon Helberg
23889,Simon King
23890,Simon Kouskounis
23891,Simon Lee
23892,Simon Mavin
23893,Simon Patterson
23894,Simon Preston
23895,Simon Reichert
23896,Simon Samaeng
23897,Simon Superti
23898,Simon Ward
23899,Simon Webbe
23900,Simon Wester
23901,Simon la Letra
23902,Simone
23903,Simone & Simaria
23904,Simone Kermes
23905,Simone Malafaia
23906,Simos Papanas
23907,Simple Minds
23908,Simple Plan
23909,Simpleton
23910,Simply Red
23911,Simran Choudhary
23912,Sims
23913,Simula
23914,Simão
23915,Sin Plomo
23916,Sina Shoaie
23917,Sinan Akçıl
23918,Sinduri Vishal
23919,Sing n Play
23920,Single
23921,Sinithis Ipopti
23922,Sinizter
23923,Sinoda
23924,Sins Of Insanity
23925,Sinsinati
23926,Sinéad Harnett
23927,Sinéad O'Connor
23928,Sioned James
23929,Siouxsie and the Banshees
23930,Sipper
23931,Sir Adrian Boult
23932,Sir Alexander Gibson
23933,Sir Charles Jones
23934,Sir Charles Mackerras
23935,Sir Chloe
23936,Sir Colin Davis
23937,Sir Edward Downes
23938,Sir Frank Karikari
23939,Sir Georg Solti
23940,Sir Jean
23941,Sir JoQ
23942,Sir John Pritchard
23943,Sir Lord Baltimore
23944,Sir Malcolm Sargent
23945,Sir Martin Walker
23946,Sir Neville Marriner
23947,Sir Peanut
23948,Sir Peter Pears
23949,Sir Simon Rattle
23950,SirReal
23951,Sirah
23952,Sirenia
23953,SirensCeol
23954,Sirius Trema
23955,Siriusmo
23956,Sirkazhi G. Sivachidambaram
23957,Sirkazhi Govindarajan
23958,Sissel
23959,Sissy Bar
23960,Sistek
23961,Sister Act Original London Cast
23962,Sister Bliss
23963,Sister Carol
23964,Sister Machine Gun
23965,Sister Nancy
23966,Sister Sadie
23967,Sister Sledge
23968,Sistine Chapel Choir
23969,Sisyfuss
23970,Sita Chan
23971,Sithara Krishnakumar
23972,Siuzanna
23973,Sivamani
23974,Sivanesan
23975,Sivarni
23976,Siwell
23977,Sixto Rein
23978,Sixx:A.M.
23979,Sizzla
23980,Sjaak
23981,Sjoerd Ensa & Emiel
23982,Sjpringlaevend
23983,Ska-P
23984,Skaldik
23985,Skales
23986,Skan
23987,Skank
23988,Skankin' Pickle
23989,Skaparapid
23990,Skapes
23991,Skarlett Riot
23992,Skarra Mucci
23993,Skatune Network
23994,Skay Beilinson
23995,Skazi
23996,Skeeter Beats
23997,Skeets McDonald
23998,Skeez
23999,Skegss
24000,Skeletal Family
24001,Skeletron
24002,Skelly
24003,Skeme
24004,Skeng
24005,Skepta
24006,Ski Aggu
24007,Ski Mask The Slump God
24008,Skid Row
24009,Skillet
24010,Skillibang
24011,Skillibeng
24012,Skin
24013,Skin On Skin
24014,Skindred
24015,Skinhead Black
24016,Skinhead Rob
24017,Skinless
24018,Skinny Atlas
24019,Skinny Cap
24020,Skinny Days
24021,Skinny Happy
24022,Skinny Puppy
24023,SkinnyJewlz
24024,Skinto
24025,Skip Marley
24026,Skober
24027,Skoften Sloopservice
24028,Skold
24029,Skoob102
24030,Skool Of Thought
24031,Skream
24032,Skrillex
24033,Skrude
24034,Skrux
24035,Skullcrusher
24036,Skunk Anansie
24037,Skurken
24038,Sky
24039,Sky Bad
24040,Sky Covington
24041,Sky Ferreira
24042,Sky McCreery
24043,Sky Rompiendo
24044,Skye Reedy
24045,Skyforger
24046,Skylab
24047,Skylar Grey
24048,Skyler Stonestreet
24049,Skypeace
24050,Skytech
24051,Skyy
24052,Slabdragger
24053,Slack Key Master
24054,Slack Key Tunings
24055,Slag Boom Van Loon
24056,Slam
24057,Slank
24058,Slap It Out
24059,Slapshock
24060,Slash
24061,"Slaughter Beach, Dog"
24062,Slaughter to Prevail
24063,Slava (NL)
24064,Slay
24065,Slayer
24066,Sleaford Mods
24067,Sleen Mp
24068,Sleep
24069,Sleep Baby Sleep
24070,Sleep Easy Solutions
24071,Sleep Miracle
24072,Sleep Recording Sounds
24073,Sleep Sound Library
24074,Sleep Sounds of Nature
24075,Sleep Surgeon
24076,Sleep Therapist
24077,Sleep and Dream
24078,Sleeperstar
24079,Sleepicious
24080,Sleeping At Last
24081,Sleeping With Sirens
24082,Sleeping Wolf
24083,Sleepless Eye
24084,Sleepwalkrs
24085,Sleepy Clouds
24086,Sleepy Fish
24087,Sleepy Hallow
24088,Sleepy Moon
24089,Sleepy Sounds
24090,Sleepy Times
24091,Sleezy D
24092,Sless Praismo
24093,Slick Trick
24094,Slim Beat
24095,Slim Cessna's Auto Club
24096,Slim Jxmmi
24097,Slim Shore
24098,Slimane
24099,Slime
24100,Slip Capone
24101,Slipfunc
24102,Slipknot
24103,Slippy
24104,Slizznico
24105,Sllash & Doppe
24106,Sloan
24107,Sloppy Seconds
24108,Slot Machine
24109,Slovak National Symphony Orchestra
24110,Slovak Philharmonic
24111,Slovak Philharmonic Chorus
24112,Slovak Radio Symphony Orchestra
24113,Slow Meadow
24114,Slow Pulp
24115,SlowCheeta
24116,Slowed Radio
24117,Slowgold
24118,Slowly Slowly
24119,Slug
24120,Slugdge
24121,Slushii
24122,Sly & Robbie
24123,Sly & The Family Stone
24124,Sly Withers
24125,Small Faces
24126,Smart Books
24127,Smartface
24128,Smash
24129,Smash Mode
24130,Smash Mouth
24131,Smash Stereo
24132,Smerz
24133,Smg
24134,Smile on the Sinner
24135,Smith & Smart
24136,Smith & Thell
24137,Smitten
24138,Smoke City
24139,Smokepurpp
24140,Smokey Robinson
24141,Smokey Robinson & The Miracles
24142,Smoking Popes
24143,Smoodmood
24144,Smooth
24145,Smuv
24146,Smyang Piano
24147,Snake River Conspiracy
24148,Snake-Bite
24149,Snakebite
24150,Snakehips
24151,Snavs
24152,Snazzy
24153,Sneaker Pimps
24154,Sneaky
24155,Sneaky Ollie
24156,Sneaky Pete & Cool Cats
24157,Sneha Pant
24158,Snehlata
24159,Snelle
24160,Snigdhajit Bhowmik
24161,Snog
24162,Snoh Aalegra
24163,Snollebollekes
24164,Snoop Dogg
24165,Snot
24166,Snow
24167,Snow Patrol
24168,Snowstorm
24169,Snowy White
24170,Snövit
24171,Snøw
24172,So Below
24173,So Jao
24174,So La Lune
24175,So Preto Sem Preconceito
24176,So Solid Crew
24177,SoLeo
24178,SoLonely
24179,So_nny
24180,Soaked Oats
24181,Soap&Skin
24182,Sobs
24183,Social Distortion
24184,Social House
24185,Social Kid
24186,Soda Stereo
24187,Sodagreen
24188,Sodhivine
24189,Sodom
24190,Sody
24191,Sofa Surfers
24192,Sofi Tukker
24193,Sofia
24194,Sofia Carson
24195,Sofia Karlsson
24196,Sofia Kourtesis
24197,Sofia Quinn
24198,Sofiane
24199,Sofiane Pamart
24200,Sofie Royer
24201,Sofie Svensson
24202,Sofie Winterson
24203,Soft Cell
24204,Sofía Reyes
24205,Soge Culebra
24206,Sogma
24207,Sohail Sen
24208,Soham
24209,Soham Chakrabarthy
24210,Soham Chakraborty
24211,Soham Naik
24212,Soheil Soheili
24213,Sohn Aelia
24214,Sohodolls
24215,Sohrab Motabar
24216,Soil
24217,Soilent Green
24218,Soilwork
24219,Soko
24220,Sokoninaru
24221,Sokrat St
24222,Sol Sonic Force
24223,Sol3 Mio
24224,Sola Vimi
24225,Solace Her
24226,Solange Almeida
24227,Solar
24228,Solar Fields
24229,Solar Kid
24230,Solar Sai
24231,Solar State
24232,Solardo
24233,Solarstone
24234,Soldat Louis
24235,Solea Pfeiffer
24236,Soledad
24237,Soledad Pastorutti
24238,Soledad Villamil
24239,Solee
24240,Soleil Noir
24241,Solex
24242,Soleá Morente
24243,Solfeggio
24244,Solgie Rokcstone
24245,Soli Deo Gloria
24246,Solid Stone
24247,Solitude
24248,Solo Tango Orquesta
24249,Solomon Burke
24250,Solomon Grey
24251,Solomun
24252,Soltan
24253,Solteirões do Forró
24254,Soly
24255,Sombra
24256,Sombrinha
24257,SomeWhatSuper
24258,Something Corporate
24259,Something Good
24260,Somlata Acharyya Chowdhury
24261,Somlata And The Aces
24262,Somna
24263,Somnia
24264,Somos Nós A Justiça
24265,Son By Four
24266,Son Feci Bisiklet
24267,Son Mieux
24268,Son Palenque
24269,Son Tentación
24270,Son&Dad
24271,Sona Mohapatra
24272,SonaOne
24273,Sonal Chauhan
24274,Sonam Bajwa
24275,Sondaschule
24276,Sondre Bjelland
24277,Sondre Meisfjord
24278,Soner Arıca
24279,Soner Sarıkabadayı
24280,Songs From The Road Band
24281,Sonia Gadhia
24282,Sonia Liebing
24283,Sonia Rivas
24284,Sonic Area
24285,Sonic Boom Six
24286,Sonic Journey
24287,Sonic Syndicate
24288,Sonic Whales
24289,Sonic Wine
24290,Sonicdriver
24291,Sonidos De Aves
24292,Sonidos De Lluvia y Tormentas
24293,Sonidos de la Naturaleza Rudio Blanco Para Bebes
24294,Sonita
24295,Sonmi451
24296,Sonny & Cher
24297,Sonny Boy Williamson II
24298,Sonny Chillingworth
24299,Sonny Fodera
24300,Sonny Lim
24301,Sonny Sandoval
24302,Sonny Wilson
24303,Sono
24304,Sonoko Inoue
24305,Sonora Carruseles
24306,Sonora Maracaibo
24307,Sonora Ponceña
24308,Sonora Skandalera
24309,Sonora de Llegar
24310,Sonovic
24311,Sons Of Maria
24312,Sons of Perdition
24313,Sonu Nigam
24314,Sony Studio
24315,Soo Wincci
24316,Soolamangalam Sisters
24317,Soolking
24318,Soom T
24319,Sooraj S. Kurup
24320,Sooraj Santhosh
24321,Soorya Narayanan
24322,Soothe My Soul
24323,Soothing Chill Out for Insomnia
24324,Soothing Nature Sounds
24325,Soothing Waterfalls
24326,"Soothing White Noise for Infant Sleeping and Massage, Crying & Colic Relief"
24327,Soothing White Noise for Relaxation
24328,Soothing White Noise for Sleeping Babies
24329,Soothsayers
24330,Sophia Akkara
24331,Sophia Anne Caruso
24332,Sophia Black
24333,Sophia Caruso
24334,Sophia Kennedy
24335,Sophia Rain
24336,Sophia Somajo
24337,Sophiaaaahjkl
24338,Sophie
24339,Sophie Barker
24340,Sophie Chen
24341,Sophie Ellis-Bextor
24342,Sophie Hutchings
24343,Sophie Junker
24344,Sophie Lindinger
24345,Sophie Pecora
24346,Sophie Simmons
24347,Sophie and the Giants
24348,Sopico
24349,Soprano
24350,Sorana
24351,Soraya
24352,Soraya Moraes
24353,Sore Throat
24354,Sorrel Hauer
24355,Sorriso Maroto
24356,Soró Silva
24357,Sos
24358,Sosnowski
24359,Sotam
24360,Sote
24361,Sotiria Leonardou
24362,SoudCrime
24363,Soul Asylum
24364,Soul II Soul
24365,Soul Vision
24366,SoulBeatz
24367,SoulRap
24368,Soulblast
24369,Souleye
24370,Soulfly
24371,Soulja Boy
24372,Souljah
24373,Souls Of Mischief
24374,Soulsearcher
24375,Soulspeaker
24376,Soulwax
24377,Souly Had
24378,Soumya Sanathanan
24379,Sound & Temper
24380,Sound Convoy
24381,Sound Ideas
24382,Sound Library XL
24383,Sound Quelle
24384,Sound Remedy
24385,Sound Rush
24386,Sound Sleeping
24387,Sound Syndicate
24388,Sound of Rain
24389,Soundarya Jayachandran
24390,Soundexile
24391,Soundgarden
24392,Soundmouse
24393,"Sounds Of Nature : Thunderstorm, Rain"
24394,Sounds Of The Ocean
24395,Sounds of Nature Relaxation
24396,"Sounds of Nature White Noise for Mindfulness, Meditation and Relaxation"
24397,Sounds of Thunder and Rain
24398,Sounds of the Ocean Waves
24399,Soundtopia
24400,Sounfx
24401,Source Direct
24402,Soushi Sakiyama
24403,South Austin Jug Band
24404,South Central
24405,South Pacific Ensemble (2008)
24406,Southern Culture on the Skids
24407,Southern Structure
24408,Southside
24409,Southstylers
24410,Souumil Shringarpure
24411,Sovryn
24412,Soweto
24413,Sowmya Raoh
24414,Soñoliento Juan
24415,Spa
24416,Spa & Spa
24417,Spa Music
24418,Spa Relaxation
24419,Spa Relaxation & Spa
24420,"Spa, Relaxation and Dreams"
24421,Space 92
24422,Space Food
24423,Space Laces
24424,Space Motion
24425,Space Primates
24426,Spacecraft
24427,Spacetactular
24428,Spade427
24429,Spag Heddy
24430,Spandau Ballet
24431,Sparks
24432,Sparky Philips
24433,Spartaque
24434,Spear Of Destiny
24435,Special Consensus
24436,Special D.
24437,Special Krew
24438,Special M
24439,Specimen
24440,Specimen A
24441,Specktakel
24442,SpectraSoul
24443,Spectre
24444,Speed Machine
24445,Speed Radio
24446,Speedometer
24447,Speedwolf
24448,Speedy West
24449,Spektre
24450,Spelim
24451,Spellbinder
24452,Spelloppmaker
24453,Spellz
24454,Spencer Brewer
24455,Spencer Brown
24456,Spencer Crandall
24457,Spencer Kayden
24458,Spice
24459,Spider ZED
24460,Spidergawd
24461,Spineshank
24462,Spinning Jennies
24463,Spiral
24464,Spirit Architect
24465,Spirit Waves
24466,Spiritbox
24467,Spiritualized
24468,Spite
24469,Spitfire
24470,Spitnoise
24471,Splender
24472,Splinta
24473,Split Lip Rayfield
24474,Splitloop
24475,Sponer
24476,Spongebob Squarepants
24477,Spookie Blue
24478,Spootlajtz
24479,Spor
24480,Sportfreunde Stiller
24481,Sportlov
24482,Sports
24483,Sporty-O
24484,Spotlight Musicals
24485,Spragga Benz
24486,Spree Wilson
24487,Spuntic
24488,Sputnik
24489,Squad-E
24490,Squash
24491,Squash Bowels
24492,Squeeze
24493,Squirrel Flower
24494,Sr. Bikini
24495,Sravana Bhargavi
24496,Sreejith Edavana
24497,Sreenath Bhasi
24498,Sreeraj
24499,Sreeram
24500,Sreerama Chandra
24501,Sreevalsan J. Menon
24502,Sreya Anna Joseph
24503,Sreya Raghav
24504,Sri Charan
24505,Sri Krishna
24506,Sri Sai Kiran
24507,Sri Vithya
24508,Sricharan Pakala
24509,Srilekha Parthasarathy
24510,Srimathumitha
24511,Srinda
24512,Srinidhi Venkatesh
24513,Srinish Aravind
24514,Srinisha Jayaseelan
24515,Srinivas
24516,Sripathi Panditaradhyula Balasubrahmanyam
24517,Sriram Parthasarathy
24518,Srivardhini
24519,Srivarthini
24520,Sruthi S
24521,Sruthy Joy
24522,Sruthy Sasidharan
24523,Ssol
24524,St. John's Children's Choir
24525,St. Lucia
24526,St. Petersburg Philharmonic Orchestra
24527,St. Vincent
24528,Staatskapelle Dresden
24529,Stabbing Westward
24530,Stabfinger
24531,Stabil
24532,Stac
24533,Stacey Pullen
24534,Stacious
24535,Stacks102
24536,Stacy Barthe
24537,Stadiumx
24538,Staffan Hellstrand
24539,Stafford Beats
24540,Stailok
24541,Stain the Canvas
24542,Staind
24543,Stakev
24544,Stalag 13
24545,Stalk Ashley
24546,Stam1na
24547,Stamina MC
24548,Stampf!
24549,Stan Getz
24550,Stand Here Alone
24551,Stanley Castro
24552,Stanley Tucci
24553,Stanton Lanier
24554,Stanton Warriors
24555,Stap
24556,Stapes
24557,Star Darlings
24558,Star Feminine Band
24559,Starfarer
24560,Starfield
24561,Stargate
24562,Stark Sands
24563,Starkillers
24564,Starla Edney
24565,Starley
24566,Starlit
24567,Starmania
24568,Starpoint
24569,Starry Company
24570,Stars Of The Lid
24571,Starsailor
24572,Starshooter
24573,Start Rap
24574,Started Off Poor
24575,State Champs
24576,State of Mind
24577,State of Sound
24578,Stateless
24579,Static & Ben El
24580,Static Revenger
24581,Static White Noise Sounds
24582,Static-X
24583,Status Quo
24584,Stau
24585,Staut
24586,Stavros Sounds
24587,Stavros Xarhakos
24588,Stavroz
24589,Stay Might
24590,StayLoose
24591,Staya Staya
24592,Staysick
24593,Stealers Wheel
24594,Stebin Ben
24595,Steel Pulse
24596,Steelism
24597,Steely Dan
24598,Steep Canyon Rangers
24599,Stef Classens
24600,Stefan Andersson
24601,Stefan Fredrich
24602,Stefan Friedman
24603,Stefan Liebert
24604,Stefan Maass
24605,Stefan Missios
24606,Stefan Peters
24607,Stefan Rath
24608,Stefan Rauch
24609,Stefan Rio
24610,Stefan Stürmer
24611,Stefan Sundström
24612,Stefan en Sean
24613,Stefan von BierKeller
24614,Stefani Kimber
24615,Stefania Dipierro
24616,Stefanie Heinzmann
24617,Stefanie Sun
24618,Stefano F
24619,Steff da Campo
24620,Steffanie Christi'an
24621,Steffany Gretzinger
24622,Steffen Jürgens
24623,Stefflon Don
24624,Stefy De Cicco
24625,Steget
24626,Stein
24627,Stella Jang
24628,Stella Laura
24629,Stella Starlight Trio
24630,Stella Zambalis
24631,Stendeck
24632,Steo
24633,Stepfather Fred
24634,Stephan Baulig
24635,Stephan Bodzin
24636,Stephan Hague
24637,Stephan Jolk
24638,Stephan Moccio
24639,Stephane Salerno
24640,Stephanie
24641,Stephanie Beatriz
24642,Stephanie Briggs
24643,Stephanie Cheng
24644,Stephanie Ho
24645,Stephanie Hsu
24646,Stephanie J. Block
24647,Stephanie Middleton
24648,Stephanie Mills
24649,Stephannie
24650,Stephen
24651,Stephen Advance
24652,Stephen Barlow
24653,Stephen Barton
24654,Stephen Cleobury
24655,Stephen Fasano
24656,Stephen Hague
24657,Stephen Hanan
24658,Stephen Hawking
24659,Stephen Jebakumar
24660,Stephen Jones
24661,Stephen Kovacevich
24662,Stephen Lynch
24663,Stephen Marley
24664,Stephen McDonald
24665,Stephen Richards
24666,Stephen Sanchez
24667,Stephen Sondheim
24668,Stephen Speaks
24669,Stephen Zechariah
24670,Stepherd
24671,Stephy Tang
24672,Steppa Style
24673,Steppenwolf
24674,Stereo Express
24675,Stereoact
24676,Stereoclip
24677,Stereodubs
24678,Stereomud
24679,Sterkøl
24680,Sterling Void
24681,"Steve ""Silk"" Hurley"
24682,Steve Angello
24683,Steve Angelo
24684,Steve Aoki
24685,Steve Arrington's Hall Of Fame
24686,Steve Barton
24687,Steve Brian
24688,Steve Bug
24689,Steve Byrne
24690,Steve Chou
24691,Steve Dekay
24692,Steve Earle
24693,Steve Edwards
24694,Steve Gorn
24695,Steve Hill
24696,Steve Hofstetter
24697,Steve Ivey
24698,Steve James
24699,Steve Kazee
24700,Steve Kroeger
24701,Steve Lean
24702,Steve Martin
24703,Steve Miller Band
24704,Steve Osborne
24705,Steve Perry
24706,Steve Petrunak
24707,Steve Poindexter
24708,Steve Pulvers
24709,Steve Rannazzisi
24710,Steve Reich
24711,Steve Rosen
24712,Steve Smooth
24713,Steve Spacek
24714,Steve Stevens
24715,Steve Tannen
24716,Steve Vai
24717,Steve Winwood
24718,Steven Aderinto
24719,Steven Gelfer
24720,Steven Isserlis
24721,Steven Mercurio
24722,Steven Pasquale
24723,Steven Price
24724,Steven Sutcliffe
24725,Steven Wilson
24726,Steven Young
24727,Stevie Appleton
24728,Stevie B
24729,Stevie Ray Vaughan
24730,Stevie Wonder
24731,Stewart Eaton
24732,Stian Carstensen
24733,Stick To Your Guns
24734,Stickybuds
24735,Stiftelsen
24736,Stigmata
24737,Stil & Bense
24738,Still Corners
24739,Still Fresh
24740,Still Virgin
24741,Still Woozy
24742,Stimming
24743,Sting
24744,Stitched Up Heart
24745,Stiv Bators
24746,Stive Morgan
24747,Stjørna Heimbrentslag
24748,Stochelo Rosenberg
24749,Stoltenhoff
24750,Stone Lions
24751,Stone Sour
24752,Stone Temple Pilots
24753,StoneBridge
24754,Stonebank
24755,Stonebwoy
24756,Stoned Jesus
24757,Stoneface & Terminal
24758,Stonefox
24759,Stonewall Jackson
24760,Stoney LaRue
24761,Stony Psyko
24762,StopLock
24763,Stormerz
24764,Stormlord
24765,Stormzy
24766,Story Of The Year
24767,StoryBots
24768,Stoto
24769,Stract
24770,Straight Answer
24771,Straight Line Stitch
24772,Strange
24773,Strange Alias
24774,Strangled
24775,Strapping Young Lad
24776,Strategy
24777,Stratotune
24778,Stravaganzza
24779,Strawberry Alarm Clock
24780,Strawberry Guy
24781,Strawberry Switchblade
24782,Stray Cats
24783,Stray From The Path
24784,Stray Kids
24785,Stream of Passion
24786,Street Academics
24787,Street Cleaner
24788,Street Gena
24789,Streetlight Manifesto
24790,Streiks & Kratchs
24791,Stress
24792,Stressmatic
24793,Strike
24794,Stringbean
24795,Stromae
24796,Strongilla Irtlach
24797,Strung Out
24798,Stryer
24799,Stuart Duncan
24800,Stuart Neill
24801,Stuart Thompson
24802,Stubete Gäng
24803,Stuck in the Sound
24804,Students
24805,Studio Killers
24806,Studio Thg
24807,Studioorchester der Europäischen FilmPhilharmonie
24808,Study Alpha Waves
24809,Study Music & Sounds
24810,Stumbleine
24811,Stunna666
24812,Stunnah Beatz
24813,Stupeflip
24814,Sturgill Simpson
24815,Stuttgart Philharmonic Orchestra
24816,Stuttgarter Kammerorchester
24817,Stwo
24818,Styles & Breeze
24819,Styles Of Beyond
24820,Stylo
24821,Stylo G
24822,Styx
24823,Stéphane Grappelli
24824,Stéphanie Detry
24825,Su Presencia
24826,Suae
24827,Suat Suna
24828,Sub Focus
24829,Sub Sonik
24830,Sub Urban
24831,Sub Zero Project
24832,SubDocta
24833,Subchamber Ensmble
24834,Subha
24835,Subheim
24836,Subhi
24837,Subhira
24838,Subhro Ganguly
24839,Subir Malik
24840,Subjective
24841,Sublahshini
24842,Sublime
24843,Sublime Cadaveric Decomposition
24844,Sublow Hz
24845,Submersed
24846,Subriser
24847,Subsonic
24848,Substaat
24849,Subtact
24850,Subten
24851,Subtension
24852,SubtractiveLAD
24853,Subtronics
24854,Suburban Knight
24855,Suburban Legends
24856,Suburban Scum
24857,Subze
24858,Suchitra
24859,Suchmos
24860,Sudario
24861,Sudarshan Ashok
24862,Sudha Ragunathan
24863,Sudhanesh
24864,Suduaya
24865,Sue Dodge
24866,Sueco
24867,Sued Silva
24868,Sueide Kintê
24869,Suel
24870,Suelen de Jesus
24871,Suellen Brum
24872,Suellen Lima
24873,Suely Façanha
24874,SuenaTron
24875,Sueth
24876,Sueño Latino
24877,Suffocation
24878,Suffokate
24879,Sufjan Stevens
24880,Sufle
24881,Suga7
24882,Sugar Candy Mountain
24883,Sugar Kane
24884,Sugar Minott
24885,Sugar Sammy
24886,Sugarland
24887,Sugarplum Fairy
24888,Suggs
24889,Suhail Kaul
24890,Suhana Das
24891,Suicidal Tendencies
24892,Suicide Commando
24893,Suicide Silence
24894,SuidAkrA
24895,Sujata Bhattacharya
24896,Sujatha
24897,Sukanya Purayastha
24898,Sukh Knight
24899,Sukh Lotey
24900,Sukh-E Muzical Doctorz
24901,Sukhbir
24902,Sukhjit Singh
24903,Sukhwinder Singh
24904,Suki Waterhouse
24905,Sukima Switch
24906,Sukriti Kakar
24907,Sukriye Tutkun
24908,Suli Breaks
24909,Sullivan King
24910,Sully
24911,Sulphur Aeon
24912,Sultaan
24913,Sultan
24914,Sultan + Shepard
24915,Sultan Khan
24916,Sum 41
24917,Sumangali
24918,Sumedha Karmahe
24919,Sumi Jo
24920,Sumire Morohoshi
24921,Sumire Uesaka
24922,Sumix
24923,Summer Clarke
24924,Summer Haze
24925,Summer Salt
24926,Summer Walker
24927,Summerfield
24928,Summerfield United
24929,Summersongs
24930,Summoning
24931,Sumo
24932,Sumptuastic
24933,Sun Cats
24934,Sun-El Musician
24935,Sunanda Sharma
24936,Sunayana
24937,Sunbeam
24938,Sunbeam Sound Machine
24939,Sundance
24940,Sundar Narayana Rao
24941,Sunday Vibes
24942,Sundin Pojat
24943,Sune Rose Wagner
24944,Sunflower Bean
24945,Sungha Jung
24946,Sunglasses Kid
24947,Suni Hạ Linh
24948,Sunidhi Chauhan
24949,Sunil Ganguly
24950,Sunil Mathai
24951,Sunitha Sarathy
24952,Sunken
24953,Sunmoon
24954,Sunnery James & Ryan Marciano
24955,Sunny Lax
24956,Sunny Malton
24957,Sunrise
24958,Sunset & Highland
24959,Sunshine State
24960,Sunshine Trio
24961,Sunterra
24962,Sunwoojunga
24963,Super Cat
24964,Super Flu
24965,Super Ratones
24966,Super Sako
24967,Super Siah
24968,Super Simple Songs
24969,Super8 & Tab
24970,Superbloom
24971,Superchunk
24972,Supercoolwicked
24973,Superdrag
24974,Superfly
24975,Superman Is Dead
24976,Supernova
24977,Supersavage
24978,Supersubmarina
24979,Superthriller
24980,Supertramp
24981,Supper Moment
24982,Suprafive
24983,Supratik Das
24984,Supreme Beings of Leisure
24985,Supriya Joshi
24986,Supriya Pathak
24987,Suprême NTM
24988,Surade|3AM VIBES
24989,Suraj Jagan
24990,Surbhi Jyoti
24991,Surchith
24992,Suresh Peters
24993,Suresh Talwalkar
24994,Suresh Wadkar
24995,Surf Curse
24996,Surf Mesa
24997,Surfaces
24998,Surge
24999,Surgeon
25000,Surinder Kaur
25001,Suriya
25002,Surjeet Singh
25003,Surjit Bindrakhia
25004,Surra
25005,Sururu Na Roda
25006,Survive Said The Prophet
25007,Survivor
25008,Surya Ragunaathan
25009,Sus Guitarras Mexicanas
25010,Susan Blackwell
25011,Susan Boyle
25012,Susan Egan
25013,Susan Jacks
25014,Susan Misner
25015,"Susan Rigvava-Dumas, Carsten Lepper"
25016,"Susan Rigvava-Dumas, Wietske van Tongeren, Schatten"
25017,Susana
25018,Susana Baca
25019,Susana Rinaldi
25020,Susanna Kwan
25021,Susanne Sundfør
25022,Suseti
25023,Sushant KC
25024,Sushin Shyam
25025,Susie Suh
25026,Suspect 44
25027,Susperia
25028,Sussie 4
25029,Susumu Yokota
25030,Sutton Foster
25031,Suy Galvez
25032,Suzan Erens
25033,Suzan Hacigarip
25034,Suzannah Bee
25035,Suzanne
25036,Suzanne D'Mello
25037,Suzi Q
25038,Suzie Q
25039,Suzonn
25040,Suzy
25041,Sven & Olav
25042,Sven Florijan
25043,Sven Kuhlmann
25044,Sven Maes
25045,Sven-Ingvars
25046,Svenne Rubins
25047,Svenska Akademien
25048,Sverige
25049,Svet
25050,Sveta B.
25051,Svänzons
25052,Swae Lee
25053,Swagatika
25054,Swan Meat
25055,Swanand Kirkire
25056,Swans
25057,Swapan Sekhon
25058,Swarathma
25059,Swarnalatha
25060,Swasti Mehul
25061,Swastik The Band
25062,Swathy Manu
25063,Swattrex
25064,Swattrex One
25065,Sway Bleu
25066,Sway Clarke
25067,Sway and P Money
25068,Swedish House Mafia
25069,Sweet
25070,Sweet Baby Sleep Baby
25071,Sweet Holy Spirit
25072,Sweet Little Band
25073,Sweethearts of the Rodeo
25074,Sweetie Irie
25075,Sweety
25076,Swell
25077,Swetha
25078,Swetha Raj
25079,Swift Guad
25080,Swindle
25081,Swing
25082,Swing & Simpatia
25083,Swingin' Utters
25084,Swiss & Die Andern
25085,Switch - Lock Up
25086,Switch Lock Up
25087,SwitchOTR
25088,Switche Stylomannavan
25089,Swizz Beatz
25090,Swizznife
25091,Swonderful Orchestra
25092,SwuM
25093,Syah Riszuan
25094,Sybil
25095,Syd
25096,Syd Barrett
25097,Syd Matters
25098,Sydney Allen
25099,Sydney James Harcourt
25100,Sydney Lucas
25101,Sydney Rose
25102,Sydney Talor
25103,Sydney Woods
25104,Syence
25105,Sylaar
25106,Sylar
25107,Sylence
25108,Sylosis
25109,Sylow
25110,Sylvain Chauveau
25111,Sylvester
25112,Sylvia Salustti
25113,Sylvie
25114,Sylvie Maziarz
25115,Symphonic
25116,Symphonie-Orchester Graunke
25117,Symphonieorchester Graunke
25118,Symphonix
25119,Symphony Orchestra of Madrid
25120,Syn Cole
25121,Synapson
25122,Sync 3
25123,Syndrome
25124,Synergetic Emotion
25125,Synesthetic
25126,Synkop
25127,Synne
25128,SynthWulf
25129,Synthatic
25130,Synthsoldier
25131,Synymata
25132,Syren
25133,System
25134,System Of A Down
25135,System of Loudness
25136,Syster Sol
25137,Syuhei Tsutsui
25138,Syzz
25139,Szeukers
25140,Szpilki
25141,SzumH
25142,Szumek
25143,SÓ MEGA FUNK
25144,São Paulo Ska Jazz
25145,Säkert!
25146,Så som i Himmelen Ensemblen
25147,Sébastien Dionne
25148,Sébastien Léger
25149,Sérgio Lopes
25150,Sérgio Mendes
25151,Sérgio Reis
25152,Sérgio Reis e Filhos
25153,Sérgio Sampaio
25154,Síntese
25155,Só Pra Contrariar
25156,Sólstafir
25157,SödraSidan
25158,Sören & Anders
25159,Sözer Sepetçi
25160,Sølace
25161,Sømething
25162,Søren Launbjerg
25163,Süheyl Denizci Orkestrası
25164,T & Sugah
25165,T$unami811
25166,T&T Music Factory
25167,T'Pau
25168,T-Bone Walker
25169,T-Key
25170,T-Mass
25171,T-Pain
25172,T-Phonic
25173,T. Bubba Bechtol
25174,T. K. Murthy
25175,T. L. Maharajan
25176,T. M. Krishna
25177,T. M. Soundararajan
25178,T. Matthias
25179,T. Power
25180,T. R. Mahalingam
25181,T. Rajendar
25182,T. Rex
25183,T.A.M.
25184,T.I
25185,T.I.
25186,T.K. Lawrence
25187,T.K. Soul
25188,T.M.Revolution
25189,T.O.K
25190,T.O.K.
25191,T.Rabb
25192,T.S. Vasudeva Rao
25193,T78
25194,TACOYAKI RAINBOW
25195,TAEIL
25196,TAEYEON
25197,TAEYONG
25198,TAL
25199,TANK 呂建忠
25200,TAYA
25201,TB1
25202,TBabz
25203,TC
25204,TCM
25205,TCTS
25206,TEARS OF TRAGEDY
25207,TEE
25208,TEEMID
25209,TELYKast
25210,TEMPOREX
25211,TEMPURA KIDZ
25212,TEN TIMES
25213,TENDER
25214,TENDRE
25215,TERRA
25216,TERREVIENTO
25217,THABO
25218,THE AKUMA
25219,THE ANXIETY
25220,THE CHARM PARK
25221,THE MODS
25222,THE ORAL CIGARETTES
25223,THE RAMPAGE from EXILE TRIBE
25224,THEMBA
25225,THIEVES
25226,THIRTY RACK
25227,THOUSAND EYES
25228,THREE1989
25229,THRILL PILL
25230,TIA RAY
25231,TIAGO IORC
25232,TIKE
25233,TIMBALIVE
25234,TIMES x TWO
25235,TINI
25236,TINYKVT
25237,TJ Cream
25238,TJ Hickey
25239,TJR
25240,TK
25241,TK from Ling tosite sigure
25242,TM
25243,TM Bax
25244,TM NETWORK
25245,TMG FRE$H
25246,TMRRW
25247,TNK
25248,TNT
25249,TNYA
25250,TOB Duke
25251,TOKYO ROSE
25252,TOKiMONSTA
25253,TOMMY
25254,TOMORROW X TOGETHER
25255,TOOL
25256,TOOMANYLEFTHANDS
25257,TOPHAMHAT-KYO
25258,TOTO
25259,TOWNS
25260,TR/ST
25261,TRACE
25262,TRANG
25263,TRASH
25264,TRAVMA
25265,TRFN
25266,TRI.BE
25267,TRUE
25268,TRUSTcompany
25269,TRiDENT
25270,TRØVES
25271,TS7
25272,TSHA
25273,TSR Crew
25274,TT Grace
25275,TUBE
25276,TUSHAR JOSHI
25277,TV Girl
25278,TV On The Radio
25279,TWICE
25280,TWOPILOTS
25281,TWRK
25282,TYNAN
25283,TYSM
25284,Taarka
25285,Taba Chake
25286,Taburete
25287,Tacocat
25288,Tadashi Nomura
25289,Taeko Onuki
25290,Tafari
25291,Taha G
25292,Tahribad-ı İsyan
25293,Tai Chi
25294,Tai Ji
25295,Tai Verdes
25296,Taichi Chishaki
25297,Tails
25298,Tainy
25299,Tairata
25300,Taisto Tammi
25301,Taiwan MC
25302,Taj Mahal
25303,Tajdar Junaid
25304,Tak Dec
25305,Tak-Z
25306,Takahiro Izumikawa
25307,Takako Matsu
25308,Takare Tadame
25309,Takatsugu Muramatsu
25310,Take/Five
25311,Takeem
25312,Takehara Pistol
25313,Takeoff
25314,Takeova
25315,Takis Binis
25316,Takr
25317,Takt32
25318,Taku Iwasaki
25319,Takura
25320,Taladro
25321,Talal Qureshi
25322,Talamasca
25323,Talay Riley
25324,Tale Of Us
25325,Talent
25326,Talented Mr Tipsy
25327,Talha Anjum
25328,Talhah Yunus
25329,Talhain
25330,Tali
25331,Tali Goya
25332,Talia Mar
25333,Talib Kweli
25334,Talisco
25335,Talisto
25336,Talistrio
25337,Talita Barreto
25338,Talitha.
25339,Talk Talk
25340,Talking Heads
25341,Talla 2XLC
25342,Talos
25343,Talstrasse 3-5
25344,Talwiinder
25345,Tamara Blake
25346,Tamara Blessa
25347,Tamara Eden
25348,Tamara Teirbrood
25349,Tamara Tsereteli
25350,Tame Impala
25351,Tamia
25352,Tamika
25353,Tamio Okuda
25354,Tammi Terrell
25355,Tammy Wynette
25356,Tamra Keenan
25357,Tamsin Carroll
25358,Tan Bionica
25359,Tan Taşçı
25360,Tanairi Sade Vazquez
25361,Tananai
25362,Tanay Mimani
25363,Tanaë
25364,Tanerman
25365,Tang Siu Hau
25366,Tangerine Wong
25367,Tango Bardo
25368,Tango Negro Trio
25369,Tanguy P
25370,Tani Yuuki
25371,Tanika
25372,Tanir
25373,Tanisha Hickman
25374,Tanishk Bagchi
25375,Tanishk-Vayu
25376,Tanja Derwahl
25377,Tanja Lasch
25378,Tanju Okan
25379,Tankard
25380,Tankurt Manas
25381,Tankz
25382,Tanmaya Bhatnagar
25383,Tano Romano
25384,Tansou Tatsumine
25385,Tanto Blacks aka Real Rich
25386,Tanto Metro & Devonte
25387,Tantrum Desire
25388,Tanu Grewal
25389,Tanveer Evan
25390,Tanvi Shah
25391,Tanya Chua
25392,Tanya Stephens
25393,Tanzeel Khan
25394,Tanzmuzik
25395,Tape B
25396,Tapesh
25397,Tapiola Chamber Choir
25398,Tapps
25399,Taproot
25400,Tara Carosielli
25401,Tara Charendoff
25402,Tara Lily
25403,Tara Sutaria
25404,Taraannum Mallik
25405,TarantisT
25406,Tarcis
25407,Tarcísio do Acordeon
25408,Tarek K.I.Z
25409,Tarik Bouisfi
25410,Tarik Jazzy T Thompson
25411,Tarja
25412,Tarkan
25413,Tarn Travers
25414,Tarro
25415,Tarrus Riley
25416,Taryn Spilzman
25417,Tasdan
25418,Tash Sultana
25419,Tasha & Tracie
25420,Tasha Baxter
25421,Tasha Cobbs Leonard
25422,Tasha LaRae
25423,Tashay
25424,Tashif
25425,Tasita D'Mour
25426,Taska Black
25427,Tassia Reis
25428,Taste Of Honey
25429,Tat Ming Pair
25430,Tatanka
25431,Tate McRae
25432,Tati Portella
25433,Tati Teixeira Campos
25434,Tatiana
25435,Tatiana Bulanova
25436,Tatiana and Sergey Nikitin
25437,Tatik
25438,Tatsunoshin
25439,Tatsuya Nakazaki
25440,Taty Girl
25441,Tatá Aeroplano
25442,Taufik Batisah
25443,Tauseef Akhtar
25444,Tavares
25445,Tavi Gevinson
25446,Tawatha Agee
25447,Taxman
25448,Tay Iwar
25449,Tayara Andreza
25450,Tayc
25451,Taye Diggs
25452,Tayhana
25453,Taylor Ashton
25454,Taylor Bennett
25455,Taylor Kade
25456,Taylor Louderman
25457,Taylor Manns
25458,Taylor Swift
25459,Taylor Trensch
25460,Taylor Walcott
25461,Taylr Renee
25462,Tayo
25463,Tayo the Little Bus
25464,Tayrone
25465,Tayrone Cigano
25466,Taïro
25467,Tchakabum
25468,Tchami
25469,Tchoupi
25470,Tchê Garotos
25471,Teal Wicks
25472,Team Doyobi
25473,Team Shadetek
25474,Team Syachihoko
25475,Tears For Fears
25476,Teatro la Fenice Orchestra
25477,Tech N9ne
25478,Technical Itch
25479,Technikal
25480,Technikore
25481,Technimatic
25482,Technoboy
25483,Technomancer
25484,Technorocker
25485,Tecwyn Evans
25486,Ted Gärdestad
25487,Ted Neeley
25488,Teddy
25489,Teddy & The Tigers
25490,Teddy Beats
25491,Teddy Killerz
25492,Teddy Pendergrass
25493,Teddy Robin
25494,Teddy Swims
25495,Tedua
25496,Tedy
25497,TeeJay Arunachalam
25498,Teebee
25499,Teebone
25500,Teejay
25501,Teemu Roivainen
25502,Teen Idols
25503,Teen Suicide
25504,Teena Marie
25505,Teenage Bottlerocket
25506,Teenage Dads
25507,Teenage Fanclub
25508,Teenage Mutants
25509,Teenage Wrist
25510,Teeny Tiny Stevies
25511,Teeyah
25512,Tefa
25513,Teflon
25514,Teflon Sega
25515,Tegan and Sara
25516,Tegh
25517,Tegi Pannu
25518,Tego Calderón
25519,Tehillah Daniels
25520,Tehjeeb Hafi
25521,Teho
25522,Tehosekoitin
25523,Teide
25524,Teielte
25525,Tej Boodardekar
25526,Tejas R.H
25527,Tejas Shankar
25528,Tejaswini
25529,Teki Latex
25530,Tekir
25531,Tekno
25532,Telefon Tel Aviv
25533,Television Personalities
25534,Telomic
25535,Tempa T
25536,Temperance Lloyd
25537,Temple Of The Dog
25538,Templeboss
25539,Templo Sonoro
25540,Templo Soul
25541,Tempo Giusto
25542,Tems
25543,Ten City
25544,Ten Foot Pole
25545,Ten Years After
25546,Tena Hess
25547,Tenacious D
25548,Tency
25549,Tenebrax
25550,Tenille Arts
25551,Tenille Townes
25552,Tenma
25553,Tennessee Ernie Ford
25554,Tenno
25555,Tenor Fly
25556,Tension Prophecy
25557,Tensnake
25558,Tentasamba
25559,Tenth Avenue North
25560,Teodor Currentzis
25561,Teodoro & Sampaio
25562,Teoman
25563,Tep No
25564,Tepki
25565,Teqkoi
25566,Tequila Baby
25567,TerazMy
25568,Terence Blanchard
25569,Terence Lam
25570,Terence Siufay
25571,Teresa Berganza
25572,Teresa Cristina
25573,Teresa Lipowska
25574,Teresa Teng
25575,Terminator Dave
25576,Terno Rei
25577,Tero Koponen
25578,Terra
25579,Terranova
25580,Terravita
25581,Terrence Dixon
25582,Terrence Mann
25583,Terrence Parker
25584,Terrence Williams Jr
25585,Terrence Woods
25586,Terri Walker
25587,Terrian
25588,Terrie Kynd
25589,Terror Squad
25590,TerrorClown
25591,Terrorgruppe
25592,Terrorizer
25593,Terry Dexter
25594,Terry Ganzie
25595,Terry Hall
25596,Terry Jacks
25597,Terry Oldfield
25598,Terry Reid
25599,Terry Wright
25600,Tersivel
25601,Terveet Kädet
25602,Tery Bina
25603,Tess Parks
25604,Tessa
25605,Tessarose
25606,Testament
25607,Tetê Espíndola
25608,Teuterekordz
25609,Teuvo Oinas
25610,Tex Amos
25611,Tex Tex
25612,Texabilly Rockets
25613,Teyana Taylor
25614,Tez Cadey
25615,Tha Dogg Pound
25616,Tha J-SQUAD
25617,Tha Playah
25618,Tha RC Groove Project
25619,Tha Slay Gang
25620,Tha Suspect
25621,Tha Watcher
25622,Thad Fiscella
25623,Thaeme & Thiago
25624,Thaiane Seghetto
25625,Thaiboy Digital
25626,Thaikkudam Bridge
25627,Thais Oliveira
25628,Thakara
25629,Thalapathy Vijay
25630,Thales Lessa
25631,Thalia
25632,Thalia Havenstein
25633,Thalles Roberto
25634,Thalma De Freitas
25635,Thalstroem
25636,Tham Sway
25637,Thaman S
25638,Thamarai
25639,Thamburaan
25640,That Girl
25641,That Girl Lay Lay
25642,Thayne Jasperson
25643,Thays Calzavara
25644,The .357 STring Band
25645,The 1975
25646,The 20 Belows
25647,The 2012 London Cast of Sweeney Todd
25648,The 5.6.7.8's
25649,The 69 Eyes
25650,The 6ths
25651,The Abigails
25652,The Acacia Strain
25653,The Adams
25654,The Adventures of Duane & Brando
25655,The Afters
25656,The Agonist
25657,The Agony Scene
25658,The Aislers Set
25659,The Alarm
25660,The Alchemist
25661,The All-American Rejects
25662,The Almost
25663,The American Dollar
25664,The American Idiot Broadway Company
25665,The Amity Affliction
25666,The Analogs
25667,The Andrew Lloyd Webber Orchestra
25668,The Animals
25669,The Aquabats!
25670,The Archies
25671,The Architect
25672,The Arcturians
25673,The Ark
25674,The Arrivals
25675,The Arson Project
25676,The Astec Mystic
25677,The Atomic Bitchwax
25678,The Attire
25679,The Avalanches
25680,The Avener
25681,The Avett Brothers
25682,The B-52's
25683,The BREED
25684,The Baboons
25685,The Backseat Lovers
25686,The Backyardigans
25687,The Bad Kids
25688,The Bahama Soul Club
25689,The Bamboos
25690,The Band
25691,The Band CAMINO
25692,The Band Perry
25693,The Bangles
25694,The Bar-Kays
25695,The Barnshakers
25696,The Barracudas
25697,The Baseballs
25698,The Basement Boys
25699,The Bayton Fields
25700,The Beach Boys
25701,The Beanies
25702,The BeatKrusher
25703,The Beatles
25704,The Beatnuts
25705,The Beau Brummels
25706,The Beefs
25707,The Beholder
25708,The Bellamy Brothers
25709,The Beloved
25710,The Bennies
25711,The Berzerker
25712,The Bianca Story
25713,The Big Bopper
25714,The Big Hip
25715,The Birthday
25716,The Birthday Massacre
25717,The Black Angels
25718,The Black Crowes
25719,The Black Dahlia Murder
25720,The Black Dog
25721,The Black Ghosts
25722,The Black Keys
25723,The Black Moods
25724,The Black Skirts
25725,The Blasters
25726,The Blaze
25727,The Bloody Hollies
25728,The Blow Monkeys
25729,The Blue Caps
25730,The Blue Cats
25731,The Blue Stones
25732,The Bluebelles
25733,The Bluegrass Album Band
25734,The Bluegrass Cardinals
25735,The Blues Brothers
25736,The Bobbettes
25737,The Bobby Fuller Four
25738,The Bolshoi
25739,The Bombpops
25740,The Bones
25741,The Bongo Hop
25742,The Boo Devils
25743,The Boomtown Rats
25744,The Boppers
25745,The BossHoss
25746,The Bouncing Souls
25747,The Boxcars
25748,The Boys
25749,The Boys With The Perpetual Nervousness
25750,The Braindrillerz
25751,The Brainkiller
25752,The Breakfastaz
25753,The Brian Jonestown Massacre
25754,The Brian Setzer Orchestra
25755,The Bridge City Sinners
25756,The Briefs
25757,The Brobecks
25758,The Broken Circle Breakdown Bluegrass Band
25759,The Bronx
25760,The Brothers Cazimero
25761,The Brothers Comatose
25762,The Browning
25763,The Buckinghams
25764,The Budos Band
25765,The Buggles
25766,The Buttertones
25767,The Byrds
25768,The C90s
25769,The Cab
25770,The Cactus Channel
25771,The Cambridge Buskers
25772,The Cambridge Singers
25773,The Cameron Collective
25774,The Carburetors
25775,The Cardigans
25776,The Cars
25777,The Carter Family
25778,The Cascades
25779,The Cassandra Complex
25780,The Cat's Miaow
25781,The Cataracs
25782,The Celtic Tenors
25783,The Cemetary Girlz
25784,The Chain Gang Of 1974
25785,The Chainsmokers
25786,The Chameleons
25787,The Champs
25788,The Changcuters
25789,The Chats
25790,The Cheetah Girls
25791,The Chemical Brothers
25792,The Cher Show Ensemble
25793,The Chesterfield Kings
25794,The Chicks
25795,The Chiffons
25796,The Chipettes
25797,The Chisel
25798,The Choir Of The Flanders Opera
25799,The Choir Of Westminster Abbey
25800,The Circle Session Players
25801,The City of Prague Philharmonic Orchestra
25802,The Civil Wars
25803,The Clark Sisters
25804,The Clash
25805,The Coasters
25806,The Coconut Kids
25807,The Coffinshakers
25808,The Colourfield
25809,The Comet Is Coming
25810,The Coming Weak
25811,The Commanders
25812,The Communards
25813,The Companions
25814,The Congos
25815,The Connells
25816,The Contortionist
25817,The Cookies
25818,The Cooltrane Quartet
25819,The Copyrights
25820,The Corrs
25821,The Countdown Kids
25822,The Country Side Of Harmonica Sam
25823,The County Medical Examiners
25824,The Covers Duo
25825,The Cowboys
25826,The Cowsills
25827,The Cramps
25828,The Cranberries
25829,The Cratez
25830,The Creepshow
25831,The Crests
25832,The Crickets
25833,The Crystal Method
25834,The Crystals
25835,The Crüxshadows
25836,The Cult
25837,The Cure
25838,The Daily Bred
25839,The Daktaris
25840,The Damned
25841,The Dandy Warhols
25842,The Dap-Kings Horns
25843,The Darkness
25844,The Darkraver
25845,The Dave Brubeck Quartet
25846,The Day Everything Became Nothing
25847,The Dead Brothers
25848,The Dead Milkmen
25849,The Decemberists
25850,The Del Fuegos
25851,The Del McCoury Band
25852,The Del-Vikings
25853,The Deli
25854,The Delirians
25855,The Delta Bombers
25856,The Delta Rhythm Boys
25857,The Delta Riggs
25858,The Destination
25859,The Devil Makes Three
25860,The Devil Wears Prada
25861,The Diamonds
25862,The Dictators
25863,The Dillards
25864,The Dining Rooms
25865,The Dirt Daubers
25866,The Dirt Drifters
25867,The Disco Boys
25868,The Disney Afternoon Studio Chorus
25869,The Disruptive Collective
25870,The Doc Watson Family
25871,The Dollyrots
25872,The Donnas
25873,The Doobie Brothers
25874,The Doors
25875,The Dramatics
25876,The Dream Academy
25877,The Dream Syndicate
25878,The Dresden Dolls
25879,The Drifters
25880,The Dukes Of Stratosphear
25881,The Dust Brothers
25882,The Dwarf Chorus
25883,The Dynamics
25884,The Dø
25885,The Early November
25886,The Echelon Effect
25887,The Echo Park Project
25888,The Edge
25889,The Edge Band
25890,The Elements
25891,The Elgins
25892,The Emotions
25893,The Encounter
25894,The English Concert
25895,The English Concert Choir
25896,The Epoxies
25897,The Ergs!
25898,The Ethiopians
25899,The EverLove
25900,The Everly Brothers
25901,The Exies
25902,The Exploding Hearts
25903,The Exploited
25904,The FaNaTiX
25905,The Falcon
25906,The Fastback
25907,The Festy Boys
25908,The Fevers
25909,The Five Satins
25910,The Flaming Lips
25911,The Flamingos
25912,The Flatliners
25913,The Fleetwoods
25914,The Fleshtones
25915,The Flying Burrito Brothers
25916,The Foggy Mountain Boys
25917,The Fortunes
25918,The Foundations
25919,The Fratellis
25920,The Fray
25921,The Frights
25922,The Front Bottoms
25923,The Funkees
25924,The Fusion Project
25925,The Future Sound Of London
25926,The Fuzztones
25927,The Game
25928,The Ganja Kru
25929,The Gap Band
25930,The Gardener & The Tree
25931,The Gatherers
25932,The Gathering
25933,The George Kaplan Conspiracy
25934,The Ghalat Family
25935,The Ghastly Ones
25936,The Ghost Inside
25937,The Gibson Brothers
25938,The Girl Next Door
25939,The Gizmos
25940,The Gladiators
25941,The Glimmers
25942,The Glitch Mob
25943,The Go Getters
25944,The Go-Go's
25945,The Godfathers
25946,The Godfathers Of Deep House SA
25947,The Golden Age Quartet
25948,The Golden Army
25949,The Goo Goo Dolls
25950,The Good The Bad and The Zugly
25951,The Gooey Fish
25952,The Grascals
25953,The Great Old Ones
25954,The Great Western Alarm
25955,The Greatest Showman Ensemble
25956,The Green
25957,The Greencards
25958,The Greenhornes
25959,The Griswolds
25960,The Grogans
25961,The Growlers
25962,The Guess Who
25963,The Gun Club
25964,The HU
25965,The Hacker
25966,The Haines Strings Octet
25967,The Hampsters
25968,The Handsome Family
25969,The Happy Fits
25970,The Hard Aches
25971,The Harp and the Piano
25972,The Haunted
25973,The Head And The Heart
25974,The Heartbeats
25975,The Heavy
25976,The Heliocentrics
25977,The Herbaliser
25978,The Hertz
25979,The Hextalls
25980,The Hillbilly Moon Explosion
25981,The Him
25982,The Hit Crew Kids
25983,The Hit Parade
25984,The Hives
25985,The Hollies
25986,The Hollywood Studio Symphony
25987,The Holydrug Couple
25988,The Hose
25989,The Hub Caps
25990,The Hubert Long Choir
25991,The Human Beinz
25992,The Human League
25993,The Hush Sound
25994,The INC
25995,The Imbachi
25996,The Imposters
25997,The Infamous Stringdusters
25998,The Inheritance
25999,The Internet
26000,The Interrupters
26001,The Intruders
26002,The Iranian Orchestra For New Music
26003,The Isaacs
26004,The Isley Brothers
26005,The J. Geils Band
26006,The Jackson 5
26007,The Jacksons
26008,The Jam
26009,The Jamborees
26010,The James Hunter Six
26011,The Jansen
26012,The Japanese House
26013,The Jayhawks
26014,The Jeff Healey Band
26015,The Jerky Boys
26016,The Jesus and Mary Chain
26017,The Jimmy Castor Bunch
26018,The John Alldis Choir
26019,The Jon Spencer Blues Explosion
26020,The Jones Boys
26021,The Jones Girls
26022,The Jordanaires
26023,The Jud Conlon Chorus
26024,The Kentucky Colonels
26025,The Kevin Bennett
26026,The Keys
26027,The Kgb's
26028,The Kiboomers
26029,The Kid LAROI
26030,The Kidd
26031,The Kiddie Katz
26032,The Kill
26033,The Killers
26034,The Kills
26035,The King Khan & BBQ Show
26036,The King's Division Normandy Band
26037,The Kingsmen
26038,The Kinks
26039,The Klingonz
26040,The Klinik
26041,The Knack
26042,The Knife
26043,The Knocks
26044,The Kooks
26045,The Kovenant
26046,The LOX
26047,The Lancashire Hotpots
26048,The Landers
26049,The Last Ten Seconds of Life
26050,The Laurie Berkner Band
26051,The Lawrence Arms
26052,The Lay-Backs
26053,The Lazy Boyz
26054,The Learning Station
26055,The Leather Nun
26056,The Lemonheads
26057,The Libertines
26058,The Lightning Thief Company
26059,The Lil Smokies
26060,The Lillingtons
26061,The Limit
26062,The Lion City Boy
26063,The Little 'uns
26064,The Little Sunshine Kids
26065,The Little Willies
26066,The Local Train
26067,The London Opera Chorus
26068,The London Philharmonic Chorus
26069,The Lonely Heartstring Band
26070,The Lonely Island
26071,The Lonesome Trio
26072,The Lost Secret Door
26073,The Lost Shepherds
26074,The Louvin Brothers
26075,The Love Committee
26076,The Love Doctor
26077,The Love Unlimited Orchestra
26078,The Loved Ones
26079,The Lovin' Spoonful
26080,The Lumineers
26081,The Lyndhurst Orchestra
26082,The Maccabees
26083,The Machine
26084,The Maddox Brothers & Rose
26085,The Magician
26086,The Magnetic Fields
26087,The Magnificent Six
26088,The Maile Serenaders
26089,The Main Ingredient
26090,The Maine
26091,The Mamas & The Papas
26092,The Manges
26093,The Manhattans
26094,The Marcels
26095,The Marked Men
26096,The Martinez Brothers
26097,The Marías
26098,The Mash
26099,The Masked Pianoman
26100,The Masochist
26101,The Math Club
26102,The Mauskovic Dance Band
26103,The Mayries
26104,The Meatmen
26105,The Memories
26106,The Meow Meows
26107,The Meteors
26108,The Mighty Imperials
26109,The Mighty Mighty Bosstones
26110,The Millennial Club
26111,The Milwaukee Jewish Day School Choir
26112,The Minds Of 99
26113,The Minions
26114,The Miracles
26115,The Mission
26116,The Monkees
26117,The Monroe Brothers
26118,The Monteverdi Choir
26119,The Montreal Children's Workshop
26120,The Moody Blues
26121,The Moonglows
26122,The Motels
26123,The Mowgli's
26124,The Mr. T Experience
26125,The Muffs
26126,The Mustangs
26127,The Naked And The Dead
26128,The Nasty Boyz
26129,The National
26130,The Native
26131,The Neighbourhood
26132,The Nerves
26133,The New Birth
26134,The New Mastersounds
26135,The New Pornographers
26136,The New Seekers
26137,The New Symphony Orchestra Of London
26138,The Nightraver
26139,The Nightwriters
26140,The Nixons
26141,The Norwegian Soloists' Choir
26142,The Notorious B.I.G.
26143,The Nursery Rhymes Superstar
26144,The O'Jays
26145,The Oak Ridge Boys
26146,The Ocean Blue
26147,The Ocean Waves Sounds
26148,The Offspring
26149,The Oh Hellos
26150,The Olympics
26151,The Only Ones
26152,The Opposites
26153,The Orb
26154,The Orchids
26155,The Original Broadway Cast Of School Of Rock
26156,The Original Broadway Cast Of The Music Man
26157,The Original J.B.s
26158,The Orwells
26159,The Osborne Brothers
26160,The Other People Place
26161,The Outfield
26162,The Outside Agency
26163,The Outsiders
26164,The Palace Singers
26165,The Panasdalam
26166,The Paper Kites
26167,The Paragons
26168,The Party Cats
26169,The Partysquad
26170,The Pearlie Chorus
26171,The Peep Tempel
26172,The Perishers
26173,The Phantom Of The Opera 1986 Studio Orchestra
26174,The Phantoms
26175,The Pharaohs
26176,The Pharcyde
26177,The Phoenix Singers
26178,The Piano Lover
26179,The Pine Box Boys
26180,The Pinks
26181,The Pinnacle Gospel Choir
26182,The Pirouettes
26183,The Pitcher
26184,The Plan
26185,The Planet Smashers
26186,The Platin Tenors
26187,The Platters
26188,The Players
26189,The Playtones
26190,The Plimsouls
26191,The Plot In You
26192,The Po' Ramblin' Boys
26193,The Poets Of Rhythm
26194,The Pogues
26195,The Pointer Sisters
26196,The Polecats
26197,The Police
26198,The Polyversal Souls
26199,The Poppy Family
26200,The Posies
26201,The Potato Pirates
26202,The Power Station
26203,The Presets
26204,The Presidents Of The United States Of America
26205,The Pretty Things
26206,The Prodigy
26207,The Producers Ensemble
26208,The Product G&B
26209,The PropheC
26210,The Prophet
26211,The Prototypes
26212,The Psychedelic Furs
26213,The Psycho Realm
26214,The Qemists
26215,The Quantic Soul Orchestra
26216,The Queers
26217,The R3bels
26218,The Raconteurs
26219,The Rah Band
26220,The Railsplitters
26221,The Rain Library
26222,The Range
26223,The Rare Occasions
26224,The Rasmus
26225,The Ready Set
26226,The Real Thing
26227,The Reason Y
26228,The Rebelettes
26229,The Records
26230,The Red Album
26231,The Red Army Choir
26232,The Red Chord
26233,The Red Jumpsuit Apparatus
26234,The Red Pears
26235,The Reflectors
26236,The Renegades
26237,The Replacements
26238,The Rescues
26239,The Reverend Horton Heat
26240,The Revolutionaries
26241,The Rhythmaires
26242,The Rice Brothers
26243,The Rides
26244,The Right Hands
26245,The Righteous Brothers
26246,The Rigs
26247,The Riptides
26248,The Roaring Cadillacs
26249,The Rock
26250,The Rockabilly Rebels
26251,The Rockats
26252,The Rocky Horror Show Band (2000)
26253,The Rocky Horror Show Ensemble (2000)
26254,The Rogue Element
26255,The Rolling Stones
26256,The Romantics
26257,The Roots
26258,The Rose
26259,The Royal Concept
26260,The Rubber Knife Gang
26261,The Rubinoos
26262,The Run Around
26263,The Runaways
26264,The Saints
26265,The Sam Willows
26266,The Saxophones
26267,The Score
26268,The Scratch Perverts
26269,The Screaming Jets
26270,The Script
26271,The Secret Place
26272,The Seekers
26273,The Seige
26274,The Seldom Scene
26275,The Servant
26276,The Shacks
26277,The Shadowboxers
26278,The Shadows
26279,The Shaolin Afronauts
26280,The Shapeshifters
26281,The Sharks
26282,The Shins
26283,The Shirelles
26284,The Shires
26285,The Shivvers
26286,The Show Ponies
26287,The Sickest Squad
26288,The Singing Starlett
26289,The Singing Walrus
26290,The Sins Of Thy Beloved
26291,The Skatalites
26292,The Skints
26293,The Sklar Brothers
26294,The Skyliners
26295,The Slapbacks
26296,The Sleep Diaries
26297,The Sleep Helpers
26298,The Slingers
26299,The Small Things
26300,The Smashing Pumpkins
26301,The Smith Street Band
26302,The Smithereens
26303,The Smiths
26304,The Smoky Mountain Boys
26305,The Soft Boys
26306,The Softies
26307,The Sonics
26308,The Sorcerers
26309,The Soul Snatchers
26310,The Souljazz Orchestra
26311,The Sound Stylistics
26312,The Soundlovers
26313,The Soundtrack Of Our Lives
26314,The Spaceshits
26315,The Spencer Davis Group
26316,The Spencer Lee Band
26317,The Spill Canvas
26318,The Spinners
26319,The Spirit
26320,The Spits
26321,The Stanley Brothers
26322,The Staple Singers
26323,The Steel Wheels
26324,The Steeldrivers
26325,The Stickmen Project
26326,The Stolen Orchestra
26327,The Stone Canyon Band
26328,The Stooges
26329,The Stranglers
26330,The Streets
26331,The String Cheese Incident
26332,The Strings Of The Inkas
26333,The Strokes
26334,The Strumbellas
26335,The Struts
26336,The Strypes
26337,The Stunned Guys
26338,The Subways
26339,The Sueves
26340,The Sugarman 3
26341,The Summer Set
26342,The Supervillains
26343,The Supremes
26344,The Swellers
26345,The Swinging Blue Jeans
26346,The Symposium
26347,The Technicolors
26348,The Temptations
26349,The Ten Tenors
26350,The Tennessee Cut-Ups
26351,The Tenors
26352,The Terrys
26353,The Texas Tenors
26354,The Theorist
26355,The Thin Bloods
26356,The Third Bardo
26357,The Three Degrees
26358,The Thrillseekers
26359,The Ting Tings
26360,The Tiny Boppers
26361,The Toasters
26362,The Tony Danza Tapdance Extravaganza
26363,The Tough Alliance
26364,The Trammps
26365,The Trashmen
26366,The Travelin' McCourys
26367,The Troggs
26368,The Trojan Horse
26369,The Troops of Doom
26370,The Troubled Three
26371,The Turtles
26372,The Two Locks
26373,The Uglyz
26374,The Ultimate MC
26375,The Ultimate Seduction
26376,The Union Underground
26377,The Unknowns
26378,The Unthanks
26379,The Upbeats
26380,The Upsetters
26381,The Used
26382,The Vacant Lots
26383,The Vaccines
26384,The Vamps
26385,The Vandals
26386,The Vanguard Project
26387,The Vanns
26388,The Veer Union
26389,The Velvet Underground
26390,The Ventures
26391,The Verve
26392,The Verve Pipe
26393,The Viceroys
26394,The Victory Trio
26395,The Vines
26396,The Viper
26397,The Visionary
26398,The WRLDFMS Tony Williams
26399,The Wailers
26400,The Wailin' Jennys
26401,The Wake
26402,The Walker Brothers
26403,The Wallflowers
26404,The Walters
26405,The Wanted
26406,The Warning
26407,The Warriors
26408,The Way Down Wanderers
26409,The Waybacks
26410,The Weather Girls
26411,The Wedding Singer Ensemble
26412,The Weeknd
26413,The Weepies
26414,The West Coast Pop Art Experimental Band
26415,The Whiffs
26416,The Whispers
26417,The White Flames
26418,The White Stripes
26419,The Whitlams
26420,The Who
26421,The Widdler
26422,The Wiggles
26423,The Wilburn Brothers
26424,The Wild
26425,The Wild Party Ensemble
26426,The Wiseguys
26427,The Witcher
26428,The Wolfgang Press
26429,The Wombats
26430,The Wong Janice
26431,The Wood Brothers
26432,The Word Alive
26433,The Wraymen
26434,The Wrecks
26435,The Yellow Diary
26436,The YellowHeads
26437,The Young Fresh Fellows
26438,The Young Professionals
26439,The Zombies
26440,The dB's
26441,The xx
26442,The-Dream
26443,TheDoDo
26444,TheHxliday
26445,TheWickerTwinz
26446,Theatre Of Tragedy
26447,Theatres Des Vampires
26448,Thebosh
26449,Thee Commons
26450,Thee Oh Sees
26451,Thegust Mc's
26452,Theishter
26453,Thekensportlerz
26454,Thekentyp
26455,Thekidszn
26456,Thell Barrio
26457,Thelma Aoyama
26458,Thelma Houston
26459,Thelonious Monk
26460,Them
26461,Them&Us
26462,Theo Parrish
26463,Theo Rubia
26464,Theodis Ealey
26465,Theory of a Deadman
26466,Therapie TAXI
26467,There For Tomorrow
26468,Theresa Rex
26469,Therion
26470,Thermo
26471,These New South Whales
26472,Thetahealing
26473,Theø
26474,Thiago Aquino
26475,Thiago Brado
26476,Thiago Brava
26477,Thiago França
26478,Thiago Jhonathan (TJ)
26479,Thiago Martins
26480,Thiago Ramalho
26481,Thiago Soares
26482,Thiaguinho
26483,Thibaut García
26484,Thibaut Lenaerts
26485,Thierry
26486,Thievery Corporation
26487,Thila Laxshman
26488,Thin Lizzy
26489,Third Eye Blind
26490,Third Party
26491,Third Person
26492,Third World
26493,Thirteen
26494,Thirteen Senses
26495,Thirty Seconds To Mars
26496,ThirumaLi
26497,This Mortal Coil
26498,This Will Destroy You
26499,Thiyvya
26500,Thom Yorke
26501,Thomas & Friends
26502,Thomas Adès
26503,Thomas Anders
26504,Thomas Brandis
26505,Thomas Daniel
26506,Thomas Day
26507,Thomas Dolby
26508,Thomas Dunford
26509,Thomas Glenz
26510,Thomas Gold
26511,Thomas Goodbridge
26512,Thomas Hampson
26513,Thomas Harper
26514,Thomas Headon
26515,Thomas Heidenreich
26516,Thomas Jack
26517,Thomas Järvheden
26518,Thomas Karallus
26519,Thomas Laurent
26520,Thomas Lizzara
26521,Thomas Morgan
26522,Thomas Oliver
26523,Thomas Reid
26524,Thomas Rhett
26525,Thomas Sanders
26526,Thomas Schumacher
26527,Thomas Stenström
26528,Thomas Troelsen
26529,Thomas Trotter
26530,Thommy Davis
26531,Thompson & Lenoir
26532,Thompson Twins
26533,Thomson Andrews
26534,Thor Nishanlee
26535,Thorbjørn Harr
26536,Thoreau
26537,Thorleifs
26538,Thornhill
26539,Thorns
26540,Thorsten Flinck
26541,Thou
26542,Thoughtsfornow
26543,Thousand Foot Krutch
26544,Thr13tn
26545,Thrashout
26546,Three Days Grace
26547,Three Dog Night
26548,Three Drives On A Vinyl
26549,Three Four Trio
26550,Three Graces
26551,Three Tall Pines
26552,Threesixty Skatepunk
26553,Thrice
26554,Thrilla U
26555,Thriving Ivory
26556,Throttle
26557,Through The Eyes of the Dead
26558,Thudwiser
26559,Thug Life
26560,Thug Shells
26561,Thunder
26562,Thunder Storm
26563,Thundercat
26564,Thunderstorm
26565,Thunderstorm Sleep
26566,Thunderstorm Sound Bank
26567,Thunderstorms
26568,Thunderstorms HD
26569,Thurisaz
26570,Thy Art Is Murder
26571,Thy Light
26572,Thylacine
26573,Thyron
26574,Thåström
26575,Théo e Thiago
26576,Théophile Alexandre
26577,Ti K Ry
26578,Tiago Nacarato
26579,Tiago PZK
26580,Tiamat
26581,Tiana Major9
26582,Tiana Okoye
26583,Tianastacia
26584,Tiankris
26585,Tiara Thomas
26586,Tiasnow
26587,Ticon
26588,Tiee
26589,Tierra Adentro
26590,Tierra Santa
26591,Tierra Whack
26592,Tierry
26593,Tiers
26594,Tiffany Day
26595,Tiffany Owusu
26596,Tifita
26597,Tig Notaro
26598,Tiga
26599,Tiger Army
26600,Tiger Hu
26601,Tiger Movie
26602,Tiger Stripes
26603,Tiger Trap
26604,Tigerlily
26605,Tiggs Da Author
26606,Tiggy Tafari
26607,Tihuana
26608,Tiina
26609,Tijah
26610,Tijuana Panthers
26611,Tiken Jah Fakoly
26612,Tikkle Me
26613,Till Kahn
26614,Till Palmer
26615,Tilsen
26616,Tilt
26617,Tim Armstrong
26618,Tim Atlas
26619,Tim Berg
26620,Tim Beumers
26621,Tim Bowman Jr.
26622,Tim Buckley
26623,Tim Collins
26624,Tim Crooks
26625,Tim Curry
26626,Tim Deluxe
26627,Tim Green
26628,Tim Gunter
26629,Tim Halperin
26630,Tim Henson
26631,Tim Hutton
26632,Tim Klabunde
26633,Tim Love Lee
26634,Tim Lowe
26635,Tim Maia
26636,Tim McGraw
26637,Tim Minchin
26638,Tim O'Brien
26639,Tim Peters
26640,Tim Rogers
26641,Tim Story
26642,Tim Timebomb
26643,Tim Toupet
26644,Tim Vantol
26645,Tim Wheater
26646,Tim Wilson
26647,Tim Wittig
26648,Tim d'Aboville
26649,Tima Dee
26650,Timal
26651,Timaya
26652,Timbalada
26653,Timbaland
26654,Timbiriche
26655,Timbuktu
26656,"Time, The Valuator"
26657,Timecop1983
26658,Timeflies
26659,Times Of Grace
26660,Timewriter
26661,Timmies
26662,Timmo Niesner
26663,Timmy Trumpet
26664,Timo Erlenbruch
26665,Timo Maas
26666,Timo Rautiainen & Trio Niskalaukaus
26667,Timo Räisänen
26668,Timoneki
26669,Timothy Infinite
26670,Timothy Scott
26671,Timster
26672,Tin Ghosts
26673,Tina Charles
26674,Tina Dico
26675,Tina Frank
26676,Tina Guo
26677,Tina Marie DeLeone
26678,Tina Stachowiak
26679,Tina Turner
26680,Tinariwen
26681,Tinashe
26682,Tine Mydland
26683,Tineidae
26684,Tinie Tempah
26685,Tinlicker
26686,Tinoc
26687,Tinoco
26688,Tinsel Town Kids
26689,Tiny Elephant
26690,Tinyschool
26691,Tion Wayne
26692,Tipe-X
26693,Tiphaine Calvet
26694,Tipica 73
26695,Tippa Irie
26696,Tippu
26697,Tired Lion
26698,Tirso Duarte
26699,Tiscore
26700,Tish Hyman
26701,Tisoki
26702,Tita Lau
26703,Tita Merello
26704,Titiyo
26705,"Tito ""El Bambino"""
26706,Tito Allen
26707,Tito Gomez
26708,Tito Nieves
26709,Tito Puente
26710,Tito Rodriguez
26711,Tito Rojas
26712,Tito-T
26713,Titti
26714,Tittikakka
26715,Titus Williams
26716,Titus1
26717,Titãs
26718,Tiwa Savage
26719,Tiziano Magro
26720,Tião Carreiro & Paraíso
26721,Tião Carreiro & Pardinho
26722,Tiê
26723,Tiësto
26724,Tjuvjakt
26725,Tmsoft’s White Noise Sleep Sounds
26726,Tneek
26727,ToNick
26728,ToWonder
26729,Toadies
26730,Toaka
26731,Toastie Taylor
26732,Tobal Mj
26733,Tobee
26734,Tobey Rosen
26735,TobiMorrow
26736,Tobias Berntsson
26737,Tobtok
26738,Toby
26739,Toby Green
26740,Toby Heinz
26741,Toby Keith
26742,Toby Romeo
26743,Toby Rose
26744,Toby Tranter
26745,Toby Tyrol
26746,TobyMac
26747,Toca de Assis
26748,Toca do Vale
26749,Toca do Vale & Balanço do Forró
26750,Tochi Raina
26751,Todd Barry
26752,Todd Carey
26753,Todd Edwards
26754,Todd Glass
26755,Todd Phillips
26756,Todd Rundgren
26757,Todd Terry
26758,Toddler Fun Learning
26759,Toddler Tunes
26760,Todos Tus Muertos
26761,Todrick Hall
26762,Tofiq Quliyev
26763,Toft Willingham
26764,Together Pangea
26765,Toini & The Tomcats
26766,Tokimeki Sendenbu
26767,Tokischa
26768,Tokito Meneses
26769,Toko Miura
26770,Tokumei
26771,Tokyo DisneySea
26772,Tokyo Disneyland
26773,Tokyo Ghetto Pussy
26774,Tokyo Girls' Style
26775,Tokyo Machine
26776,Tokyo Philharmonic Chorus
26777,Tokyo Ska Paradise Orchestra
26778,Toledo
26779,Toledo Heights
26780,Tolga Akdoğan
26781,Tolga Mahmut
26782,Tolidos
26783,Toly Braun
26784,Tom & Jame
26785,Tom & Jerry
26786,Tom Ameen
26787,Tom Ashbrook
26788,Tom Auton
26789,Tom Bailey
26790,Tom Borijn
26791,Tom Brown
26792,Tom Brown and Joe Wong
26793,Tom Browne
26794,Tom Budin
26795,Tom Bugs
26796,Tom Cane
26797,Tom Cotter
26798,Tom Day
26799,Tom DeLonge
26800,Tom Eaton
26801,Tom Ferry
26802,Tom Ford
26803,Tom Gray
26804,Tom Grennan
26805,Tom Hangs
26806,Tom Hardy
26807,Tom Hengst
26808,Tom Jones
26809,Tom Juno
26810,Tom Kenny
26811,Tom Konway
26812,Tom Krause
26813,Tom Laws
26814,Tom Lord-Alge
26815,Tom Misch
26816,Tom Morello
26817,Tom Noah
26818,Tom Novy
26819,Tom Odell
26820,Tom Papa
26821,Tom Petty
26822,Tom Petty and the Heartbreakers
26823,Tom Real
26824,Tom Redwood
26825,Tom Rosenthal
26826,Tom Socket
26827,Tom Stormy Trio
26828,Tom Swoon
26829,Tom Tigo
26830,Tom Trago
26831,Tom Twers
26832,Tom Verstappen
26833,Tom Walker
26834,Tom Wax
26835,Tom Wopat
26836,Tom Zanetti
26837,Tom. G
26838,Tomas Andersson Wij
26839,Tomas Hilber
26840,Tomas Ledin
26841,Tomas Lee
26842,Tomaso Albinoni
26843,Tomato N' Pine
26844,Tomberlin
26845,Tomcraft
26846,Tomgang
26847,Tomie Kataoka
26848,Tomine Harket
26849,Tommee Profitt
26850,Tommy Amper
26851,Tommy Berre
26852,Tommy Bolin
26853,Tommy Boysen
26854,Tommy Cash
26855,Tommy Edwards
26856,Tommy Emmanuel
26857,Tommy Flanagan
26858,Tommy Genesis
26859,Tommy Ice
26860,Tommy James & The Shondells
26861,Tommy Keene
26862,Tommy Körberg
26863,Tommy Lee
26864,Tommy Lee Sparta
26865,Tommy Luske
26866,Tommy Nilsson
26867,Tommy Olivencia
26868,Tommy Olivencia y Su Orquesta
26869,Tommy Roe
26870,Tommy Ryman
26871,Tommy Tiernan
26872,Tommy Tip
26873,Tommy Torres
26874,Tommy Trash
26875,Tommy Vext
26876,Tommy Walker
26877,Tommy heavenly6
26878,Tommygunnz
26879,Tommyknocker
26880,Tomo
26881,Tomo Como Rey
26882,Tomorrow
26883,Tomotsugu Nakamura
26884,Tompi
26885,Tomppabeats
26886,Tomsize
26887,Tomás Maldonado
26888,Tomás Tróia
26889,Ton Carfi
26890,Tone Depth
26891,Tone Stith
26892,ToneNation
26893,Tonebox
26894,Tones On Tail
26895,Toneshifterz
26896,Toney Lee
26897,Tonggos Darurat
26898,Tonho Matéria
26899,Toni Braxton
26900,Toni Garrido
26901,Toni Halliday
26902,Toni Menguiano
26903,Tonic
26904,Tonico e Tinoco
26905,Toninho Geraes
26906,Toninho Horta
26907,Tonmoy Krypton
26908,Tonny Sabetta
26909,Tony Allen
26910,Tony Allen With Africa 70
26911,Tony Allysson
26912,Tony Anderson
26913,Tony Bennett
26914,Tony Booth
26915,Tony Boy
26916,Tony Dize
26917,Tony Esposito
26918,Tony Faline
26919,Tony Guerra & Forró Sacode
26920,Tony Igy
26921,Tony Jay
26922,Tony Joe White
26923,Tony Junior
26924,Tony Kakkar
26925,Tony Landa
26926,Tony Matterhorn
26927,Tony Molina
26928,Tony O'Connor
26929,Tony Quattro
26930,Tony Rebel
26931,Tony Rice
26932,Tony Rice Unit
26933,Tony Salmonelli
26934,Tony Trischka
26935,Tony Vega
26936,Tony Yayo
26937,Too $hort
26938,Too Far Gone
26939,Too Lamb
26940,Too Many T's
26941,Too Much Joy
26942,Tooltime
26943,Toosii
26944,Toots & The Maytals
26945,Toots Thielemans
26946,Top Cat
26947,Top Girls
26948,Top Secret Music
26949,Top of the Bus
26950,Topa
26951,Topher Ngo
26952,Topic
26953,Toploader
26954,Topo La Maskara
26955,Topsy Crettz
26956,Toque De Prima
26957,Toque no Altar
26958,Toquinho
26959,Torby Brand
26960,Tori Amos
26961,Tori Kelly
26962,Torine
26963,Toronto Is Broken
26964,Torren Foot
26965,Torrian Ball
26966,Torso
26967,Torsson
26968,Torsten Kanzler
26969,Tortoise
26970,Torture Squad
26971,Tory Lanez
26972,Tory Ross
26973,Tosca
26974,Toser One
26975,Toshi
26976,Toshi Sabri
26977,Toshihiro Tachibana
26978,Toshiko Fujita
26979,Total
26980,Total Fucking Destruction
26981,Total Jerks
26982,Total Science
26983,Totally Enormous Extinct Dinosaurs
26984,Totally Nothin
26985,Totalselfhatred
26986,Totenwache
26987,Totoy El Frio
26988,Totální nasazení
26989,Totó La Momposina
26990,Tough Love
26991,Toulouse
26992,Toumani Diabaté
26993,Tourist
26994,Tourneecast 2011
26995,Tourneecast 2012
26996,Touré Kunda
26997,Toutant
26998,Tove Lo
26999,Tove Styrke
27000,Tower of Rome
27001,Town Mountain
27002,Toxic D.N.A
27003,Toxic Holocaust
27004,Toya Brown
27005,Toyboy & Robin
27006,Toys That Kill
27007,Toño Lira
27008,Traap
27009,Trace Adkins
27010,Tracer
27011,Tracey Chattaway
27012,Tracey Thorn
27013,Tracie Thoms
27014,TrackGonEat
27015,Tracy Chapman
27016,Tracy Huang
27017,Tracy Lawrence
27018,Tracy Morgan
27019,Trad Arr
27020,Traditional
27021,Traffic
27022,Tragedis
27023,Tragedy 999
27024,Train
27025,Traitors
27026,Traitrs
27027,Trampa
27028,Trampled by Turtles
27029,Tranceball
27030,Tranquil Music Sounds of Nature
27031,Tranquility Piano
27032,"Transcontinental FM 104,7"
27033,Transmetal
27034,Trap Music Now
27035,Trap Them
27036,Trapical
27037,Trapical Minds
27038,Trapped Under Ice
27039,Trapt
27040,Traste Lindéns Kvintett
27041,Traumatize
27042,Traumer
27043,Traveling Wilburys
27044,Travis
27045,Travis Barker
27046,Travis Bretzer
27047,Travis Cottrell
27048,Travis Denning
27049,Travis Scott
27050,Travis Tritt
27051,Traxtorm Legends
27052,Tray Dee
27053,Tray Haggerty
27054,Traya
27055,Trazendo a Arca
27056,Trbl
27057,Tre Oh Fie
27058,Tream
27059,Trebol Clan
27060,Trella
27061,Trembling Blue Stars
27062,Tren Loco
27063,Tres Demented
27064,Tres Hermanas
27065,Trespassed
27066,Trevor Daniel
27067,Trevor Guthrie
27068,Trevor Hall
27069,Trevor Jones
27070,Trevor Pinnock
27071,Trevor Something
27072,Trevor Strnad
27073,Trey Hensley
27074,Triac
27075,Tribal Dance
27076,Tribal Rain
27077,Tribalistas
27078,Tribbs
27079,Tribe Society
27080,Tribulation
27081,Triciclo Circus Band
27082,Trick James
27083,Tricker
27084,Trickie Bonnie
27085,Tricky
27086,Triebwerk 3
27087,Trigga
27088,Trigober
27089,Trilha Sonora do Gueto
27090,Trille
27091,Trilucid
27092,Trimer
27093,Trinidad James
27094,Trinix
27095,Trio Alexandre
27096,Trio Ayacucho
27097,Trio Baffa-Berlingieri
27098,Trio Forrozão
27099,Trio Hugo Diaz
27100,Trio Nascimento
27101,Trio Nordestino
27102,Trio Parada Dura
27103,Trio Sabiá
27104,Trio Virgulino
27105,Trio de Ferro
27106,Triomphe
27107,Triple O
27108,TripleDose Production
27109,Triplo Max
27110,Tripmastaz
27111,Tripo
27112,Tripped
27113,Trippie Redd
27114,Tripswitch
27115,Triptykon
27116,Trisha Yearwood
27117,Trishit
27118,Trista Dollison
27119,Tristam
27120,Tristan
27121,Tristan Prettyman
27122,Tristen Longfellow
27123,Tritom
27124,Tritonal
27125,Tritonus Koret
27126,Trivax
27127,Trivecta
27128,Trivium
27129,Troglauer
27130,Trolley Snatcha
27131,Trolls
27132,Trombone Shorty
27133,Trond Teigen
27134,Tronic
27135,Tropical Bleyage
27136,Tropical Florida
27137,Tropkillaz
27138,Troublemakers
27139,Trout Steak Revival
27140,Troy Pierce
27141,TroyBoi
27142,Troye Sivan
27143,Truchło Strzygi
27144,Trudy and the Romance
27145,True Gabe
27146,Trueno
27147,Truesound Village
27148,Trumpeters of the Royal Military School of Music
27149,Truncate
27150,Trye
27151,Tryggve Malmberg
27152,Tryo
27153,Tsjuder
27154,Tsunami Bomb
27155,Tsunehiko Kamijyou
27156,Tsuyoshi Nagabuchi
27157,Tuantigabelas
27158,Tube & Berger
27159,Tubeway Army
27160,Tuccillo
27161,Tuck Everlasting Original Broadway Cast Ensemble
27162,Tuck Everlasting Original Broadway Company
27163,Tucka
27164,Tudor
27165,Tuhan
27166,Tujamo
27167,Tujiko Noriko
27168,Tulipa Ruiz
27169,Tullio Serafin
27170,Tullycraft
27171,Tulsi Kumar
27172,Tulus
27173,Tumbalín
27174,Tunacola
27175,Tunai
27176,Tuneboy
27177,Tunechikidd
27178,Tungas
27179,Tungevaag
27180,Tupelo Highshots
27181,Turbonegro
27182,Turhan James
27183,Turma da Pisadinha
27184,Turma do Pagode
27185,Turn.
27186,Turno
27187,Turnover
27188,Turquoise Palms
27189,Tushar Dutta
27190,Tutto Durán
27191,Tuxedo
27192,Tuyo
27193,Twan Ray
27194,Tweekacore
27195,Twenty One Pilots
27196,Twiddle
27197,Twin Peaks
27198,Twin Strings
27199,Twinkle Twinkle Little Rock Star
27200,Twinkz
27201,Twins
27202,Twista
27203,Twisted Individual
27204,Twisted Melodiez
27205,Twisted Pine
27206,Twisted Sister
27207,Two Another
27208,Two Feet
27209,Two Lone Swordsmen
27210,Two Shell
27211,Two Stacks
27212,Two Without Hats
27213,Two Year Vacation
27214,Two:22
27215,TwoWorldsApart
27216,Twolate
27217,TxTHEWAY
27218,Ty
27219,Ty Dolla $ign
27220,Tycho
27221,Tyga
27222,Tygapaw
27223,Tyler Braden
27224,Tyler Childers
27225,Tyler Cole
27226,Tyler Daley
27227,Tyler Durden
27228,Tyler Farr
27229,Tyler Fiore
27230,Tyler Graves
27231,Tyler Hubbard
27232,Tyler Rich
27233,Tyler Rowe
27234,Tyler Terrance
27235,Tyler Ward
27236,"Tyler, The Creator"
27237,Tymon Murray
27238,Tymoteusz Bies
27239,Tyomcha
27240,Type O Negative
27241,Type.Raw
27242,Tyra Banks
27243,Tyree
27244,Tyree Cooper
27245,Tyro
27246,Tyron Hapi
27247,Tyrone Wells
27248,Tyrävyö
27249,Tyson Sidhu
27250,Tz da Coronel
27251,Tzafu
27252,Tzar
27253,Tzeri
27254,Tá Na Mente
27255,Tássia Holsbach
27256,Téléphone
27257,Télépopmusik
27258,Tó Brandileone
27259,Tölzer Knabenchor
27260,Tři Sestry
27261,U-God
27262,U-Recken
27263,U-Roy
27264,U.D.O.
27265,U.T.G
27266,U137
27267,U96
27268,UB40
27269,UCLÃ
27270,UFO
27271,UM44K
27272,UMEK
27273,UMI
27274,UN-CUT
27275,UNB
27276,UNER
27277,UNICORN
27278,UNIONE
27279,UNISON SQUARE GARDEN
27280,UNKLE
27281,UNSECRET
27282,UOAK
27283,UPSAHL
27284,US Agroboy
27285,UVERworld
27286,UVIQUE
27287,UWE! - Der Kreisligatrainer
27288,UZI
27289,Uada
27290,Ubbah
27291,Uberzone
27292,Uday Mazumdar
27293,Udbhav
27294,Uddipan Sharma
27295,Udit Narayan
27296,Udo Dirkschneider
27297,Udo Eickelmann
27298,Ufo361
27299,Ufuk Beydemir
27300,Ugly Duck
27301,Ugly Kid Joe
27302,Ugly Valley Boys
27303,Ugo Borghetti
27304,Ugo Ludovico
27305,Ugo Maria Morosi
27306,Uhuru-Yenzu
27307,Ujjayinee
27308,Ujjwal Kashyap
27309,Uk Boga
27310,Ulla Hakola
27311,Ulli Essmann
27312,Ulterior Motive
27313,Ultimate Party Mixers
27314,Ultra Naté
27315,Ultrabeat
27316,Ultraboss
27317,Ultraje a Rigor
27318,Ultramen
27319,Ultrasonicas
27320,Ultravox
27321,Um Barril de Rap
27322,Umair
27323,Umakant Barik
27324,Umami
27325,Umberto Giordano
27326,Umberto Tozzi
27327,Umer Farooq
27328,Umitaro Abe
27329,Ummet Ozcan
27330,Umosia
27331,Umut Dogan
27332,Umut Kaya
27333,Umut Timur
27334,Una Bourne
27335,Unanimated
27336,Unantastbar
27337,Uncaged
27338,Uncle Devin
27339,Uncle Earl
27340,Uncle Kracker
27341,Uncle Sinner
27342,Unclenathannn
27343,Und3rsound
27344,Undeath
27345,Under This
27346,Underaiki
27347,Undercatt
27348,Underground Resistance
27349,Underoath
27350,Unders
27351,Underwater Deep Sleep White Noise Nature Ocean Sounds
27352,Underworld
27353,Unearth
27354,Unexist
27355,Unga Scener
27356,Ungfell
27357,Unglued
27358,Unha Pintada
27359,Unholy
27360,Unholy Grave
27361,Unifire
27362,Union
27363,UniqeCorn
27364,UnityTX
27365,Universal Frequency
27366,Universo
27367,Unkle Bob
27368,Unknown
27369,Unknown Artist
27370,Unknown Brain
27371,Unknown Mortal Orchestra
27372,Unknöwn Kun
27373,Unleash The Archers
27374,Unleashed
27375,Unlike Pluto
27376,Unlucky
27377,Unluv
27378,Unmensch
27379,Unnati Shah
27380,Unni Menon
27381,Unnikrishnan
27382,Unnormal
27383,Uno Svenningsson
27384,Unodavid
27385,Unproven
27386,Unresolved
27387,Unspoken Tradition
27388,Unstable
27389,Until Dawn
27390,Until I Wake
27391,Unwritten Skies
27392,"Up, Bustle & Out"
27393,Upchurch
27394,Upgrade
27395,Upgrade (UK)
27396,Uplink
27397,Upon A Burning Body
27398,Urban Cone
27399,Urban Rescue
27400,Urbandawn
27401,Urbanstep
27402,Urgehal
27403,Uriah Heep
27404,Urias
27405,Url
27406,Urszula
27407,Uru
27408,Us The Duo
27409,Usain Bolt
27410,Used
27411,Useless ID
27412,Usha Mangeshkar
27413,Usher
27414,Usman Kottakkal
27415,Usted Señalemelo
27416,Uta
27417,Utah Jazz
27418,Utha Likumahuwa
27419,Uttam Singh
27420,Uve Sad
27421,Uwe Kröger
27422,Uzair Jaswal
27423,V- Unit
27424,V-Osasto
27425,V. Selvaganesh
27426,V.M. Mahalingam
27427,V.V.Subramaniam
27428,V3K
27429,V72
27430,V8
27431,VAAAL
27432,VAL
27433,VAMERO
27434,VANDAL
27435,VARLEY
27436,VASSY
27437,VAX
27438,VAnh
27439,VEERUS
27440,VELHA GUARDA DA PORTELA
27441,VELIAL SQUAD
27442,VHOOR
27443,VIBIE
27444,VICKY SINGH
27445,VILLSHANA
27446,VINAI
27447,VINNE
27448,VIVID
27449,VIZE
27450,VKDKV
27451,VM Mahalingam
27452,VNV Nation
27453,VOLAC
27454,VOLB3X
27455,VOWWOW
27456,VRSTY
27457,VTORNIK
27458,VV Prassanna
27459,Vaal
27460,Vaboh
27461,Vacations
27462,Vacuum Cleaner White Noise
27463,Vader
27464,Vadim Kozin
27465,Vagabond
27466,Vagu Mazan
27467,Vagus
27468,Vai Mahina
27469,Vaibhav Bundhoo
27470,Vaibhav Malhotra
27471,Vaidhyan
27472,Vaikom Vijayalakshmi
27473,Vaishali
27474,Vaishali Samant
27475,Vajen van den Bosch
27476,Vajid Ali
27477,Vajra
27478,Val
27479,Vald
27480,Valdeci Aguiar
27481,Valdes
27482,Valen Hsu
27483,Valencia Torres
27484,Valentina Lisitsa
27485,Valentina Petrova
27486,Valentina Ponomaryova
27487,Valentina Romano
27488,Valentino Khan
27489,Valentín Elizalde
27490,Valera
27491,Valeria Lynch
27492,Valeria Vix
27493,Valerie Broussard
27494,Valerie Link
27495,Valerie Wright
27496,Valerio Castilla
27497,Valery Gergiev
27498,Valery Obodzinsky
27499,Valesca Mayssa
27500,Valido
27501,Valkyrja
27502,Vall
27503,Valley
27504,Valma Ruggieri
27505,Valntn
27506,Valonkantajat
27507,Valérie Beaumont
27508,Vampire Weekend
27509,Van Halen
27510,Van Morrison
27511,Van-Anh Nguyen
27512,Vance Joy
27513,Vancouver Sleep Clinic
27514,Vandal!sm
27515,Vandana Srinivasan
27516,Vandenberg
27517,Vander Lee
27518,Vandeta
27519,Vaneese Thomas
27520,Vanesa Martín
27521,Vanessa Bell Armstrong
27522,Vanessa Bling
27523,Vanessa Campagna
27524,Vanessa Carlton
27525,Vanessa Da Mata
27526,Vanessa Daou
27527,Vanessa Hudgens
27528,Vanessa Mai
27529,Vanessa Paradis
27530,Vanessa Townsell-Crisp
27531,Vanessa Valdez
27532,Vanessa Wagner
27533,Vanesse Thomas
27534,Vangeliez
27535,Vanguart
27536,Vania
27537,Vanic
27538,Vanilda Bordieri
27539,Vanilla Ace
27540,Vanilla Beach
27541,Vanilla Fudge
27542,Vanita
27543,Vanja Lind
27544,Vanna
27545,Vansire
27546,Vantroi
27547,Vanusa
27548,Vargas & Lagola
27549,Vargrav
27550,Varg²™
27551,Varials
27552,Varien
27553,Varinder Brar
27554,Various Artists
27555,Varun Dhawan
27556,Varun Grover
27557,Varun Sunil
27558,Vasantrao Deshpande
27559,Vasari Singers
27560,Vasco
27561,Vashti Bunyan
27562,Vasily Petrenko
27563,Vassar Clements
27564,Vassendgutane
27565,Vast
27566,Vasto
27567,Vasu Raina
27568,Vasuda Sharma
27569,Vasuki Vaibhav
27570,Vasundhara Das
27571,Vatsal Sanjay Joshi (Vatxl)
27572,Vaudou Game
27573,Vaundy
27574,Vavá
27575,Vayu
27576,Vazteria X
27577,Vašek Bláha
27578,Vector
27579,Vector Lovers
27580,Vector Seven
27581,Ved Sharma
27582,Vedavathi Prabhakar
27583,Vee
27584,Veegas
27585,Veela
27586,Veena Sahasrabuddhe
27587,Veer
27588,Vega
27589,Vegas (Brasil)
27590,Vegas (Brazil)
27591,Vegedream
27592,VeggieTales
27593,Veil Of Maya
27594,Veintiuno
27595,Velhas Virgens
27596,Velho
27597,Velmurugan
27598,Velpo Sonols
27599,Velvet Crush
27600,Velvet Revolver
27601,Vendredi
27602,Vendredi sur Mer
27603,Venemy
27604,Venetica
27605,Vengaboys
27606,Venice Baroque Orchestra
27607,Venom
27608,Venomous Concept
27609,Ventania
27610,Ventura
27611,Ventura Profana
27612,Venus
27613,Venz
27614,Vera
27615,Vera Loca
27616,Veracocha
27617,Vercetti CG
27618,Vereinigte Bühnen Wien
27619,Verge Collection
27620,Verjnuarmu
27621,Vermilia
27622,Vermin Womb
27623,Vermont (BR)
27624,Verna Felton
27625,Vernessa Mitchell
27626,Verney Pépin
27627,Vernon G Segaram
27628,Vernon Oxford
27629,Veronica
27630,Veronica Blacklace
27631,Veronica Jackson
27632,Veronica Maggio
27633,Veronica Ra'elle
27634,Veronica Simeoni
27635,Veronika Redd
27636,Versos Que Compomos Na Estrada
27637,Verter la lluvia
27638,Vertical Mode
27639,Vertical Worship
27640,Vertile
27641,Veruca Salt
27642,Verzache
27643,Verónica Decide Morrer
27644,Vesku Jokinen
27645,Vessel
27646,VetLove
27647,Vetusta Morla
27648,Veul Gère
27649,Vexxed
27650,Veys Colak
27651,Vianney
27652,Vibes Gong Productions
27653,Vibes Only
27654,Vibgyor
27655,Vibration
27656,Vibronics
27657,Vic Fuentes
27658,Vic Vem
27659,Vica
27660,Vicanes Jay
27661,Vicente Amigo
27662,Vicente Fernández
27663,Vicente Garcia
27664,Vicentico
27665,Vicentico Valdés
27666,Vicetone
27667,Vicho El Incorregible
27668,Vicka
27669,Vickeblanka
27670,Vickie Cherie
27671,Vicky
27672,Vicky Arlidge
27673,Vicky Chen
27674,Vicky Fee
27675,Vicky Leandros
27676,Victony
27677,Victor & Leo
27678,Victor AD
27679,Victor Cardenas
27680,Victor Crone
27681,Victor Démé
27682,Victor Furbacken
27683,Victor Gould
27684,Victor J Sefo
27685,Victor La Voz
27686,Victor Leksell
27687,Victor Marc
27688,Victor Mcguire
27689,Victor Meira
27690,Victor Merritt
27691,Victor Perry
27692,Victor Pradella
27693,Victor Rice
27694,Victor Ruiz
27695,Victor Valente
27696,Victor W. Hawks
27697,Victor Wong
27698,Victor von Halem
27699,Victoria Clark
27700,Victoria Di Raimondo
27701,Victoria Hamilton-Barritt
27702,Victoria Voss
27703,Victoria de los Ángeles
27704,Vida Reluz
27705,Vide
27706,Videoclub
27707,Vidhi Sharma
27708,Vidhu Prathap
27709,Vidya Shah
27710,Vidya Viswambaran
27711,Vidyasagar
27712,Viejas Locas
27713,Vienna State Opera Chorus
27714,Vienna Volksoper Orchestra
27715,Viernes Verde
27716,Vieux Farka Touré
27717,Vieze Jack
27718,Vigiland
27719,Vignesh Shivan
27720,Viikate
27721,Vijay
27722,Vijay & Sofia Zlatko
27723,Vijay Antony
27724,Vijay Baisil
27725,Vijay Prakash
27726,Vijay Yesudas
27727,Vijaynarain
27728,Vijin Cholakkal
27729,Viju Jeremiah Traven
27730,Vijy Aurs
27731,Vika Jigulina
27732,Vika Tsyganova
27733,Vikadakavi
27734,Viken Arman
27735,Vikingarna
27736,Vikram
27737,Vikram Montrose
27738,Vikthor
27739,Viktor Kvist
27740,Viktor Sheen
27741,Viktor Smirnov
27742,Viktoria Tolstoy
27743,Vilas Monnappa
27744,Vilayil Faseela
27745,Vilen
27746,Vili Langi
27747,Vilja Larjosto
27748,Village
27749,Village Cuts
27750,Village People
27751,Villain
27752,Villain of the Story
27753,Villem
27754,Vilões do Forró e Karkará
27755,VinDon
27756,Vinaita
27757,Vinaya
27758,Vince Freeman
27759,Vince Gill
27760,Vince Guaraldi
27761,Vince Guaraldi Trio
27762,Vincent
27763,Vincent Lee
27764,Vincent Niclo
27765,Vincent Ségal
27766,Vincent Wong
27767,Vincent de Moor
27768,Vincenzo Bellini
27769,Vincenzo Ciliberti
27770,Vincenzo Di Betta
27771,Vincy Chan
27772,Vindu
27773,Vineet Singh
27774,Vineeth Sreenivasan
27775,Vinesh
27776,Vinex
27777,Vini Vici
27778,Vinicius Zulato
27779,Vinitra
27780,Vinny Santa Fé
27781,Vinod Krishnan
27782,Vinod Rathod
27783,Vinsint
27784,Vinta
27785,Vintage Culture
27786,Vintersorg
27787,Vinícius de Moraes
27788,Vio
27789,Violent Femmes
27790,Violent Soho
27791,Violet Cold
27792,Violet Company
27793,Violet Soda
27794,Vipa Music
27795,Vipin Patwa
27796,Virg0h
27797,Virginia Astley
27798,Virginia Bocelli
27799,Virginia Lopez
27800,Virginia Mos
27801,Virginia To Vegas
27802,Virgo Four
27803,Virgoun
27804,Virgínia Rodrigues
27805,Virtual Riot
27806,Virtue In Vain
27807,Virus
27808,Virus J
27809,Virus Syndicate
27810,Visage
27811,Visages
27812,Vishal Casey
27813,Vishal Chandrashekhar
27814,Vishal Dadlani
27815,Vishal Khatri
27816,Vishal Mishra
27817,Vishal-Shekhar
27818,Vishnu Mohan Sithara
27819,Vishnu Vijay
27820,Vishnupriya Ravi
27821,Vishoko
27822,Vishwa Mohan Bhatt
27823,Vision Video
27824,Visions of Atlantis
27825,Vismay Patel
27826,Vista Versicle
27827,Vital Julian Frey
27828,Vitalic
27829,Vitaly Gray
27830,Vitaly Margulis
27831,Vithu Prabakar
27832,Viti Ruiz
27833,Vitin
27834,Vitinho
27835,Vitinho Ferrari
27836,Vitinho Imperador
27837,Vitor & Cadu
27838,Vitor Fernandes
27839,Vitor Isensee
27840,Vitor Kley
27841,Vitor Limma
27842,Vitor Munhoz
27843,Vitor Soltau
27844,Vitor e Luan
27845,Vitão
27846,Vitória Souza
27847,Viva La Panda
27848,Viva Music Publishing Inc.
27849,Viva Suecia
27850,Vivat
27851,Viveck Ji
27852,Vivek - Mervin
27853,Vivekanandan
27854,Vivi
27855,Vivian
27856,Vivian Chow
27857,Vivian Hsu
27858,Vivian Koo
27859,Vivian Lai
27860,Vivid Color
27861,Vix
27862,Vkdkv
27863,Vlad in Tears
27864,Vlade Kay
27865,Vladimir Ashkenazy
27866,Vladimir Fedoseyev
27867,Vladimir Horowitz
27868,Vladimir Ivanoff
27869,Vladimir Nechaev
27870,Vladimir Sirenko
27871,Vladimir Troshin
27872,Vluarr
27873,Vluestar
27874,Vo Williams
27875,Voces8
27876,Vodca
27877,Voicemail
27878,Voicians
27879,Voidax
27880,Voidnet
27881,Voilaaa
27882,Vol2Cat
27883,Volbeat
27884,Volcano
27885,Volcano On Mars
27886,Volkan Konak
27887,Volker Anderson
27888,Volkor X
27889,Vollka Putt
27890,Volo
27891,Voltage
27892,Volts Face
27893,Volumes
27894,Vomit Forth
27895,Vomitory
27896,Von Von Bon
27897,Vondkreistan
27898,Vonny
27899,Vonny & Clyde
27900,Vonné
27901,Voodoo Glow Skulls
27902,Vorsa
27903,Vou Zuar
27904,Vou pro Sereno
27905,Vowe
27906,Voz da Verdade
27907,Vreid
27908,Vrije Piraten
27909,Vrinda Shameek
27910,Vroni
27911,Vuelta Canela
27912,Vula Malinga
27913,Vulgaires Machins
27914,Vulgo FK
27915,Vulto
27916,Vulvodynia
27917,Vundabar
27918,Vwillz
27919,Vxnity
27920,VyOk
27921,Vybz Kartel
27922,Vypsana Fixa
27923,VÉRITÉ
27924,Véronique Jannot
27925,Víctor García
27926,Víctor Manuel
27927,Víctor Manuelle
27928,Víkingur Ólafsson
27929,Vómito Nuclear
27930,Vũ.
27931,W O L F C L U B
27932,W&W
27933,W. Darling
27934,W.M.L
27935,WAAX
27936,WADD
27937,WAIO
27938,WALK THE MOON
27939,WANDS
27940,WANIMA
27941,WARGASM (UK)
27942,WATEVA
27943,WATT
27944,WAVE.
27945,WC no Beat
27946,WE ARE FURY
27947,WEAVER
27948,WEDNESDAY CAMPANELLA
27949,WEISS
27950,WEKS
27951,WEY
27952,WHIPPED CREAM
27953,WHITENO1SE
27954,WHTKD
27955,WILDBWOYS
27956,WILDES
27957,WILL K
27958,WILLOW
27959,WINNER
27960,WLZN
27961,WMD
27962,WNDRLST
27963,WONFU
27964,WOODZ
27965,WORMONO
27966,WR OFICIAL
27967,WRATHE
27968,WSTRN
27969,WVLFPAKT
27970,WYN
27971,WYNNE
27972,WYS
27973,Waa Wei
27974,Wafi
27975,Wafia
27976,Wage War
27977,Waguinho
27978,Wahlberg
27979,Wahlstedt
27980,Wahu
27981,Wahuu
27982,Waitress Original Broadway Cast Ensemble
27983,Wajid
27984,Wakin Chau
27985,Wakyin
27986,Waldeck
27987,Waldemar Döling
27988,Waldir Azevedo
27989,Waldonys
27990,Wale
27991,Walk Off the Earth
27992,Walk:r
27993,Walker & Royce
27994,Walker Beach
27995,Walker Hayes
27996,Walkyria Santos
27997,Wall Hein
27998,Wallas Arrais
27999,Wallows
28000,Walls of Jericho
28001,Wally Lopez
28002,Walmir Alencar
28003,Walmoods
28004,Walshy Fire
28005,Walt Grizzly
28006,Walt's Piano
28007,Walt's Strings
28008,Walter Castro
28009,Walter Franco
28010,Walter Keiser
28011,Walter Klien
28012,Walter Laborde
28013,Walter Lochmann
28014,Walter Murphy
28015,Walter Phillips
28016,Walter Ríos
28017,Walter Weller
28018,Walter Wild
28019,Waltraud Meier
28020,Waltteri Torikka
28021,Wanda Jackson
28022,Wande Coal
28023,Wando
28024,Wandra Scott
28025,Wandsworth School Boys Choir
28026,Wanessa Camargo
28027,Wang Chung
28028,Wang Feng
28029,Wanja
28030,Wankelmut
28031,Wanting
28032,War Angel
28033,Warcry
28034,Ward Billeisen
28035,Warface
28036,Warfaze
28037,Warmoon Lord
28038,Warrant
28039,Warren
28040,Warren G
28041,Warren Smith
28042,Warrior Queen
28043,Warsaw Afrobeat Orchestra
28044,Washed Out
28045,Washington
28046,Washington Brasileiro
28047,Wasiu
28048,Wasted Glitter
28049,Wasted Penguinz
28050,Wasteland
28051,Wasting Program
28052,Wasuta
28053,Watain
28054,Watchhouse
28055,Water Sound Natural White Noise
28056,Water Sounds Music Universe
28057,Water Sounds Natural White Noise
28058,Water Soundscapes
28059,Waterfall Background
28060,Waterfall Sounds
28061,Waterparks
28062,Watkins Family Hour
28063,Watt White
28064,Wave Sounds For Sleep
28065,Waverider
28066,Waveum
28067,Wavey
28068,Wax
28069,Wax Motif
28070,Wax Tailor
28071,Way Out West
28072,WayV
28073,Waylon Jennings
28074,Wayne Gidden
28075,Wayne Gratz
28076,Wayne Jarrett
28077,Wayne Kirkpatrick
28078,Wayne Mack
28079,Wayne Paul
28080,Wayr
28081,Wazir Patar
28082,We Are Loud
28083,We Are Magonia
28084,We Are The Fallen
28085,We Butter The Bread With Butter
28086,We Came As Romans
28087,We The Heathens
28088,We The Kingdom
28089,We The Kings
28090,Weapon X
28091,Weathers
28092,Weaver
28093,Webb Pierce
28094,Webb Wilder
28095,Wednesday 13
28096,Wee Sing
28097,Weeekly
28098,Weekday
28099,Weekend Nachos
28100,Weeping Willows
28101,Weezer
28102,Wehbba
28103,WeiBird
28104,Weichafe
28105,Weird Genius
28106,Weisser Quiff
28107,Weißes Rauschen HD
28108,Weldingh
28109,Weliton O Gordinho
28110,Welsh National Opera Orchestra
28111,Welshly Arms
28112,Wen-Sinn Yang
28113,Wendell B
28114,Wenight
28115,Wentz
28116,Werner Ehrhardt
28117,Werner Eisbrenner
28118,Werner Herbers
28119,Werner Mittelbach
28120,Wes
28121,Wes Montgomery
28122,Wes Nelson
28123,Weska
28124,Weslei Santos
28125,Wesley Klein
28126,Wesley Safadão
28127,Wesley Sneijder
28128,Wesley Taylor
28129,Wesome
28130,West Australian Symphony Orchestra
28131,West Coast Lo-Fi
28132,West End Tricks
28133,West Thebarton
28134,West-Eastern Divan Orchestra
28135,Westbam/ML
28136,Westbound Train
28137,Westend
28138,Western Addiction
28139,Weston
28140,Weston Estate
28141,Westside Connection
28142,Wet Wet Wet
28143,Wett Brain
28144,Weval
28145,Weyes Blood
28146,Wganda Kenya
28147,Wh0
28148,Wha Gwaan Band
28149,Whalebone
28150,Whales
28151,Wham!
28152,What So Not
28153,What What
28154,Wheels on the Bus
28155,Wheelsmith
28156,When Chai Met Toast
28157,When In Rome
28158,Whethan
28159,While She Sleeps
28160,Whiney
28161,Whirr
28162,Whiskey Pete
28163,Whit K. Lee
28164,White Butterflies
28165,White Lion
28166,White Noise
28167,White Noise Appliances
28168,White Noise Babies
28169,White Noise Baby Sleep
28170,White Noise Baby Sleep Music
28171,White Noise For Baby Sleep
28172,White Noise Makers
28173,White Noise Meditation
28174,White Noise Nature Sounds Baby Sleep
28175,White Noise Relaxation
28176,White Noise Research
28177,White Noise Sleep Sounds
28178,White Noise Therapy
28179,White Noise Vacuum Cleaner
28180,White Noise for Absolute Sleep
28181,White Noise for Babies
28182,White Noise for Deeper Sleep
28183,White Noise for Newborns
28184,White Noise for Reading
28185,White Panda
28186,White Punk
28187,White Reaper
28188,White Ward
28189,White Zombie
28190,White! Noise
28191,Whitechapel
28192,Whitefield Brothers
28193,Whiteout
28194,Whiteroom
28195,Whitesnake
28196,Whitesquare
28197,Whitney Cummings
28198,Whitney Houston
28199,Whizzkid
28200,Who Knows
28201,Who Knows?
28202,WhoMadeWho
28203,Whoredom Rife
28204,Why Don't We
28205,WiDE AWAKE
28206,Wibke Komi
28207,Wicca Phase Springs Eternal
28208,Wichayanee Pearklin
28209,Wiegedood
28210,Wiener Mozart Ensemble
28211,Wiener Opernorchester
28212,Wiener Philharmoniker
28213,Wiener Symphoniker
28214,Wiener Sängerknaben
28215,WienerWunderAllerlei
28216,Wietske van Tongeren
28217,"Wietske van Tongeren, Schatten"
28218,"Wietske van Tongeren, Uwe Kröger"
28219,Wifisfuneral
28220,Wig Wam
28221,Wiktoria
28222,Wil Wagner
28223,Wilbur Soot
28224,Wild Cherry
28225,Wild Motherfuckers
28226,Wild Wax Combo
28227,Wildberry
28228,Wildlife Pettodene
28229,Wildstylez
28230,Wildways
28231,Wiley
28232,Wilfred Lau
28233,Wilhelm Kempff
28234,Wilian Nascimento
28235,Wilkinson
28236,Will Ackerman
28237,Will Anderson
28238,Will Carano
28239,Will Chase
28240,Will Church
28241,Will Clarke
28242,Will Connolly
28243,Will Hensel
28244,Will Humburg
28245,Will Joseph Cook
28246,Will Moore
28247,Will Pan
28248,Will Roland
28249,Will Salazar
28250,Will Smith
28251,Will Sparks
28252,Will Swenson
28253,WillMan
28254,Willegus
28255,Willemijn Verkaik
28256,Willi Boskovsky
28257,Willi Herren
28258,Willi Wedel
28259,William Beckett
28260,William Black
28261,William Cas
28262,William Chapman Nyaho
28263,William Christie
28264,William Clark Green
28265,William Conway
28266,William Ellwood
28267,William Fitzsimmons
28268,William Joseph
28269,William Luna
28270,William Matthews
28271,William Onyeabor
28272,William Orbit
28273,William Ryall
28274,William Singe
28275,William So
28276,William Walton
28277,Willie Barcena
28278,Willie Clayton
28279,Willie Colón
28280,Willie Gonzalez
28281,Willie Nelson
28282,Willie Rosario
28283,Willim
28284,Willo
28285,Willone
28286,WillsBife
28287,Willy Chirino
28288,Willy Garcia
28289,Willy Hofmann
28290,Willy Mattes
28291,Willy Van Florence
28292,Willy William
28293,Willyecho
28294,Wilmer X
28295,Wilmo Belisario
28296,"Wilson ""Saoko"" Manyoma"
28297,Wilson Jermaine Heredia
28298,Wilson Pickett
28299,Wilson Piravom
28300,Wilson Sideral
28301,Wilson Simonal
28302,Wily Frenzy
28303,Wim Hof
28304,Wim Mertens
28305,WindCrow
28306,Windir
28307,Winds of Plague
28308,Wine Lips
28309,Winifred Atwell
28310,Winnick
28311,Winnie Hsin
28312,Winnie Lau
28313,Wino
28314,Winona Oak
28315,Winston McCall
28316,Winterfylleth
28317,Winterise
28318,Wintersun
28319,Wira Nagara
28320,Wiser Noise
28321,Wishbone Ash
28322,Wisin
28323,Wisin & Yandel
28324,Wisp
28325,Witchery
28326,Witchtrap
28327,With Confidence
28328,Within Destruction
28329,Within Temptation
28330,Within The Ruins
28331,Witness the Existence
28332,Witold Rowicki
28333,Witt Lowry
28334,Wiwek
28335,Wiz Khalifa
28336,Wiz Ofuasia
28337,Wizard
28338,Wizard Sleeve
28339,Wizboyy
28340,Wizex
28341,Wizkid
28342,Wizo
28343,Wobble Baby Wobble Baby
28344,Woesum
28345,Wohnout
28346,Wojciech Brzezinski
28347,Wojciech Paszkowski
28348,Wolf Alice
28349,Wolff
28350,Wolfgang Amadeus Mozart
28351,Wolfgang Meyer
28352,Wolfgang Petry
28353,Wolfgang Snow
28354,Wolfgang Stert
28355,Wolfgang Ziegler
28356,Wolfmother
28357,Wolfram Christ
28358,Wolter Kroes
28359,Wolves Club
28360,Wolves In The Throne Room
28361,Womack & Womack
28362,Wonder
28363,Wong Kei Wah
28364,Wonstein
28365,Woo York
28366,Wood & Wire
28367,Wood Belly
28368,Woodbox Gang
28369,Woodlock
28370,Woods Of Ypres
28371,Wooli
28372,Worakls
28373,World Party
28374,World of Pleasure
28375,World's End Girlfriend
28376,Wormrot
28377,Wormwood
28378,Worst
28379,WowKidz
28380,Wrabel
28381,Wraith
28382,Wretch 32
28383,Wretched
28384,Wszyscy Byliśmy Harcerzami
28385,Wu Bai
28386,Wu-Tang Clan
28387,Wuki
28388,Wulf
28389,WurlD
28390,Wyatt Cenac
28391,Wyclef Jean
28392,Wynardtage
28393,Wynners
28394,Wänderlost
28395,Würzbuam
28396,X Ambassadors
28397,X JAPAN
28398,X-Models
28399,X-Pander
28400,X-RX
28401,X-Treme
28402,XACHIN
28403,XAELO
28404,XANAKIN SKYWOK
28405,XANDDY HARMONIA
28406,XANSEII.
28407,XCEPTION
28408,XERXES THE DARK
28409,XINCLAIR
28410,XIRA
28411,XIUMIN
28412,XL
28413,XM
28414,XO ELIZA
28415,XO Nomit
28416,XOV
28417,XRS
28418,XSIX
28419,XTC
28420,XTassi
28421,XXXTENTACION
28422,XYLØ
28423,Xad
28424,Xam651
28425,Xamã
28426,Xand
28427,Xand Avião
28428,Xanddy
28429,Xande De Pilares
28430,Xandl
28431,Xandria
28432,Xanthochroid
28433,Xaon
28434,Xaverius Love
28435,Xavi
28436,Xavi The Destroyer
28437,Xavier De Maistre
28438,Xavier Gold
28439,Xavier Ortando
28440,Xavier Rudd
28441,Xaviera Gold
28442,Xeinn
28443,Xenon
28444,Xess
28445,Xhensila
28446,XiJaro & Pitch
28447,Xian Zi
28448,Xillions
28449,Ximena Sariñana
28450,Xir
28451,Xis
28452,Xo Man
28453,Xoel López
28454,Xonia
28455,Xpansions
28456,Xtreeemit
28457,Xtreme Sound
28458,Xu Qiu Yi
28459,Xuefei Yang
28460,Xuitcasecity
28461,Xyclone
28462,Xzibit
28463,Y.V.E. 48
28464,Y2j
28465,YAIBA
28466,YANGYANG
28467,YBRE
28468,YEONJUN
28469,YERINMYWAY
28470,YFG Pave
28471,YG
28472,YK Kastro
28473,YL
28474,YMIR
28475,YNG Martyr
28476,YOASOBI
28477,YOG$
28478,YOOKiE
28479,YOSHIO
28480,YOSIE
28481,YOTO
28482,YOU
28483,YOU LOSE
28484,YOUNG AND BROKE
28485,YRRRE
28486,YSA
28487,YSB Tril
28488,YSÉE
28489,YUI
28490,YUKI
28491,YUNDI
28492,YUNGBLUD
28493,YUZU
28494,YVA
28495,Yabai T-Shirts Yasan
28496,Yabel
28497,Yabesh Thapa
28498,Yacht Money
28499,Yade Lauren
28500,Yael Meyer
28501,Yael Naim
28502,Yaga & Mackie
28503,Yago Oproprio
28504,Yagya
28505,Yahaira Plasencia
28506,Yahoo
28507,Yajaira
28508,Yaksta
28509,Yalena
28510,Yam Nor
28511,Yamal
28512,Yamal and George
28513,Yamazaru
28514,Yamba
28515,Yan Collazo
28516,Yan Oxygen
28517,Yandel
28518,Yanfourd
28519,Yang Qiyu
28520,Yang Wen Sinn
28521,Yanica Hristova
28522,Yaniss Odua
28523,Yann Tiersen
28524,Yanni
28525,Yannick Nézet-Séguin
28526,Yannis
28527,Yao Chen
28528,Yara Tchê
28529,Yarden
28530,Yarn
28531,Yasemin Mori
28532,Yash Chopra
28533,Yash Narvekar
28534,Yashal Shahid
28535,Yashita Sharma
28536,Yashraj
28537,Yasir Miy
28538,Yasmeen
28539,Yasmin Santos
28540,Yasper
28541,Yasser Desai
28542,Yasuharu Takanashi
28543,Yasume
28544,Yavahn
28545,Yavuz Çetin
28546,Yawning Portal
28547,Yayyoung
28548,Yazin Nizar
28549,Yazoo
28550,Yaşar
28551,Yaşar Güvenir
28552,Yaşar Kurt
28553,Yaşlı Amca
28554,Ycee
28555,Yeah Yeah Yeahs
28556,Years
28557,Years & Years
28558,Yeboyah
28559,Yedinci Ev
28560,Yeinomercy
28561,Yeis Sensura
28562,Yelawolf
28563,Yello
28564,Yellow Claw
28565,Yellowcard
28566,Yelo Molo
28567,Yelow
28568,Yelsid
28569,Yemi Alade
28570,Yemil
28571,Yeni Türkü
28572,Yera
28573,Yesenia Ayala
28574,Yevgeny Nesterenko
28575,Yevgeny Svetlanov
28576,Yewy
28577,Yiannis Kotsiras
28578,Yida Huang
28579,Yikii
28580,Yimino
28581,Ying Huang
28582,Ying-Shan Su
28583,Yiordano Ignacio
28584,Yiruma
28585,Yisa Yu
28586,Yiyo Sarante
28587,Yiğit Seferoğlu
28588,Ynairaly Simo
28589,Yngwie Malmsteen
28590,Yo Lee
28591,Yo Majesty
28592,Yo Speed
28593,Yo Trane
28594,Yo West
28595,Yo Yo Honey Singh
28596,Yo-Sea
28597,Yo-Yo Ma
28598,Yoe Mase
28599,Yoed Nir
28600,Yoel Lewis
28601,Yoelle
28602,Yoga
28603,Yoga Lin
28604,Yogesh Samsi
28605,Yogi B
28606,Yogi Sekar
28607,Yoh kamiyama
28608,Yohani
28609,Yoke Lore
28610,Yoko Duo
28611,Yoko Ono
28612,Yoko Takahashi
28613,Yolanda
28614,Yomo
28615,Yomo Toro
28616,Yonatan Awate
28617,Yonca Evcimik
28618,Yondani Butt
28619,Yonder Mountain String Band
28620,Yonderboi
28621,Yonny Atella
28622,Yonnyboii
28623,Yonse
28624,Yoon Mirae
28625,Yordy Ramiro
28626,York
28627,Yoshi & Razner
28628,Yoshihiro Koseki
28629,Yoshihisa Hirano
28630,Yoshiki
28631,Yoshio Ojima
28632,Yoshito Yasuhara
28633,Yosi Horikawa
28634,Yoski
28635,Yoste
28636,Yosui Inoue
28637,Yot Club
28638,Yoth Iria
28639,Yotto
28640,You Kikkawa
28641,You Man
28642,You Me At Six
28643,You Ya
28644,You'll Never Get to Heaven
28645,"You're a Good Man, Charlie Brown Ensemble (1999)"
28646,YouNotUs
28647,Young
28648,"Young ""D"""
28649,Young & Sick
28650,Young Buck
28651,Young Cister
28652,Young Dylan
28653,Young Earth Sauce
28654,Young Eiby
28655,Young Fathers
28656,Young Go
28657,Young Jae
28658,Young John
28659,Young Lex
28660,Young Lime
28661,Young Maker
28662,Young Miko
28663,Young Rebels
28664,Young Ruff
28665,Young Saab
28666,Young Star 6ixx
28667,Young Stunna
28668,Young Stunners
28669,Young Summer
28670,Young Tapz
28671,Young Thug
28672,Young the Giant
28673,Younha
28674,Youri
28675,Youth Code
28676,Youv Dee
28677,Yoyo Sham
28678,Yppah
28679,Ysabelle Cuevas
28680,Yu Hayami
28681,Yu Takahashi
28682,Yubik
28683,Yugo Kanno
28684,Yui Horie
28685,Yui Makino
28686,Yui Ogura
28687,Yuja Wang
28688,Yuji Kishi
28689,Yuji Mitsuya
28690,Yuji Tanaka
28691,Yukari Fujii
28692,Yuki Hayashi
28693,Yuki Kashiwagi
28694,Yuki Koyanagi
28695,Yuki Numata Resnick
28696,Yukie Nagai
28697,Yukiko Yamashita
28698,Yuko Ando
28699,Yuko Doi
28700,Yume Miru Adolescence
28701,Yumi Matsutoya
28702,Yun Head
28703,Yuna
28704,Yuna-X
28705,Yung Bae
28706,Yung Beef
28707,Yung Buda
28708,Yung Fate
28709,Yung Felix
28710,Yung Fusion
28711,Yung Gravy
28712,Yung Lean
28713,Yung Nugget
28714,Yung Ouzo
28715,Yung Petsi
28716,Yung Pinch
28717,Yung Raja
28718,Yung Tide
28719,Yung Trench
28720,Yunggoth✰
28721,Yunohoo
28722,Yuppycult
28723,Yura Yunita
28724,Yurel Echezarreta
28725,Yuri
28726,Yuri Buenaventura
28727,Yuri Costa
28728,Yuri Kane
28729,Yuri Lavrentiev Jazz Orchestra
28730,Yuri Lemes
28731,Yuri Morfessi
28732,Yuri Redicopa
28733,Yuri Temirkanov
28734,Yurika Kimura
28735,Yuriy Morfessi
28736,Yury Pressão
28737,Yusei
28738,Yusuf / Cat Stevens
28739,Yusuf Ekşioğlu
28740,Yusuf Mohammed
28741,Yutaka Oda
28742,Yutaka Sado
28743,Yutaka Yamada
28744,Yuu Miyashita
28745,Yuu Tajima
28746,Yuuki Ozaki
28747,Yuuri
28748,Yuva Rajkumar
28749,Yuvan Shankar Raja
28750,Yvan Cassar
28751,Yves Larock
28752,Yves V
28753,Yvngboi P
28754,Yvonne Loriod
28755,Yvonne Shelton
28756,Yvy
28757,Yxng Bane
28758,Yxngxr1
28759,Yzomandias
28760,Yüksek Sadakat
28761,Yüzyüzeyken Konuşuruz
28762,Yıldıray Gürgen
28763,Yıldız Tilbe
28764,Z Jocker
28765,Z-Chen
28766,Z.E.P
28767,Z.TAO
28768,Z.Z. Hill
28769,Z6b3r
28770,ZAAC
28771,ZABO
28772,ZANA
28773,ZAPEROKO La Resistencia Salsera del Callao
28774,ZAPOLYA
28775,ZAQ
28776,ZAYN
28777,ZEMBU
28778,ZEP
28779,ZHU
28780,ZICO
28781,ZIONN
28782,ZITH
28783,ZJ Chrome
28784,ZOH
28785,ZOHARA
28786,ZOID LAND
28787,ZONE
28788,ZOOKARADERU
28789,ZPU
28790,ZRobb
28791,ZSK
28792,ZUTOMAYO
28793,ZXX
28794,ZZ Top
28795,ZaZa
28796,Zac Aynsley
28797,Zac Efron
28798,Zac Samuel
28799,Zac Toms
28800,Zacari
28801,Zach Boucher
28802,Zach Bryan
28803,Zach Diamond
28804,Zach Hood
28805,Zach Vestnys
28806,Zachary Knowles
28807,Zack Evans
28808,Zack Knight
28809,Zack Martino
28810,Zack Tabudlo
28811,Zack The Lad
28812,Zack Vox
28813,Zack Zhu
28814,Zacke
28815,Zackey Force Funk
28816,Zaeden
28817,Zafrir
28818,Zahara
28819,Zaheera
28820,Zahrah S Khan
28821,Zahriya Zachary
28822,Zaider
28823,Zaini
28824,Zak Abel
28825,Zak Leever
28826,Zak Manley
28827,Zakes Bantwini
28828,Zakir Hussain
28829,Zakk Wylde
28830,Zakkum
28831,Zalo Reyes
28832,Zamba
28833,Zamdane
28834,Zamilska
28835,Zanger Kafke
28836,Zanon
28837,Zany
28838,Zapata El Fido
28839,Zapp
28840,Zara
28841,Zara Kershaw
28842,Zara Larsson
28843,Zara Zahrina
28844,Zarastruta
28845,Zarcort
28846,Zardonic
28847,Zareh Kan
28848,Zariya
28849,Zarobi
28850,Zashika Ijes EIRENE
28851,Zate
28852,Zatox
28853,Zaturno
28854,Zaunpfahl
28855,Zayde Wølf
28856,ZeZé Di Camargo
28857,Zealous
28858,Zeb Maessen
28859,Zebatin
28860,ZebrA OctobrA
28861,Zebulon
28862,Zebunissa Bangash
28863,Zeca Baleiro
28864,Zeca Bota Bom
28865,Zeca Pagodinho
28866,Zed Yun Pavarotti
28867,Zedd
28868,Zeds Dead
28869,Zee Avi
28870,Zeeba
28871,Zeee
28872,Zeki Müren
28873,Zelijah & Konola
28874,Zella Day
28875,Zem Audu
28876,Zen Atlas
28877,Zen Lewis
28878,Zen Music Garden
28879,Zen World
28880,Zen-G
28881,Zenab Fatimah Sultan
28882,Zendaya
28883,Zender Obama
28884,Zeni N
28885,Zenzile
28886,Zeph
28887,Zephyrtone
28888,Zerberuz
28889,Zerimar
28890,Zero 7
28891,Zero 9:36
28892,Zero Boys
28893,Zero G
28894,Zero T
28895,Zero-2
28896,Zeromancer
28897,Zerrin
28898,ZerØ
28899,Zespół Starling
28900,Zeus
28901,Zeus X Crona
28902,Zevia
28903,Zeynep Bastık
28904,Zezinho Aboiador
28905,Zezo
28906,Zezé Di Camargo & Luciano
28907,Zhang Bichen
28908,Zhang Qing Fang
28909,Zhang Yong Fu and Eric Chen
28910,Zhang Yu Sheng
28911,Zhang Zhen Yue
28912,Zhanna Bichevskaya
28913,Zhavia
28914,Zhenya Shevchenko
28915,Zhinu
28916,Zhoobin Askarieh
28917,Zhu Wang
28918,Ziak
28919,ZieZie
28920,Ziggy
28921,Zigma
28922,Zikai
28923,Zikar Sandhu
28924,Zikxo
28925,Zil Baii
28926,Zimbra
28927,Zimi
28928,Zimmer
28929,Zimmz
28930,Zinoleesky
28931,Zion
28932,Zion & Lennox
28933,Zion I
28934,Zitah
28935,Zius Lit
28936,Ziv Zaifman
28937,Zkr
28938,Zmeyev
28939,Zoda
28940,Zodiac Wave
28941,Zoe Clark
28942,Zoe Dee
28943,Zoe Gotusso
28944,Zoe Klinck
28945,Zoe Saldana
28946,Zoe Thorn
28947,Zoe Wees
28948,Zofia Nowakowska
28949,Zoheb Khan
28950,Zokush
28951,Zombie Girl
28952,Zombie Nation
28953,Zombina & The Skeletones
28954,Zomboy
28955,Zona Breakbeat DJ's
28956,Zooey Deschanel
28957,Zooey Wonder
28958,Zoot Woman
28959,Zoro L'Frérot
28960,Zorra
28961,Zot
28962,Zouzounia
28963,Zoya
28964,Zoé
28965,Zoë Johnston
28966,Zoë Kravitz
28967,Zpecial
28968,Zsuzsa Csonka
28969,Zsófia Boros
28970,Zubeen Garg
28971,Zubin Mehta
28972,Zubirkhan
28973,Zucchero
28974,Zuchobeni Tungoe
28975,Zuhal Olcay
28976,Zumbis Do Espaço
28977,Zuna
28978,Zuri
28979,Zuris
28980,Zushi
28981,Zuukou mayzie
28982,Zvlášňý škola
28983,Zwaargewicht
28984,Zwette
28985,Zyce
28986,Zyme
28987,Zyon
28988,Zyra
28989,Zyrtck
28990,Zé Bigode Orquestra
28991,Zé Cantor
28992,Zé Celso Martinez Corrêa
28993,Zé Felipe
28994,Zé Felipe & Miguel
28995,Zé Henrique & Gabriel
28996,Zé Ibarra
28997,Zé Keti
28998,Zé Neto & Cristiano
28999,Zé Ramalho
29000,Zé Ricardo
29001,Zé Ricardo & Thiago
29002,Zé Vaqueiro
29003,Zé Vaqueiro Estilizado
29004,Zélia Duncan
29005,Zøe
29006,Zülfü Livaneli
29007,Zürcher Kammerorchester
29008,[ K S R ]
29009,[:SITD:]
29010,[Alexandros]
29011,[bsd.u]
29012,a crowd of rebellion
29013,a-ha
29014,adam&steve
29015,admo
29016,aespa
29017,agrikulture
29018,al'Tyr
29019,aleemrk
29020,alva noto
29021,amazarashi
29022,amin
29023,anamē
29024,andhim
29025,andymori
29026,anifi
29027,anirap
29028,arai tasuku
29029,aren park
29030,artemis orion
29031,asmi
29032,aspidistrafly
29033,aswekeepsearching
29034,atlantis
29035,aus
29036,awakened souls
29037,awfultune
29038,ayaka
29039,ayokay
29040,b/t
29041,back number
29042,badmómzjay
29043,bbno$
29044,bby ivy
29045,bdrmm
29046,beabadoobee
29047,bearbare
29048,bekcha
29049,benny blanco
29050,benny lewis
29051,benny mayne
29052,beosound
29053,bird
29054,biskuwi
29055,blackbear
29056,blackbird
29057,bladecut
29058,blessthefall
29059,blink-182
29060,bloodsimple
29061,boom boom kid
29062,boppy af
29063,boy in skirt
29064,brTT
29065,braev
29066,brakence
29067,brb.
29068,buller
29069,burger/ink
29070,byblood
29071,bàwldy
29072,bôa
29073,bülow
29074,cacique'97
29075,cadode
29076,caleblrt
29077,carolesdaughter
29078,ccola
29079,cehryl
29080,chelly (EGOIST)
29081,chief.
29082,chloe moriondo
29083,chuala
29084,cinema staff
29085,clipping.
29086,coladrain
29087,coldrain
29088,conscience
29089,convolk
29090,crayonine
29091,creamy
29092,cryy
29093,cucu
29094,cxlt.
29095,cypherhound
29096,cøzybøy
29097,dBridge
29098,damnboy!
29099,dandelion hands
29100,dave the band
29101,david hugo
29102,deadmau5
29103,death's dynamic shroud
29104,defrag
29105,demxntia
29106,dhan
29107,dharkfunkh
29108,dhruv
29109,disrupt
29110,dj Shawny
29111,dj funk
29112,doVicente
29113,downstairs lantern
29114,downstreamdream
29115,dreissk
29116,dusty dexter
29117,dvsn
29118,dwsdmusic
29119,dy
29120,dyl dion
29121,e-Dancer
29122,eAeon
29123,eXterio
29124,eason and the duo band
29125,easy life
29126,edddi p
29127,eery
29128,eevee
29129,eill
29130,eli.
29131,emPawa Africa
29132,enzo dicarlo
29133,escape
29134,fawlin
29135,fenekot
29136,ferKKo
29137,filous
29138,fishbowl
29139,fishkid
29140,fknsyd
29141,flipturn
29142,flora cash
29143,flowanastasia
29144,flowtide
29145,fogdream
29146,for KING & COUNTRY
29147,forever grown
29148,frad
29149,framed
29150,frederic
29151,frek!
29152,fresh from the oven
29153,frumhere
29154,fun.
29155,gavn!
29156,gazzzy
29157,ggnoaa
29158,ginormous
29159,giovanni carozza
29160,girl in red
29161,glass beach
29162,gnachos
29163,gnash
29164,go!go!vanillas
29165,goddard.
29166,gosha
29167,grandson
29168,graves
29169,grentperez
29170,guardin
29171,guccihighwaters
29172,gyrofield
29173,halberd
29174,halca
29175,half•alive
29176,hatis noit
29177,hayve
29178,heroku
29179,hevel
29180,himood
29181,hiperkarma
29182,hitomi
29183,hope mona
29184,huglord
29185,iBringDaLULZ
29186,iKON
29187,iMarkkeyz
29188,iamalex
29189,iamjakehill
29190,iamsimon
29191,iann dior
29192,if found
29193,iio
29194,iiola
29195,iithe1st
29196,ikabodVEINS
29197,il:lo
29198,ill Nicky
29199,illusionize
29200,ilsey john
29201,ilyTOMMY
29202,imallryt
29203,imase
29204,inbetweenjobs
29205,indigo la End
29206,itssvd
29207,iwrestledabearonce
29208,iyla
29209,j'san
29210,j-hope
29211,jackLNDN
29212,jahmiel
29213,jassie z
29214,jayover
29215,jesvn
29216,jetsonmade
29217,jimmy Fernadez
29218,jk.antony
29219,joan
29220,johto
29221,jon-YAKITORY
29222,josh pan
29223,joysad
29224,joyvegas
29225,julie
29226,jxdn
29227,kSaya
29228,kahlooa station
29229,kai
29230,kaii
29231,kalley
29232,kamiyado
29233,kate gill
29234,kenshin kai
29235,keshi
29236,khai dreams
29237,kiLLa Laharl
29238,kidolitx
29239,kinshii
29240,kirstin
29241,kizaru
29242,kobasolo
29243,kopi
29244,krissy & ericka
29245,kurochuu.
29246,köttur
29247,la Chusma Inkonciente
29248,la Heidi
29249,lama
29250,le Shuuk
29251,lego
29252,levitation room
29253,lil aaron
29254,liliomsaal
29255,lityway
29256,lofi stu
29257,lofi.samurai
29258,lola dreams
29259,longlost
29260,loufre
29261,lovelytheband
29262,luca.
29263,lullaboy
29264,luvbyrd
29265,luvuto
29266,mHz
29267,maNga
29268,majiko
29269,major7th
29270,makko
29271,mantequilla
29272,marcos g
29273,mazie
29274,mazurka
29275,mc jhenny
29276,me7k
29277,meadowzz
29278,mehro
29279,meiyo
29280,mellowthemanic
29281,menores atos
29282,metoronori
29283,metyou
29284,meynus
29285,michael holliday
29286,mike.
29287,milet
29288,minnie rock
29289,miwa
29290,mizuki
29291,mj apanay
29292,mohit
29293,mol-74
29294,mommy
29295,mooncycles
29296,moow
29297,mor ve ötesi
29298,mossy.
29299,mxmtoon
29300,my little airport
29301,myst milano.
29302,nebulo
29303,negatiiv OG
29304,neguse.
29305,nekoi
29306,neon
29307,neverwaves
29308,nilöwh.
29309,nite sky
29310,nobody likes you pat
29311,nobodyknows+
29312,"nothing,nowhere."
29313,nowifi
29314,nøll
29315,o9
29316,obnoXIuz
29317,offrami
29318,ohGr
29319,omar1up
29320,omarr
29321,one sonic society
29322,pOverDose
29323,pan-tea
29324,paniyolo
29325,paris grey
29326,peach tinted
29327,per se
29328,phil Blech Wien
29329,phonon
29330,pilton
29331,polnalyubvi
29332,poofi.
29333,potsu
29334,pretence
29335,protoU
29336,prxz
29337,quiizzzmeow
29338,r. rayfelld
29339,rainy bear
29340,raspy
29341,rasya
29342,raynadayz
29343,really big mountains
29344,rec.memos
29345,rei brown
29346,remy
29347,renforshort
29348,robertvndres
29349,rody dünyada
29350,russhhhi
29351,rx Soul
29352,sad alex
29353,sadeyes
29354,sagun
29355,sakanaction
29356,salem ilese
29357,salute
29358,salvia palth
29359,sammy rash
29360,sasanomaly
29361,selfyy
29362,shYbeast
29363,shafi Eppikad
29364,sharks!
29365,shawn pink
29366,shirobeats
29367,shrub.beats
29368,shy martin
29369,sid tipton
29370,skantia
29371,skillstayla
29372,slater
29373,slchld
29374,sleep.ing
29375,slipmami
29376,slån
29377,small query
29378,softy
29379,somanshu
29380,sonolon
29381,sophie meiers
29382,sorrow
29383,sound butler
29384,sourja
29385,ssshhhiiittt!
29386,static breather
29387,suggi
29388,suis from Yorushika
29389,sumika
29390,sunkis
29391,supercell
29392,superkomfort
29393,surrenderdorothy
29394,swablu
29395,sweet ARMS
29396,syudou
29397,t-low
29398,tacica
29399,tamagopalette
29400,ten56.
29401,that dog.
29402,the Unbreakable
29403,the bootleg boy
29404,the peggies
29405,the quiet room
29406,the shes gone
29407,thuy
29408,tills chills
29409,toksi
29410,treamiboii
29411,trentemøller
29412,troialexis
29413,tstewart
29414,twocolors
29415,twoloud
29416,tyDi
29417,uChill
29418,uncles
29419,unkown t
29420,untrusted
29421,ushira
29422,v i v
29423,vaultboy
29424,vibe academy
29425,vict molina
29426,voXXclub
29427,wacci
29428,wander wildner
29429,wavcrush
29430,wave to earth
29431,wet by water
29432,whaledontsleep
29433,when in NY
29434,white noizz
29435,widerberg
29436,will.i.am
29437,willie johns
29438,wonder
29439,wrldofdunkin
29440,xJ-Will
29441,xxtristanxo
29442,yaeow
29443,yama
29444,yammir
29445,yanaginagi
29446,yetep
29447,yeule
29448,your friend polly
29449,yunusemre
29450,yutaka hirasaka
29451,´Goule
29452,µ-Ziq
29453,¿Téo?
29454,ÀTTØØXXÁ
29455,Ádila Mizrahy
29456,Álvaro De Luna
29457,Álvaro Del Castillo
29458,Álvaro Tito
29459,Ándrue
29460,Ángel Vargas
29461,Ángeles Del Infierno
29462,Árbol
29463,Âme
29464,Ân Nhi
29465,ÄTNA
29466,Äyanna
29467,Åsa Jinder
29468,Çağrı Sertel
29469,Çağrı Sinci
29470,Çilekeş
29471,Èlia Bastida
29472,É O Tchan
29473,ÉaBest
29474,Édith Piaf
29475,Élise Aucoin
29476,Émilie Rachel
29477,Érica Martins
29478,Étienne Daho
29479,Ícaro e Gilmar
29480,Ñejo
29481,Ñejo & Dalmata
29482,Ñengo Flow
29483,Ólafur Arnalds
29484,Órla Fallon
29485,ÖTENAZİ
29486,Ömer Balık
29487,Ömür Göksel
29488,Önder Şahin
29489,Örnen
29490,Östen Med Resten
29491,Östen Warnerbring
29492,Österreich
29493,Öwnboss
29494,Öykü Karayel
29495,Özdemir Erdoğan
29496,Özgün
29497,Özlem Özdil
29498,ØMI
29499,ØZI
29500,Øfdream
29501,Øien
29502,Øostil
29503,Üm
29504,Ümit Besen
29505,Üzeyir Hacibeyov
29506,İkiye On Kala
29507,İlhan İrem
29508,İmpala
29509,İnsan Mıyız
29510,İrem Candar
29511,İrem Derici
29512,İtaat
29513,İzel
29514,Şam
29515,Şanışer
29516,Şebnem Ferah
29517,Şehinşah
29518,Şekersiz
29519,Şençalar Kardeşler
29520,ŠKWOR
29521,Šankar I Džajkišen
29522,Štěpán Soukup
29523,μ's
29524,Автоспорт
29525,Автостопом по фазе сна
29526,Александр Добронравов
29527,Александр Морозов
29528,Александр Суптель
29529,Александр Цфасман
29530,Алина Атласова
29531,Алёша Димитриевич
29532,Анатолий Зыков
29533,Андрей Петров
29534,Андрей Славный
29535,Андрей Соколов
29536,"Ансамбль ""Джанг"""
29537,Ансамбль советской песни Всесоюзного радио
29538,Ансамбль ударных инструментов Марка Пекарского
29539,Аркадий Погодин
29540,БЦХ
29541,Большой детский хор Центрального телевидения и Всесоюзного радио
29542,Борис Кремотат
29543,Борис Мандрус
29544,Валентина Клепацкая
29545,Валентина Петрова
29546,Валерий Агафонов
29547,Валерий Ковтун
29548,Вероника Борисенко
29549,Виктор Лебедев
29550,Владимир Бунчиков
29551,Владимир Захаров
29552,Владимир Свешников
29553,Владимир Флоря
29554,Вокальное Трио
29555,Галина Карева
29556,Галина Романова (Лёля Белая) и группа Первомайка
29557,Где Фантом?
29558,Геннадий Мельников
29559,Геннадий Разуваев
29560,Георгий Квик
29561,Государственный Симфонический оркестр кинематографии
29562,"Группа ""Загадка"""
29563,Давид Ашкенази
29564,Двойной дуэт МаГрИгАл
29565,Детский хор Центрального Дома Культуры железнодорожников
29566,Джаз-аккордеон ансамбль п/у Ефима Розенфельда
29567,Дмитрий Харатьян
29568,Евгений Белоусов
29569,Евгений Выставкин
29570,Евгения Гороховская
29571,Ефим Нейд
29572,Ефрем Флакс
29573,Иван Петров
29574,Инструментальный ансамбль п/у Виктора Фридмана
29575,Инструментальный ансамбль п/у Юрия Силантьева
29576,Квинтет п/у Виктора Миронова
29577,Кето Джапаридзе
29578,Кипелов
29579,Колыбельная-земля
29580,Кэто Джапаридзе
29581,Лариса Авдеева
29582,Лариса Луста
29583,Лев Болдырев
29584,Леонид Кострица
29585,Максим Михайлов
29586,Марк Решетин
29587,Матвей Сахаров
29588,Михаил Вавич
29589,Михаил Лихачёв
29590,Михаил Минин
29591,Молодой Платон
29592,Надежда Обухова
29593,Николай Никитский
29594,Николай Рыбников
29595,Николай Тимченко
29596,Олег Басилашвили
29597,"Оркестр ""Беллаккорд"""
29598,Оркестр Большого театра
29599,Оркестр Ленинградского государственного академического театра оперы и балета им. С.М. Кирова
29600,Оркестр Ленинградского государственного мюзик-холла
29601,Оркестр Ленинградского института культуры
29602,Оркестр народных инструментов имени Василия Андреева
29603,Оркестр п/у Бориса Карамышева
29604,Оркестр п/у Вадима Людвиковского
29605,Оркестр штаба Ленинградского Военного округа
29606,Павел Михайлов
29607,Перемотка
29608,Роберт Бернс
29609,Российский Государственный симфонический оркестр кинематографии
29610,Самуил Маршак
29611,Светлана Тарасова
29612,Сергей Захаров
29613,Сергей Зыков
29614,Сергей Скрипка
29615,Симон Каган
29616,Симфонический Оркестр Московской Государственной Филармонии
29617,Соня Тимофеева
29618,Станислав Горковенко
29619,Стронгилла Иртлач
29620,Тамара Церетели
29621,Танго-ансамбль п/у Якова Хаскина
29622,Татьяна Комова
29623,Татьяна Никитина
29624,Театр Теней
29625,Ушко
29626,Эстрадно-симфонический оркестр Всесоюзного радио и Центрального телевидения
29627,Эстрадно-симфонический оркестр Ленинградского телевидения и радио имени Василия Соловьёва-Седого
29628,Юрий Мухин
29629,Юрий Силантьев
29630,Ярослав Сумишевский
29631,джаз-оркестр Александра Цфасмана
29632,хор Большого театра
29633,“Starlight Express” Original Cast
29634,≠ME
29635,☆Taku Takahashi
29636,✦ pink cig ✦
29637,『ユイカ』
29638,あれくん
29639,いとうかなこ
29640,えみい
29641,すぅ
29642,すとぷり
29643,たかはしほのか
29644,なとり
29645,はてな
29646,みゆな
29647,もさを。
29648,もっさ
29649,れん
29650,オレンジスパイニクラブ
29651,ケプラ
29652,サザンオールスターズ
29653,スカート
29654,スカートとPUNPEE
29655,スピラ・スピカ
29656,トライセラトップス
29657,ドリーミング
29658,ノースリーブス
29659,ノーマニ
29660,ハルカミライ
29661,ミドリーズ
29662,ヨルシカ
29663,ラックライフ
29664,ルサンチマン
29665,ロクデナシ
29666,ヴィヴィ(Vo.八木海莉)
29667,七穂
29668,中野家の五つ子
29669,二口魔菜 Futakuchi Mana
29670,于台煙
29671,亜咲花
29672,伊原六花
29673,伊藤美来
29674,佐々木恵梨
29675,佐藤芳明
29676,余劍明
29677,倫永亮
29678,優客李林
29679,冰球樂團
29680,劉嘉慧
29681,劉珺兒
29682,劉雅麗
29683,卓文萱
29684,吳林峰
29685,吳青峰
29686,告五人
29687,和ぬか
29688,唐貓 SUGARCAT
29689,單依純
29690,夜光性アミューズ
29691,大原ゆい子
29692,大橋三重唱
29693,大滝詠一
29694,姚蘇蓉
29695,守夜人
29696,安城鳴子（CV.戸松 遥）
29697,小畑貴裕
29698,小花
29699,小虎隊
29700,尤雅
29701,巫啟賢
29702,張偉文
29703,張德蘭
29704,張洪量
29705,張玉華
29706,張芸京
29707,彭家麗
29708,後藤邑子
29709,徐曉菁
29710,微光古樂集
29711,恐龍的皮
29712,散芬芳合唱團
29713,文章
29714,新青年理髮廳
29715,方季惟
29716,施文彬
29717,明日花綺羅
29718,曲奇
29719,曾路得
29720,木吉他
29721,本間芽衣子（CV.茅野愛衣）
29722,朱咪咪
29723,李凱馨
29724,李千那
29725,李浩瑋 Howard Lee
29726,李炳文
29727,李茂山
29728,李龍基
29729,松井玲奈
29730,林京燁
29731,林凡
29732,林嘉欣
29733,林姍姍
29734,林宇中
29735,林師傑
29736,林志炫
29737,林慧萍
29738,林曉峰
29739,林淑容
29740,林隆璇
29741,柳影虹
29742,桶狭間ありさ
29743,梁文福
29744,梁釗峰
29745,梶浦 由記
29746,楊培安
29747,楊宗憲
29748,楊芳儀
29749,櫻坂46
29750,沈文程
29751,沈雁
29752,渕上 舞
29753,湯寶如
29754,溫兆倫
29755,潘安邦
29756,照井順政
29757,物語シリーズ
29758,王利名
29759,王瑞霞
29760,理想混蛋
29761,理想混蛋 雞丁
29762,畠中 祐
29763,白銀御行(CV:古川慎)
29764,盧業瑂
29765,石丸由佳
29766,神崎エルザ
29767,秀蘭瑪雅
29768,羅賓
29769,美波
29770,翁倩玉
29771,老王樂隊
29772,胡66
29773,胡美儀
29774,艾薇
29775,花冷え。
29776,花譜
29777,茅原実里
29778,菲道尔
29779,葉佳修
29780,葉啟田
29781,葉巧琳
29782,葉玉卿
29783,蔡國權
29784,蔡楓華
29785,蔡秋鳳
29786,蔣志光
29787,蕭秉治
29788,藤原千花(CV:小原好美)
29789,藤川千愛
29790,虹のコンキスタドール
29791,蜷川紅
29792,袁小迪
29793,袁鳳瑛
29794,西卿
29795,許光漢
29796,許冠英
29797,許慧欣
29798,許景淳
29799,詹雅雯
29800,詹雯婷
29801,謝天華
29802,謝芊彤
29803,那英
29804,邰正宵
29805,邱芸子
29806,郭小霖
29807,郭炳堅
29808,郭金發
29809,鄭中基
29810,鄭進一
29811,采子
29812,野村義男Band
29813,金莎
29814,鈴木愛理
29815,鈴木鈴木
29816,錢嘉樂
29817,關彥淳
29818,阿吉仔
29819,阿波の踊り子
29820,阿涵
29821,陳中
29822,陳健安
29823,陳卓賢 Ian
29824,陳威全
29825,陳思安
29826,陳慧珊
29827,陳浩德
29828,陳潔玲
29829,陳百潭
29830,陳盈潔
29831,陳秀雯
29832,陳秋霞
29833,陳美玲
29834,陳艾玲
29835,陳芬蘭
29836,陳豪
29837,陶晶瑩
29838,霍尊
29839,静的 Static
29840,音樂磁場
29841,須田景凪
29842,颜慧萍
29843,風格童星組合
29844,高慧君
29845,高木さん(CV:高橋李依)
29846,高爾宣 OSN
29847,魏嘉瑩 Arrow Wei
29848,鮑比達
29849,鶴見知利子（CV.早見沙織）
29850,麗莎
29851,黃仲崑
29852,黃妃
29853,黃小琥
29854,黃德斌
29855,黃敏華
29856,黄霄雲
29857,齋藤摩羅衛門
29858,龍藏Ryuzo
